角色名,外文名,性别,立绘编号,文件名,文件链接,势力logo,出处,星级,内部编号,职业,分支,势力,出身地,上线时间,时装品牌,时装名
12F,12F,男性,1,立绘_12F_1.png,https://media.prts.wiki/6/61/%E7%AB%8B%E7%BB%98_12F_1.png,罗德岛,方舟干员,2,R303,术师,扩散术师,罗德岛,不明,2019-04-30,,
CONFESS-47,CONFESS-47,其他,1,立绘_CONFESS-47_1.png,https://media.prts.wiki/d/d0/%E7%AB%8B%E7%BB%98_CONFESS-47_1.png,拉特兰,方舟干员,1,LT47,先锋,尖兵,拉特兰,,2025-05-01,,
Friston-3,Friston-3,男性,1,立绘_Friston-3_1.png,https://media.prts.wiki/4/46/%E7%AB%8B%E7%BB%98_Friston-3_1.png,罗德岛,方舟干员,1,RCX5,重装,铁卫,罗德岛,,2023-05-22,,
Lancet-2,Lancet-2,女性,1,立绘_Lancet-2_1.png,https://media.prts.wiki/8/8e/%E7%AB%8B%E7%BB%98_Lancet-2_1.png,罗德岛,方舟干员,1,RCX2,医疗,医师,罗德岛,,2019-04-30,,
Miss.Christine,Miss.Christine,其他,1,立绘_Miss.Christine_1.png,https://media.prts.wiki/f/f0/%E7%AB%8B%E7%BB%98_Miss.Christine_1.png,维多利亚,方舟干员,5,MEOW,术师,本源术师,维多利亚,未知,2025-06-05,,
Miss.Christine,Miss.Christine,其他,2,立绘_Miss.Christine_2.png,https://media.prts.wiki/6/63/%E7%AB%8B%E7%BB%98_Miss.Christine_2.png,维多利亚,方舟干员,5,MEOW,术师,本源术师,维多利亚,未知,2025-06-05,,
Mon3tr,Mon3tr,女性,1,立绘_Mon3tr_1.png,https://media.prts.wiki/d/d7/%E7%AB%8B%E7%BB%98_Mon3tr_1.png,罗德岛,方舟干员,6,R003,医疗,链愈师,罗德岛,罗德岛,2025-04-07,,
Mon3tr,Mon3tr,女性,2,立绘_Mon3tr_2.png,https://media.prts.wiki/8/88/%E7%AB%8B%E7%BB%98_Mon3tr_2.png,罗德岛,方舟干员,6,R003,医疗,链愈师,罗德岛,罗德岛,2025-04-07,,
PhonoR-0,PhonoR-0,女性,1,立绘_PhonoR-0_1.png,https://media.prts.wiki/8/85/%E7%AB%8B%E7%BB%98_PhonoR-0_1.png,罗德岛,方舟干员,1,RCX6,辅助,巫役,罗德岛,,2024-05-01,,
PhonoR-0,PhonoR-0,女性,skin1,立绘_PhonoR-0_skin1.png,https://media.prts.wiki/2/2b/%E7%AB%8B%E7%BB%98_PhonoR-0_skin1.png,罗德岛,方舟干员,1,RCX6,辅助,巫役,罗德岛,,2024-05-01,斗争血脉,最初的颂歌
THRM-EX,Thermal-EX,男性,1,立绘_THRM-EX_1.png,https://media.prts.wiki/8/8a/%E7%AB%8B%E7%BB%98_THRM-EX_1.png,罗德岛,方舟干员,1,RCX4,特种,处决者,罗德岛,,2020-05-01,,
THRM-EX,Thermal-EX,男性,skin1,立绘_THRM-EX_skin1.png,https://media.prts.wiki/a/aa/%E7%AB%8B%E7%BB%98_THRM-EX_skin1.png,罗德岛,方舟干员,1,RCX4,特种,处决者,罗德岛,,2020-05-01,玛尔特,双料四分卫
U-Official,U-Official,女性,1,立绘_U-Official_1.png,https://media.prts.wiki/7/74/%E7%AB%8B%E7%BB%98_U-Official_1.png,罗德岛,方舟干员,1,U007,辅助,吟游者,罗德岛,未公开,2023-04-01,,
U-Official,U-Official,女性,skin1,立绘_U-Official_skin1.png,https://media.prts.wiki/3/39/%E7%AB%8B%E7%BB%98_U-Official_skin1.png,罗德岛,方舟干员,1,U007,辅助,吟游者,罗德岛,未公开,2023-04-01,合作款,云上直播间
W,W,女性,1,立绘_W_1.png,https://media.prts.wiki/4/44/%E7%AB%8B%E7%BB%98_W_1.png,巴别塔,方舟干员,6,B214,狙击,炮手,巴别塔,卡兹戴尔,2020-05-01,,
W,W,女性,2,立绘_W_2.png,https://media.prts.wiki/3/39/%E7%AB%8B%E7%BB%98_W_2.png,巴别塔,方舟干员,6,B214,狙击,炮手,巴别塔,卡兹戴尔,2020-05-01,,
W,W,女性,skin1,立绘_W_skin1.png,https://media.prts.wiki/a/a3/%E7%AB%8B%E7%BB%98_W_skin1.png,巴别塔,方舟干员,6,B214,狙击,炮手,巴别塔,卡兹戴尔,2020-05-01,时代,恍惚
万顷,Wanqing,男性,1,立绘_万顷_1.png,https://media.prts.wiki/7/76/%E7%AB%8B%E7%BB%98_%E4%B8%87%E9%A1%B7_1.png,炎,方舟干员,5,YD13,先锋,执旗手,炎,炎,2024-02-01,,
万顷,Wanqing,男性,2,立绘_万顷_2.png,https://media.prts.wiki/9/9e/%E7%AB%8B%E7%BB%98_%E4%B8%87%E9%A1%B7_2.png,炎,方舟干员,5,YD13,先锋,执旗手,炎,炎,2024-02-01,,
万顷,Wanqing,男性,skin1,立绘_万顷_skin1.png,https://media.prts.wiki/c/c6/%E7%AB%8B%E7%BB%98_%E4%B8%87%E9%A1%B7_skin1.png,炎,方舟干员,5,YD13,先锋,执旗手,炎,炎,2024-02-01,时代,万顷阳光
三角初华,Misumi Uika,女性,1,立绘_三角初华_1.png,https://media.prts.wiki/a/af/%E7%AB%8B%E7%BB%98_%E4%B8%89%E8%A7%92%E5%88%9D%E5%8D%8E_1.png,罗德岛,方舟干员,5,AM03,辅助,吟游者,Ave Mujica,未知,2025-09-04,,
三角初华,Misumi Uika,女性,2,立绘_三角初华_2.png,https://media.prts.wiki/1/1d/%E7%AB%8B%E7%BB%98_%E4%B8%89%E8%A7%92%E5%88%9D%E5%8D%8E_2.png,罗德岛,方舟干员,5,AM03,辅助,吟游者,Ave Mujica,未知,2025-09-04,,
三角初华,Misumi Uika,女性,skin1,立绘_三角初华_skin1.png,https://media.prts.wiki/5/5a/%E7%AB%8B%E7%BB%98_%E4%B8%89%E8%A7%92%E5%88%9D%E5%8D%8E_skin1.png,罗德岛,方舟干员,5,AM03,辅助,吟游者,Ave Mujica,未知,2025-09-04,合作款,笼中歌者
丰川祥子,Togawa Sakiko,女性,1,立绘_丰川祥子_1.png,https://media.prts.wiki/a/aa/%E7%AB%8B%E7%BB%98_%E4%B8%B0%E5%B7%9D%E7%A5%A5%E5%AD%90_1.png,罗德岛,方舟干员,6,AM01,近卫,领主,Ave Mujica,未知,2025-09-04,,
丰川祥子,Togawa Sakiko,女性,2,立绘_丰川祥子_2.png,https://media.prts.wiki/e/e1/%E7%AB%8B%E7%BB%98_%E4%B8%B0%E5%B7%9D%E7%A5%A5%E5%AD%90_2.png,罗德岛,方舟干员,6,AM01,近卫,领主,Ave Mujica,未知,2025-09-04,,
丰川祥子,Togawa Sakiko,女性,skin1,立绘_丰川祥子_skin1.png,https://media.prts.wiki/f/f4/%E7%AB%8B%E7%BB%98_%E4%B8%B0%E5%B7%9D%E7%A5%A5%E5%AD%90_skin1.png,罗德岛,方舟干员,6,AM01,近卫,领主,Ave Mujica,未知,2025-09-04,合作款,旋律的主人
临光,Nearl,女性,1,立绘_临光_1.png,https://media.prts.wiki/e/e4/%E7%AB%8B%E7%BB%98_%E4%B8%B4%E5%85%89_1.png,使徒,方舟干员,5,FO02,重装,守护者,使徒,卡西米尔,2019-04-30,,
临光,Nearl,女性,2,立绘_临光_2.png,https://media.prts.wiki/5/5f/%E7%AB%8B%E7%BB%98_%E4%B8%B4%E5%85%89_2.png,使徒,方舟干员,5,FO02,重装,守护者,使徒,卡西米尔,2019-04-30,,
临光,Nearl,女性,skin1,立绘_临光_skin1.png,https://media.prts.wiki/8/82/%E7%AB%8B%E7%BB%98_%E4%B8%B4%E5%85%89_skin1.png,使徒,方舟干员,5,FO02,重装,守护者,使徒,卡西米尔,2019-04-30,珊瑚海岸,灿阳朝露 SD01
乌啾,Укусик,女性,1,立绘_乌啾_1.png,https://media.prts.wiki/9/90/%E7%AB%8B%E7%BB%98_%E4%B9%8C%E5%95%BE_1.png,乌萨斯,方舟干员,5,US39,医疗,链愈师,乌萨斯,乌萨斯,2026-04-07,,
乌啾,Укусик,女性,2,立绘_乌啾_2.png,https://media.prts.wiki/7/7e/%E7%AB%8B%E7%BB%98_%E4%B9%8C%E5%95%BE_2.png,乌萨斯,方舟干员,5,US39,医疗,链愈师,乌萨斯,乌萨斯,2026-04-07,,
乌尔比安,Ulpianus,男性,1,立绘_乌尔比安_1.png,https://media.prts.wiki/1/11/%E7%AB%8B%E7%BB%98_%E4%B9%8C%E5%B0%94%E6%AF%94%E5%AE%89_1.png,深海猎人,方舟干员,6,AA00,近卫,重剑手,深海猎人,阿戈尔,2024-06-05,,
乌尔比安,Ulpianus,男性,2,立绘_乌尔比安_2.png,https://media.prts.wiki/e/e7/%E7%AB%8B%E7%BB%98_%E4%B9%8C%E5%B0%94%E6%AF%94%E5%AE%89_2.png,深海猎人,方舟干员,6,AA00,近卫,重剑手,深海猎人,阿戈尔,2024-06-05,,
乌尔比安,Ulpianus,男性,skin1,立绘_乌尔比安_skin1.png,https://media.prts.wiki/8/88/%E7%AB%8B%E7%BB%98_%E4%B9%8C%E5%B0%94%E6%AF%94%E5%AE%89_skin1.png,深海猎人,方舟干员,6,AA00,近卫,重剑手,深海猎人,阿戈尔,2024-06-05,时代,注目深渊
乌有,Mr.Nothing,男性,1,立绘_乌有_1.png,https://media.prts.wiki/b/bb/%E7%AB%8B%E7%BB%98_%E4%B9%8C%E6%9C%89_1.png,炎,方舟干员,5,YD11,特种,行商,炎,炎,2021-02-05,,
乌有,Mr.Nothing,男性,2,立绘_乌有_2.png,https://media.prts.wiki/6/68/%E7%AB%8B%E7%BB%98_%E4%B9%8C%E6%9C%89_2.png,炎,方舟干员,5,YD11,特种,行商,炎,炎,2021-02-05,,
乌有,Mr.Nothing,男性,skin1,立绘_乌有_skin1.png,https://media.prts.wiki/2/2f/%E7%AB%8B%E7%BB%98_%E4%B9%8C%E6%9C%89_skin1.png,炎,方舟干员,5,YD11,特种,行商,炎,炎,2021-02-05,0011™制造,冷山月
九色鹿,Nine-Colored Deer,女性,1,立绘_九色鹿_1.png,https://media.prts.wiki/5/5e/%E7%AB%8B%E7%BB%98_%E4%B9%9D%E8%89%B2%E9%B9%BF_1.png,炎,方舟干员,5,YD09,辅助,护佑者,炎,炎,2022-01-10,,
九色鹿,Nine-Colored Deer,女性,2,立绘_九色鹿_2.png,https://media.prts.wiki/b/b6/%E7%AB%8B%E7%BB%98_%E4%B9%9D%E8%89%B2%E9%B9%BF_2.png,炎,方舟干员,5,YD09,辅助,护佑者,炎,炎,2022-01-10,,
九色鹿,Nine-Colored Deer,女性,skin1,立绘_九色鹿_skin1.png,https://media.prts.wiki/2/24/%E7%AB%8B%E7%BB%98_%E4%B9%9D%E8%89%B2%E9%B9%BF_skin1.png,炎,方舟干员,5,YD09,辅助,护佑者,炎,炎,2022-01-10,合作款,古往今来的月
云迹,Contrail,女性,1,立绘_云迹_1.png,https://media.prts.wiki/c/ca/%E7%AB%8B%E7%BB%98_%E4%BA%91%E8%BF%B9_1.png,哥伦比亚,方舟干员,4,CB33,特种,巡空者,哥伦比亚,哥伦比亚,2024-11-01,,
云迹,Contrail,女性,2,立绘_云迹_2.png,https://media.prts.wiki/f/fd/%E7%AB%8B%E7%BB%98_%E4%BA%91%E8%BF%B9_2.png,哥伦比亚,方舟干员,4,CB33,特种,巡空者,哥伦比亚,哥伦比亚,2024-11-01,,
亚叶,Folinic,女性,1,立绘_亚叶_1.png,https://media.prts.wiki/5/5f/%E7%AB%8B%E7%BB%98_%E4%BA%9A%E5%8F%B6_1.png,罗德岛,方舟干员,5,R133,医疗,医师,罗德岛,乌萨斯,2020-07-09,,
亚叶,Folinic,女性,2,立绘_亚叶_2.png,https://media.prts.wiki/a/a7/%E7%AB%8B%E7%BB%98_%E4%BA%9A%E5%8F%B6_2.png,罗德岛,方舟干员,5,R133,医疗,医师,罗德岛,乌萨斯,2020-07-09,,
亚叶,Folinic,女性,skin1,立绘_亚叶_skin1.png,https://media.prts.wiki/3/32/%E7%AB%8B%E7%BB%98_%E4%BA%9A%E5%8F%B6_skin1.png,罗德岛,方舟干员,5,R133,医疗,医师,罗德岛,乌萨斯,2020-07-09,生命之地,残葛
仇白,Qiubai,女性,1,立绘_仇白_1.png,https://media.prts.wiki/6/60/%E7%AB%8B%E7%BB%98_%E4%BB%87%E7%99%BD_1.png,炎,方舟干员,6,YD20,近卫,领主,炎,炎,2023-02-14,,
仇白,Qiubai,女性,2,立绘_仇白_2.png,https://media.prts.wiki/4/4e/%E7%AB%8B%E7%BB%98_%E4%BB%87%E7%99%BD_2.png,炎,方舟干员,6,YD20,近卫,领主,炎,炎,2023-02-14,,
仇白,Qiubai,女性,skin1,立绘_仇白_skin1.png,https://media.prts.wiki/d/d8/%E7%AB%8B%E7%BB%98_%E4%BB%87%E7%99%BD_skin1.png,炎,方舟干员,6,YD20,近卫,领主,炎,炎,2023-02-14,合作款,霜林醉
仇白,Qiubai,女性,skin2,立绘_仇白_skin2.png,https://media.prts.wiki/7/77/%E7%AB%8B%E7%BB%98_%E4%BB%87%E7%99%BD_skin2.png,炎,方舟干员,6,YD20,近卫,领主,炎,炎,2023-02-14,时代,礼遇
令,Ling,女性,1,立绘_令_1.png,https://media.prts.wiki/d/df/%E7%AB%8B%E7%BB%98_%E4%BB%A4_1.png,炎-岁,方舟干员,6,NM03,辅助,召唤师,炎-岁,炎,2022-01-25,,
令,Ling,女性,2,立绘_令_2.png,https://media.prts.wiki/a/a3/%E7%AB%8B%E7%BB%98_%E4%BB%A4_2.png,炎-岁,方舟干员,6,NM03,辅助,召唤师,炎-岁,炎,2022-01-25,,
令,Ling,女性,skin1,立绘_令_skin1.png,https://media.prts.wiki/5/5e/%E7%AB%8B%E7%BB%98_%E4%BB%A4_skin1.png,炎-岁,方舟干员,6,NM03,辅助,召唤师,炎-岁,炎,2022-01-25,0011™制造,濯缨
令,Ling,女性,skin2,立绘_令_skin2.png,https://media.prts.wiki/7/70/%E7%AB%8B%E7%BB%98_%E4%BB%A4_skin2.png,炎-岁,方舟干员,6,NM03,辅助,召唤师,炎-岁,炎,2022-01-25,合作款,崖高梦远
令,Ling,女性,skin3,立绘_令_skin3.png,https://media.prts.wiki/e/e5/%E7%AB%8B%E7%BB%98_%E4%BB%A4_skin3.png,炎-岁,方舟干员,6,NM03,辅助,召唤师,炎-岁,炎,2022-01-25,0011™制造,方遒卷
伊内丝,Ines,女性,1,立绘_伊内丝_1.png,https://media.prts.wiki/0/07/%E7%AB%8B%E7%BB%98_%E4%BC%8A%E5%86%85%E4%B8%9D_1.png,巴别塔,方舟干员,6,B215,先锋,情报官,巴别塔,卡兹戴尔,2023-04-06,,
伊内丝,Ines,女性,2,立绘_伊内丝_2.png,https://media.prts.wiki/3/35/%E7%AB%8B%E7%BB%98_%E4%BC%8A%E5%86%85%E4%B8%9D_2.png,巴别塔,方舟干员,6,B215,先锋,情报官,巴别塔,卡兹戴尔,2023-04-06,,
伊内丝,Ines,女性,skin1,立绘_伊内丝_skin1.png,https://media.prts.wiki/2/2c/%E7%AB%8B%E7%BB%98_%E4%BC%8A%E5%86%85%E4%B8%9D_skin1.png,巴别塔,方舟干员,6,B215,先锋,情报官,巴别塔,卡兹戴尔,2023-04-06,斗争血脉,燃烧天穹下
伊内丝,Ines,女性,skin2,立绘_伊内丝_skin2.png,https://media.prts.wiki/8/84/%E7%AB%8B%E7%BB%98_%E4%BC%8A%E5%86%85%E4%B8%9D_skin2.png,巴别塔,方舟干员,6,B215,先锋,情报官,巴别塔,卡兹戴尔,2023-04-06,音律联觉,蝶舞华章
伊桑,Ethan,男性,1,立绘_伊桑_1.png,https://media.prts.wiki/e/e0/%E7%AB%8B%E7%BB%98_%E4%BC%8A%E6%A1%91_1.png,罗德岛,方舟干员,4,R130,特种,伏击客,罗德岛,未公开,2019-11-01,,
伊桑,Ethan,男性,2,立绘_伊桑_2.png,https://media.prts.wiki/b/b6/%E7%AB%8B%E7%BB%98_%E4%BC%8A%E6%A1%91_2.png,罗德岛,方舟干员,4,R130,特种,伏击客,罗德岛,未公开,2019-11-01,,
伊桑,Ethan,男性,skin1,立绘_伊桑_skin1.png,https://media.prts.wiki/e/ec/%E7%AB%8B%E7%BB%98_%E4%BC%8A%E6%A1%91_skin1.png,罗德岛,方舟干员,4,R130,特种,伏击客,罗德岛,未公开,2019-11-01,时代,渗透
伊芙利特,Ifrit,女性,1,立绘_伊芙利特_1.png,https://media.prts.wiki/5/53/%E7%AB%8B%E7%BB%98_%E4%BC%8A%E8%8A%99%E5%88%A9%E7%89%B9_1.png,莱茵生命,方舟干员,6,RL03,术师,轰击术师,莱茵生命,未公开,2019-04-30,,
伊芙利特,Ifrit,女性,2,立绘_伊芙利特_2.png,https://media.prts.wiki/f/f2/%E7%AB%8B%E7%BB%98_%E4%BC%8A%E8%8A%99%E5%88%A9%E7%89%B9_2.png,莱茵生命,方舟干员,6,RL03,术师,轰击术师,莱茵生命,未公开,2019-04-30,,
伊芙利特,Ifrit,女性,skin1,立绘_伊芙利特_skin1.png,https://media.prts.wiki/3/3d/%E7%AB%8B%E7%BB%98_%E4%BC%8A%E8%8A%99%E5%88%A9%E7%89%B9_skin1.png,莱茵生命,方舟干员,6,RL03,术师,轰击术师,莱茵生命,未公开,2019-04-30,珊瑚海岸,日晒 SS.SP
伊芙利特,Ifrit,女性,skin2,立绘_伊芙利特_skin2.png,https://media.prts.wiki/0/06/%E7%AB%8B%E7%BB%98_%E4%BC%8A%E8%8A%99%E5%88%A9%E7%89%B9_skin2.png,莱茵生命,方舟干员,6,RL03,术师,轰击术师,莱茵生命,未公开,2019-04-30,合作款,儿童派对
伊芙利特,Ifrit,女性,skin3,立绘_伊芙利特_skin3.png,https://media.prts.wiki/7/77/%E7%AB%8B%E7%BB%98_%E4%BC%8A%E8%8A%99%E5%88%A9%E7%89%B9_skin3.png,莱茵生命,方舟干员,6,RL03,术师,轰击术师,莱茵生命,未公开,2019-04-30,合作款,轻松旅途
休谟斯,Humus,男性,1,立绘_休谟斯_1.png,https://media.prts.wiki/2/29/%E7%AB%8B%E7%BB%98_%E4%BC%91%E8%B0%9F%E6%96%AF_1.png,罗德岛,方舟干员,4,R171,近卫,收割者,罗德岛,哥伦比亚,2023-04-06,,
休谟斯,Humus,男性,2,立绘_休谟斯_2.png,https://media.prts.wiki/7/7f/%E7%AB%8B%E7%BB%98_%E4%BC%91%E8%B0%9F%E6%96%AF_2.png,罗德岛,方舟干员,4,R171,近卫,收割者,罗德岛,哥伦比亚,2023-04-06,,
休谟斯,Humus,男性,skin1,立绘_休谟斯_skin1.png,https://media.prts.wiki/f/f3/%E7%AB%8B%E7%BB%98_%E4%BC%91%E8%B0%9F%E6%96%AF_skin1.png,罗德岛,方舟干员,4,R171,近卫,收割者,罗德岛,哥伦比亚,2023-04-06,玛尔特,烈阳街景
伯塔尼,Ботани,女性,1,立绘_伯塔尼_1.png,https://media.prts.wiki/3/3b/%E7%AB%8B%E7%BB%98_%E4%BC%AF%E5%A1%94%E5%B0%BC_1.png,乌萨斯,方舟干员,5,US40,辅助,巫役,乌萨斯,乌萨斯,2026-04-07,,
伯塔尼,Ботани,女性,2,立绘_伯塔尼_2.png,https://media.prts.wiki/b/b3/%E7%AB%8B%E7%BB%98_%E4%BC%AF%E5%A1%94%E5%B0%BC_2.png,乌萨斯,方舟干员,5,US40,辅助,巫役,乌萨斯,乌萨斯,2026-04-07,,
伺夜,Vigil,男性,1,立绘_伺夜_1.png,https://media.prts.wiki/f/f1/%E7%AB%8B%E7%BB%98_%E4%BC%BA%E5%A4%9C_1.png,叙拉古,方舟干员,6,SR36,先锋,战术家,叙拉古,叙拉古,2022-11-01,,
伺夜,Vigil,男性,2,立绘_伺夜_2.png,https://media.prts.wiki/b/b5/%E7%AB%8B%E7%BB%98_%E4%BC%BA%E5%A4%9C_2.png,叙拉古,方舟干员,6,SR36,先锋,战术家,叙拉古,叙拉古,2022-11-01,,
伺夜,Vigil,男性,skin1,立绘_伺夜_skin1.png,https://media.prts.wiki/8/8a/%E7%AB%8B%E7%BB%98_%E4%BC%BA%E5%A4%9C_skin1.png,叙拉古,方舟干员,6,SR36,先锋,战术家,叙拉古,叙拉古,2022-11-01,时代,叙拉古的彼面
但书,Proviso,女性,1,立绘_但书_1.png,https://media.prts.wiki/c/c1/%E7%AB%8B%E7%BB%98_%E4%BD%86%E4%B9%A6_1.png,卡西米尔,方舟干员,5,KZ10,辅助,凝滞师,卡西米尔,卡西米尔,2022-09-08,,
但书,Proviso,女性,2,立绘_但书_2.png,https://media.prts.wiki/7/78/%E7%AB%8B%E7%BB%98_%E4%BD%86%E4%B9%A6_2.png,卡西米尔,方舟干员,5,KZ10,辅助,凝滞师,卡西米尔,卡西米尔,2022-09-08,,
但书,Proviso,女性,skin1,立绘_但书_skin1.png,https://media.prts.wiki/4/44/%E7%AB%8B%E7%BB%98_%E4%BD%86%E4%B9%A6_skin1.png,卡西米尔,方舟干员,5,KZ10,辅助,凝滞师,卡西米尔,卡西米尔,2022-09-08,生命之地,秋高气爽
但书,Proviso,女性,skin2,立绘_但书_skin2.png,https://media.prts.wiki/c/cb/%E7%AB%8B%E7%BB%98_%E4%BD%86%E4%B9%A6_skin2.png,卡西米尔,方舟干员,5,KZ10,辅助,凝滞师,卡西米尔,卡西米尔,2022-09-08,珊瑚海岸,悠然假日 HD78
余,Yu,男性,1,立绘_余_1.png,https://media.prts.wiki/5/50/%E7%AB%8B%E7%BB%98_%E4%BD%99_1.png,炎-岁,方舟干员,6,NM06,重装,本源铁卫,炎-岁,炎,2025-01-22,,
余,Yu,男性,2,立绘_余_2.png,https://media.prts.wiki/1/1a/%E7%AB%8B%E7%BB%98_%E4%BD%99_2.png,炎-岁,方舟干员,6,NM06,重装,本源铁卫,炎-岁,炎,2025-01-22,,
余,Yu,男性,skin1,立绘_余_skin1.png,https://media.prts.wiki/9/9b/%E7%AB%8B%E7%BB%98_%E4%BD%99_skin1.png,炎-岁,方舟干员,6,NM06,重装,本源铁卫,炎-岁,炎,2025-01-22,0011™制造,愿清晓
佩佩,Pepe,女性,1,立绘_佩佩_1.png,https://media.prts.wiki/7/72/%E7%AB%8B%E7%BB%98_%E4%BD%A9%E4%BD%A9_1.png,萨尔贡,方舟干员,6,SG14,近卫,撼地者,萨尔贡,萨尔贡,2024-08-01,,
佩佩,Pepe,女性,2,立绘_佩佩_2.png,https://media.prts.wiki/0/03/%E7%AB%8B%E7%BB%98_%E4%BD%A9%E4%BD%A9_2.png,萨尔贡,方舟干员,6,SG14,近卫,撼地者,萨尔贡,萨尔贡,2024-08-01,,
佩佩,Pepe,女性,skin1,立绘_佩佩_skin1.png,https://media.prts.wiki/7/71/%E7%AB%8B%E7%BB%98_%E4%BD%A9%E4%BD%A9_skin1.png,萨尔贡,方舟干员,6,SG14,近卫,撼地者,萨尔贡,萨尔贡,2024-08-01,错位巡礼,星移
信仰搅拌机,Sankta Miksaparato,男性,1,立绘_信仰搅拌机_1.png,https://media.prts.wiki/0/06/%E7%AB%8B%E7%BB%98_%E4%BF%A1%E4%BB%B0%E6%90%85%E6%8B%8C%E6%9C%BA_1.png,拉特兰,方舟干员,6,LT32,重装,哨戒铁卫,拉特兰,拉特兰,2025-05-01,,
信仰搅拌机,Sankta Miksaparato,男性,2,立绘_信仰搅拌机_2.png,https://media.prts.wiki/d/d5/%E7%AB%8B%E7%BB%98_%E4%BF%A1%E4%BB%B0%E6%90%85%E6%8B%8C%E6%9C%BA_2.png,拉特兰,方舟干员,6,LT32,重装,哨戒铁卫,拉特兰,拉特兰,2025-05-01,,
假日威龙陈,Ch'en the Holungday,女性,1,立绘_假日威龙陈_1.png,https://media.prts.wiki/b/b9/%E7%AB%8B%E7%BB%98_%E5%81%87%E6%97%A5%E5%A8%81%E9%BE%99%E9%99%88_1.png,罗德岛,方舟干员,6,R112,狙击,散射手,罗德岛,龙门,2021-08-03,,
假日威龙陈,Ch'en the Holungday,女性,2,立绘_假日威龙陈_2.png,https://media.prts.wiki/4/4e/%E7%AB%8B%E7%BB%98_%E5%81%87%E6%97%A5%E5%A8%81%E9%BE%99%E9%99%88_2.png,罗德岛,方舟干员,6,R112,狙击,散射手,罗德岛,龙门,2021-08-03,,
假日威龙陈,Ch'en the Holungday,女性,skin1,立绘_假日威龙陈_skin1.png,https://media.prts.wiki/f/f2/%E7%AB%8B%E7%BB%98_%E5%81%87%E6%97%A5%E5%A8%81%E9%BE%99%E9%99%88_skin1.png,罗德岛,方舟干员,6,R112,狙击,散射手,罗德岛,龙门,2021-08-03,斗争血脉,万重山
假日威龙陈,Ch'en the Holungday,女性,skin2,立绘_假日威龙陈_skin2.png,https://media.prts.wiki/f/f5/%E7%AB%8B%E7%BB%98_%E5%81%87%E6%97%A5%E5%A8%81%E9%BE%99%E9%99%88_skin2.png,罗德岛,方舟干员,6,R112,狙击,散射手,罗德岛,龙门,2021-08-03,珊瑚海岸,悠然假日 HD79
傀影,Phantom,男性,1,立绘_傀影_1.png,https://media.prts.wiki/3/32/%E7%AB%8B%E7%BB%98_%E5%82%80%E5%BD%B1_1.png,维多利亚,方舟干员,6,R109,特种,处决者,维多利亚,维多利亚,2020-04-21,,
傀影,Phantom,男性,2,立绘_傀影_2.png,https://media.prts.wiki/6/6f/%E7%AB%8B%E7%BB%98_%E5%82%80%E5%BD%B1_2.png,维多利亚,方舟干员,6,R109,特种,处决者,维多利亚,维多利亚,2020-04-21,,
傀影,Phantom,男性,skin1,立绘_傀影_skin1.png,https://media.prts.wiki/8/87/%E7%AB%8B%E7%BB%98_%E5%82%80%E5%BD%B1_skin1.png,维多利亚,方舟干员,6,R109,特种,处决者,维多利亚,维多利亚,2020-04-21,缠梦古堡,梦魇之梦
傀影,Phantom,男性,skin2,立绘_傀影_skin2.png,https://media.prts.wiki/e/e8/%E7%AB%8B%E7%BB%98_%E5%82%80%E5%BD%B1_skin2.png,维多利亚,方舟干员,6,R109,特种,处决者,维多利亚,维多利亚,2020-04-21,忒斯特收藏,焦点
克洛丝,Kroos,女性,1,立绘_克洛丝_1.png,https://media.prts.wiki/b/ba/%E7%AB%8B%E7%BB%98_%E5%85%8B%E6%B4%9B%E4%B8%9D_1.png,行动预备组A1,方舟干员,3,PA12,狙击,速射手,行动预备组A1,雷姆必拓,2019-04-30,,
克洛丝,Kroos,女性,skin1,立绘_克洛丝_skin1.png,https://media.prts.wiki/a/ab/%E7%AB%8B%E7%BB%98_%E5%85%8B%E6%B4%9B%E4%B8%9D_skin1.png,行动预备组A1,方舟干员,3,PA12,狙击,速射手,行动预备组A1,雷姆必拓,2019-04-30,巫异盛宴,魔术师
克洛丝,Kroos,女性,skin2,立绘_克洛丝_skin2.png,https://media.prts.wiki/1/1d/%E7%AB%8B%E7%BB%98_%E5%85%8B%E6%B4%9B%E4%B8%9D_skin2.png,行动预备组A1,方舟干员,3,PA12,狙击,速射手,行动预备组A1,雷姆必拓,2019-04-30,忒斯特收藏,星月漂流记
八幡海铃,Yahata Umiri,女性,1,立绘_八幡海铃_1.png,https://media.prts.wiki/6/64/%E7%AB%8B%E7%BB%98_%E5%85%AB%E5%B9%A1%E6%B5%B7%E9%93%83_1.png,罗德岛,方舟干员,5,AM02,特种,伏击客,Ave Mujica,未知,2025-09-04,,
八幡海铃,Yahata Umiri,女性,2,立绘_八幡海铃_2.png,https://media.prts.wiki/0/09/%E7%AB%8B%E7%BB%98_%E5%85%AB%E5%B9%A1%E6%B5%B7%E9%93%83_2.png,罗德岛,方舟干员,5,AM02,特种,伏击客,Ave Mujica,未知,2025-09-04,,
八幡海铃,Yahata Umiri,女性,skin1,立绘_八幡海铃_skin1.png,https://media.prts.wiki/b/ba/%E7%AB%8B%E7%BB%98_%E5%85%AB%E5%B9%A1%E6%B5%B7%E9%93%83_skin1.png,罗德岛,方舟干员,5,AM02,特种,伏击客,Ave Mujica,未知,2025-09-04,合作款,月下执行者
冬时,Снегyрочка,女性,1,立绘_冬时_1.png,https://media.prts.wiki/5/56/%E7%AB%8B%E7%BB%98_%E5%86%AC%E6%97%B6_1.png,乌萨斯,方舟干员,4,US38,先锋,情报官,乌萨斯,乌萨斯,2025-10-09,,
冬时,Снегyрочка,女性,2,立绘_冬时_2.png,https://media.prts.wiki/3/3c/%E7%AB%8B%E7%BB%98_%E5%86%AC%E6%97%B6_2.png,乌萨斯,方舟干员,4,US38,先锋,情报官,乌萨斯,乌萨斯,2025-10-09,,
冰酿,Coldshot,女性,1,立绘_冰酿_1.png,https://media.prts.wiki/7/7e/%E7%AB%8B%E7%BB%98_%E5%86%B0%E9%85%BF_1.png,哥伦比亚,方舟干员,5,CB28,狙击,猎手,哥伦比亚,哥伦比亚,2023-09-05,,
冰酿,Coldshot,女性,2,立绘_冰酿_2.png,https://media.prts.wiki/f/f3/%E7%AB%8B%E7%BB%98_%E5%86%B0%E9%85%BF_2.png,哥伦比亚,方舟干员,5,CB28,狙击,猎手,哥伦比亚,哥伦比亚,2023-09-05,,
冰酿,Coldshot,女性,skin1,立绘_冰酿_skin1.png,https://media.prts.wiki/d/d2/%E7%AB%8B%E7%BB%98_%E5%86%B0%E9%85%BF_skin1.png,哥伦比亚,方舟干员,5,CB28,狙击,猎手,哥伦比亚,哥伦比亚,2023-09-05,雷神推进者,破晓
凛冬,Зима,女性,1,立绘_凛冬_1.png,https://media.prts.wiki/6/6e/%E7%AB%8B%E7%BB%98_%E5%87%9B%E5%86%AC_1.png,乌萨斯学生自治团,方舟干员,5,USS1,先锋,尖兵,乌萨斯学生自治团,乌萨斯,2019-04-30,,
凛冬,Зима,女性,2,立绘_凛冬_2.png,https://media.prts.wiki/2/2c/%E7%AB%8B%E7%BB%98_%E5%87%9B%E5%86%AC_2.png,乌萨斯学生自治团,方舟干员,5,USS1,先锋,尖兵,乌萨斯学生自治团,乌萨斯,2019-04-30,,
凛冬,Зима,女性,skin1,立绘_凛冬_skin1.png,https://media.prts.wiki/0/0a/%E7%AB%8B%E7%BB%98_%E5%87%9B%E5%86%AC_skin1.png,乌萨斯学生自治团,方舟干员,5,USS1,先锋,尖兵,乌萨斯学生自治团,乌萨斯,2019-04-30,玛尔特,整装待发
凛冬,Зима,女性,skin2,立绘_凛冬_skin2.png,https://media.prts.wiki/b/bf/%E7%AB%8B%E7%BB%98_%E5%87%9B%E5%86%AC_skin2.png,乌萨斯学生自治团,方舟干员,5,USS1,先锋,尖兵,乌萨斯学生自治团,乌萨斯,2019-04-30,合作款,乌萨斯IO79
凛御银灰,SilverAsh the Reignfrost,男性,1,立绘_凛御银灰_1.png,https://media.prts.wiki/b/bb/%E7%AB%8B%E7%BB%98_%E5%87%9B%E5%BE%A1%E9%93%B6%E7%81%B0_1.png,谢拉格,方舟干员,6,KJ01,先锋,策士,谢拉格,谢拉格,2025-11-01,,
凛御银灰,SilverAsh the Reignfrost,男性,2,立绘_凛御银灰_2.png,https://media.prts.wiki/b/b2/%E7%AB%8B%E7%BB%98_%E5%87%9B%E5%BE%A1%E9%93%B6%E7%81%B0_2.png,谢拉格,方舟干员,6,KJ01,先锋,策士,谢拉格,谢拉格,2025-11-01,,
凛视,Valarqvin,女性,1,立绘_凛视_1.png,https://media.prts.wiki/0/03/%E7%AB%8B%E7%BB%98_%E5%87%9B%E8%A7%86_1.png,萨米,方舟干员,5,SI06,辅助,巫役,萨米,萨米,2023-07-13,,
凛视,Valarqvin,女性,2,立绘_凛视_2.png,https://media.prts.wiki/f/f4/%E7%AB%8B%E7%BB%98_%E5%87%9B%E8%A7%86_2.png,萨米,方舟干员,5,SI06,辅助,巫役,萨米,萨米,2023-07-13,,
凛视,Valarqvin,女性,skin1,立绘_凛视_skin1.png,https://media.prts.wiki/6/60/%E7%AB%8B%E7%BB%98_%E5%87%9B%E8%A7%86_skin1.png,萨米,方舟干员,5,SI06,辅助,巫役,萨米,萨米,2023-07-13,时代,林间暖阳
凯尔希,Kal'tsit,女性,1,立绘_凯尔希_1.png,https://media.prts.wiki/7/72/%E7%AB%8B%E7%BB%98_%E5%87%AF%E5%B0%94%E5%B8%8C_1.png,罗德岛,方舟干员,6,B003,医疗,医师,罗德岛,罗德岛,2021-05-01,,
凯尔希,Kal'tsit,女性,2,立绘_凯尔希_2.png,https://media.prts.wiki/6/65/%E7%AB%8B%E7%BB%98_%E5%87%AF%E5%B0%94%E5%B8%8C_2.png,罗德岛,方舟干员,6,B003,医疗,医师,罗德岛,罗德岛,2021-05-01,,
凯尔希,Kal'tsit,女性,skin1,立绘_凯尔希_skin1.png,https://media.prts.wiki/0/0f/%E7%AB%8B%E7%BB%98_%E5%87%AF%E5%B0%94%E5%B8%8C_skin1.png,罗德岛,方舟干员,6,B003,医疗,医师,罗德岛,罗德岛,2021-05-01,斗争血脉,残余
凯尔希,Kal'tsit,女性,skin2,立绘_凯尔希_skin2.png,https://media.prts.wiki/9/98/%E7%AB%8B%E7%BB%98_%E5%87%AF%E5%B0%94%E5%B8%8C_skin2.png,罗德岛,方舟干员,6,B003,医疗,医师,罗德岛,罗德岛,2021-05-01,忒斯特收藏,时遗
凯瑟琳,Catherine,女性,1,立绘_凯瑟琳_1.png,https://media.prts.wiki/a/ad/%E7%AB%8B%E7%BB%98_%E5%87%AF%E7%91%9F%E7%90%B3_1.png,维多利亚,方舟干员,5,VC20,辅助,工匠,维多利亚,维多利亚,2024-10-09,,
凯瑟琳,Catherine,女性,2,立绘_凯瑟琳_2.png,https://media.prts.wiki/3/34/%E7%AB%8B%E7%BB%98_%E5%87%AF%E7%91%9F%E7%90%B3_2.png,维多利亚,方舟干员,5,VC20,辅助,工匠,维多利亚,维多利亚,2024-10-09,,
初雪,Pramanix,女性,1,立绘_初雪_1.png,https://media.prts.wiki/d/de/%E7%AB%8B%E7%BB%98_%E5%88%9D%E9%9B%AA_1.png,谢拉格,方舟干员,5,JC05,辅助,削弱者,谢拉格,谢拉格,2019-04-30,,
初雪,Pramanix,女性,2,立绘_初雪_2.png,https://media.prts.wiki/0/05/%E7%AB%8B%E7%BB%98_%E5%88%9D%E9%9B%AA_2.png,谢拉格,方舟干员,5,JC05,辅助,削弱者,谢拉格,谢拉格,2019-04-30,,
初雪,Pramanix,女性,skin1,立绘_初雪_skin1.png,https://media.prts.wiki/f/f9/%E7%AB%8B%E7%BB%98_%E5%88%9D%E9%9B%AA_skin1.png,谢拉格,方舟干员,5,JC05,辅助,削弱者,谢拉格,谢拉格,2019-04-30,冰原信使,开斯特之霜
刺玫,Vendela,女性,1,立绘_刺玫_1.png,https://media.prts.wiki/e/e3/%E7%AB%8B%E7%BB%98_%E5%88%BA%E7%8E%AB_1.png,维多利亚,方舟干员,5,VC24,医疗,咒愈师,维多利亚,维多利亚,2023-10-08,,
刺玫,Vendela,女性,2,立绘_刺玫_2.png,https://media.prts.wiki/a/aa/%E7%AB%8B%E7%BB%98_%E5%88%BA%E7%8E%AB_2.png,维多利亚,方舟干员,5,VC24,医疗,咒愈师,维多利亚,维多利亚,2023-10-08,,
刻俄柏,Ceobe,女性,1,立绘_刻俄柏_1.png,https://media.prts.wiki/3/3d/%E7%AB%8B%E7%BB%98_%E5%88%BB%E4%BF%84%E6%9F%8F_1.png,罗德岛,方舟干员,6,R155,术师,中坚术师,罗德岛,玻利瓦尔,2020-02-25,,
刻俄柏,Ceobe,女性,2,立绘_刻俄柏_2.png,https://media.prts.wiki/6/6d/%E7%AB%8B%E7%BB%98_%E5%88%BB%E4%BF%84%E6%9F%8F_2.png,罗德岛,方舟干员,6,R155,术师,中坚术师,罗德岛,玻利瓦尔,2020-02-25,,
刻俄柏,Ceobe,女性,skin1,立绘_刻俄柏_skin1.png,https://media.prts.wiki/f/f3/%E7%AB%8B%E7%BB%98_%E5%88%BB%E4%BF%84%E6%9F%8F_skin1.png,罗德岛,方舟干员,6,R155,术师,中坚术师,罗德岛,玻利瓦尔,2020-02-25,珊瑚海岸,夏卉 FA333
刻俄柏,Ceobe,女性,skin2,立绘_刻俄柏_skin2.png,https://media.prts.wiki/d/d4/%E7%AB%8B%E7%BB%98_%E5%88%BB%E4%BF%84%E6%9F%8F_skin2.png,罗德岛,方舟干员,6,R155,术师,中坚术师,罗德岛,玻利瓦尔,2020-02-25,0011-飙系列,无拘无束
刻刀,Cutter,女性,1,立绘_刻刀_1.png,https://media.prts.wiki/5/51/%E7%AB%8B%E7%BB%98_%E5%88%BB%E5%88%80_1.png,哥伦比亚,方舟干员,4,R144,近卫,剑豪,哥伦比亚,哥伦比亚,2020-04-21,,
刻刀,Cutter,女性,2,立绘_刻刀_2.png,https://media.prts.wiki/e/e8/%E7%AB%8B%E7%BB%98_%E5%88%BB%E5%88%80_2.png,哥伦比亚,方舟干员,4,R144,近卫,剑豪,哥伦比亚,哥伦比亚,2020-04-21,,
刻刀,Cutter,女性,skin1,立绘_刻刀_skin1.png,https://media.prts.wiki/1/12/%E7%AB%8B%E7%BB%98_%E5%88%BB%E5%88%80_skin1.png,哥伦比亚,方舟干员,4,R144,近卫,剑豪,哥伦比亚,哥伦比亚,2020-04-21,玛尔特,拭刀
医生,Doc,男性,1,立绘_医生_1.png,https://media.prts.wiki/e/e2/%E7%AB%8B%E7%BB%98_%E5%8C%BB%E7%94%9F_1.png,彩虹小队,方舟干员,5,RS06,近卫,教官,彩虹小队,未知,2024-03-07,,
医生,Doc,男性,2,立绘_医生_2.png,https://media.prts.wiki/7/75/%E7%AB%8B%E7%BB%98_%E5%8C%BB%E7%94%9F_2.png,彩虹小队,方舟干员,5,RS06,近卫,教官,彩虹小队,未知,2024-03-07,,
医生,Doc,男性,skin1,立绘_医生_skin1.png,https://media.prts.wiki/7/7b/%E7%AB%8B%E7%BB%98_%E5%8C%BB%E7%94%9F_skin1.png,彩虹小队,方舟干员,5,RS06,近卫,教官,彩虹小队,未知,2024-03-07,合作款,展览
华法琳,Warfarin,女性,1,立绘_华法琳_1.png,https://media.prts.wiki/e/ee/%E7%AB%8B%E7%BB%98_%E5%8D%8E%E6%B3%95%E7%90%B3_1.png,罗德岛,方舟干员,5,R106,医疗,医师,罗德岛,卡兹戴尔,2019-04-30,,
华法琳,Warfarin,女性,2,立绘_华法琳_2.png,https://media.prts.wiki/7/77/%E7%AB%8B%E7%BB%98_%E5%8D%8E%E6%B3%95%E7%90%B3_2.png,罗德岛,方舟干员,5,R106,医疗,医师,罗德岛,卡兹戴尔,2019-04-30,,
华法琳,Warfarin,女性,skin1,立绘_华法琳_skin1.png,https://media.prts.wiki/2/24/%E7%AB%8B%E7%BB%98_%E5%8D%8E%E6%B3%95%E7%90%B3_skin1.png,罗德岛,方舟干员,5,R106,医疗,医师,罗德岛,卡兹戴尔,2019-04-30,巫异盛宴,盛宴
华法琳,Warfarin,女性,skin2,立绘_华法琳_skin2.png,https://media.prts.wiki/7/7e/%E7%AB%8B%E7%BB%98_%E5%8D%8E%E6%B3%95%E7%90%B3_skin2.png,罗德岛,方舟干员,5,R106,医疗,医师,罗德岛,卡兹戴尔,2019-04-30,珊瑚海岸,悠然假日 HD31
协律,Akkord,女性,1,立绘_协律_1.png,https://media.prts.wiki/8/8e/%E7%AB%8B%E7%BB%98_%E5%8D%8F%E5%BE%8B_1.png,莱塔尼亚,方舟干员,4,LN22,术师,轰击术师,莱塔尼亚,莱塔尼亚,2025-11-01,,
协律,Akkord,女性,2,立绘_协律_2.png,https://media.prts.wiki/c/ce/%E7%AB%8B%E7%BB%98_%E5%8D%8F%E5%BE%8B_2.png,莱塔尼亚,方舟干员,4,LN22,术师,轰击术师,莱塔尼亚,莱塔尼亚,2025-11-01,,
卡夫卡,Kafka,女性,1,立绘_卡夫卡_1.png,https://media.prts.wiki/e/ef/%E7%AB%8B%E7%BB%98_%E5%8D%A1%E5%A4%AB%E5%8D%A1_1.png,哥伦比亚,方舟干员,5,CB06,特种,处决者,哥伦比亚,哥伦比亚,2020-12-17,,
卡夫卡,Kafka,女性,2,立绘_卡夫卡_2.png,https://media.prts.wiki/a/a1/%E7%AB%8B%E7%BB%98_%E5%8D%A1%E5%A4%AB%E5%8D%A1_2.png,哥伦比亚,方舟干员,5,CB06,特种,处决者,哥伦比亚,哥伦比亚,2020-12-17,,
卡夫卡,Kafka,女性,skin1,立绘_卡夫卡_skin1.png,https://media.prts.wiki/2/2e/%E7%AB%8B%E7%BB%98_%E5%8D%A1%E5%A4%AB%E5%8D%A1_skin1.png,哥伦比亚,方舟干员,5,CB06,特种,处决者,哥伦比亚,哥伦比亚,2020-12-17,冰原信使,纸板仙子
卡涅利安,Carnelian,女性,1,立绘_卡涅利安_1.png,https://media.prts.wiki/d/d0/%E7%AB%8B%E7%BB%98_%E5%8D%A1%E6%B6%85%E5%88%A9%E5%AE%89_1.png,莱塔尼亚,方舟干员,6,LN04,术师,阵法术师,莱塔尼亚,萨尔贡,2021-06-01,,
卡涅利安,Carnelian,女性,2,立绘_卡涅利安_2.png,https://media.prts.wiki/e/ee/%E7%AB%8B%E7%BB%98_%E5%8D%A1%E6%B6%85%E5%88%A9%E5%AE%89_2.png,莱塔尼亚,方舟干员,6,LN04,术师,阵法术师,莱塔尼亚,萨尔贡,2021-06-01,,
卡涅利安,Carnelian,女性,skin1,立绘_卡涅利安_skin1.png,https://media.prts.wiki/0/02/%E7%AB%8B%E7%BB%98_%E5%8D%A1%E6%B6%85%E5%88%A9%E5%AE%89_skin1.png,莱塔尼亚,方舟干员,6,LN04,术师,阵法术师,莱塔尼亚,萨尔贡,2021-06-01,冰原信使,霍恩洛厄的寒沙
卡涅利安,Carnelian,女性,skin2,立绘_卡涅利安_skin2.png,https://media.prts.wiki/c/c7/%E7%AB%8B%E7%BB%98_%E5%8D%A1%E6%B6%85%E5%88%A9%E5%AE%89_skin2.png,莱塔尼亚,方舟干员,6,LN04,术师,阵法术师,莱塔尼亚,萨尔贡,2021-06-01,珊瑚海岸,灿阳朝露 SD08
卡缇,Cardigan,女性,1,立绘_卡缇_1.png,https://media.prts.wiki/f/f6/%E7%AB%8B%E7%BB%98_%E5%8D%A1%E7%BC%87_1.png,行动预备组A4,方舟干员,3,PA45,重装,铁卫,行动预备组A4,莱塔尼亚,2019-04-30,,
卡缇,Cardigan,女性,skin1,立绘_卡缇_skin1.png,https://media.prts.wiki/b/ba/%E7%AB%8B%E7%BB%98_%E5%8D%A1%E7%BC%87_skin1.png,行动预备组A4,方舟干员,3,PA45,重装,铁卫,行动预备组A4,莱塔尼亚,2019-04-30,冰原信使,快乐卫士
卡缇,Cardigan,女性,skin2,立绘_卡缇_skin2.png,https://media.prts.wiki/7/7f/%E7%AB%8B%E7%BB%98_%E5%8D%A1%E7%BC%87_skin2.png,行动预备组A4,方舟干员,3,PA45,重装,铁卫,行动预备组A4,莱塔尼亚,2019-04-30,时代,晴日
卡达,Click,女性,1,立绘_卡达_1.png,https://media.prts.wiki/1/1a/%E7%AB%8B%E7%BB%98_%E5%8D%A1%E8%BE%BE_1.png,罗德岛,方舟干员,4,R140,术师,驭械术师,罗德岛,未公开,2020-07-09,,
卡达,Click,女性,2,立绘_卡达_2.png,https://media.prts.wiki/b/b8/%E7%AB%8B%E7%BB%98_%E5%8D%A1%E8%BE%BE_2.png,罗德岛,方舟干员,4,R140,术师,驭械术师,罗德岛,未公开,2020-07-09,,
卡达,Click,女性,skin1,立绘_卡达_skin1.png,https://media.prts.wiki/b/b5/%E7%AB%8B%E7%BB%98_%E5%8D%A1%E8%BE%BE_skin1.png,罗德岛,方舟干员,4,R140,术师,驭械术师,罗德岛,未公开,2020-07-09,巫异盛宴,安息处的怪盗
历阵锐枪芬,Fang the Fire-sharpened,女性,1,立绘_历阵锐枪芬_1.png,https://media.prts.wiki/6/6d/%E7%AB%8B%E7%BB%98_%E5%8E%86%E9%98%B5%E9%94%90%E6%9E%AA%E8%8A%AC_1.png,罗德岛,方舟干员,5,RF04,先锋,冲锋手,罗德岛,卡西米尔,2024-05-01,,
历阵锐枪芬,Fang the Fire-sharpened,女性,2,立绘_历阵锐枪芬_2.png,https://media.prts.wiki/f/f5/%E7%AB%8B%E7%BB%98_%E5%8E%86%E9%98%B5%E9%94%90%E6%9E%AA%E8%8A%AC_2.png,罗德岛,方舟干员,5,RF04,先锋,冲锋手,罗德岛,卡西米尔,2024-05-01,,
历阵锐枪芬,Fang the Fire-sharpened,女性,skin1,立绘_历阵锐枪芬_skin1.png,https://media.prts.wiki/b/bf/%E7%AB%8B%E7%BB%98_%E5%8E%86%E9%98%B5%E9%94%90%E6%9E%AA%E8%8A%AC_skin1.png,罗德岛,方舟干员,5,RF04,先锋,冲锋手,罗德岛,卡西米尔,2024-05-01,冰原信使,纯净乐段
双月,Iana,女性,1,立绘_双月_1.png,https://media.prts.wiki/d/dd/%E7%AB%8B%E7%BB%98_%E5%8F%8C%E6%9C%88_1.png,彩虹小队,方舟干员,5,RS07,特种,傀儡师,彩虹小队,未知,2024-03-07,,
双月,Iana,女性,2,立绘_双月_2.png,https://media.prts.wiki/5/53/%E7%AB%8B%E7%BB%98_%E5%8F%8C%E6%9C%88_2.png,彩虹小队,方舟干员,5,RS07,特种,傀儡师,彩虹小队,未知,2024-03-07,,
双月,Iana,女性,skin1,立绘_双月_skin1.png,https://media.prts.wiki/9/98/%E7%AB%8B%E7%BB%98_%E5%8F%8C%E6%9C%88_skin1.png,彩虹小队,方舟干员,5,RS07,特种,傀儡师,彩虹小队,未知,2024-03-07,合作款,镜廊
古米,Гум,女性,1,立绘_古米_1.png,https://media.prts.wiki/1/16/%E7%AB%8B%E7%BB%98_%E5%8F%A4%E7%B1%B3_1.png,乌萨斯学生自治团,方舟干员,4,USS3,重装,守护者,乌萨斯学生自治团,乌萨斯,2019-04-30,,
古米,Гум,女性,2,立绘_古米_2.png,https://media.prts.wiki/1/1f/%E7%AB%8B%E7%BB%98_%E5%8F%A4%E7%B1%B3_2.png,乌萨斯学生自治团,方舟干员,4,USS3,重装,守护者,乌萨斯学生自治团,乌萨斯,2019-04-30,,
古米,Гум,女性,skin1,立绘_古米_skin1.png,https://media.prts.wiki/f/fd/%E7%AB%8B%E7%BB%98_%E5%8F%A4%E7%B1%B3_skin1.png,乌萨斯学生自治团,方舟干员,4,USS3,重装,守护者,乌萨斯学生自治团,乌萨斯,2019-04-30,珊瑚海岸,夏卉 FA011
可颂,Croissant,女性,1,立绘_可颂_1.png,https://media.prts.wiki/6/62/%E7%AB%8B%E7%BB%98_%E5%8F%AF%E9%A2%82_1.png,企鹅物流,方舟干员,5,PL04,重装,铁卫,企鹅物流,米诺斯,2019-04-30,,
可颂,Croissant,女性,2,立绘_可颂_2.png,https://media.prts.wiki/8/8d/%E7%AB%8B%E7%BB%98_%E5%8F%AF%E9%A2%82_2.png,企鹅物流,方舟干员,5,PL04,重装,铁卫,企鹅物流,米诺斯,2019-04-30,,
可颂,Croissant,女性,skin1,立绘_可颂_skin1.png,https://media.prts.wiki/0/02/%E7%AB%8B%E7%BB%98_%E5%8F%AF%E9%A2%82_skin1.png,企鹅物流,方舟干员,5,PL04,重装,铁卫,企鹅物流,米诺斯,2019-04-30,合作款,清晨七点
可颂,Croissant,女性,skin2,立绘_可颂_skin2.png,https://media.prts.wiki/c/c7/%E7%AB%8B%E7%BB%98_%E5%8F%AF%E9%A2%82_skin2.png,企鹅物流,方舟干员,5,PL04,重装,铁卫,企鹅物流,米诺斯,2019-04-30,珊瑚海岸,探寻者 SK03
史尔特尔,Surtr,女性,1,立绘_史尔特尔_1.png,https://media.prts.wiki/0/0c/%E7%AB%8B%E7%BB%98_%E5%8F%B2%E5%B0%94%E7%89%B9%E5%B0%94_1.png,罗德岛,方舟干员,6,R111,近卫,术战者,罗德岛,不明,2020-09-24,,
史尔特尔,Surtr,女性,2,立绘_史尔特尔_2.png,https://media.prts.wiki/2/2e/%E7%AB%8B%E7%BB%98_%E5%8F%B2%E5%B0%94%E7%89%B9%E5%B0%94_2.png,罗德岛,方舟干员,6,R111,近卫,术战者,罗德岛,不明,2020-09-24,,
史尔特尔,Surtr,女性,skin1,立绘_史尔特尔_skin1.png,https://media.prts.wiki/a/af/%E7%AB%8B%E7%BB%98_%E5%8F%B2%E5%B0%94%E7%89%B9%E5%B0%94_skin1.png,罗德岛,方舟干员,6,R111,近卫,术战者,罗德岛,不明,2020-09-24,合作款,自由//失效
史尔特尔,Surtr,女性,skin2,立绘_史尔特尔_skin2.png,https://media.prts.wiki/6/69/%E7%AB%8B%E7%BB%98_%E5%8F%B2%E5%B0%94%E7%89%B9%E5%B0%94_skin2.png,罗德岛,方舟干员,6,R111,近卫,术战者,罗德岛,不明,2020-09-24,珊瑚海岸,缤纷奇境 CW03
史尔特尔,Surtr,女性,skin3,立绘_史尔特尔_skin3.png,https://media.prts.wiki/2/2f/%E7%AB%8B%E7%BB%98_%E5%8F%B2%E5%B0%94%E7%89%B9%E5%B0%94_skin3.png,罗德岛,方舟干员,6,R111,近卫,术战者,罗德岛,不明,2020-09-24,音律联觉,超然序曲
史都华德,Steward,男性,1,立绘_史都华德_1.png,https://media.prts.wiki/4/44/%E7%AB%8B%E7%BB%98_%E5%8F%B2%E9%83%BD%E5%8D%8E%E5%BE%B7_1.png,行动预备组A4,方舟干员,3,PA42,术师,中坚术师,行动预备组A4,谢拉格,2019-04-30,,
史都华德,Steward,男性,skin1,立绘_史都华德_skin1.png,https://media.prts.wiki/f/fe/%E7%AB%8B%E7%BB%98_%E5%8F%B2%E9%83%BD%E5%8D%8E%E5%BE%B7_skin1.png,行动预备组A4,方舟干员,3,PA42,术师,中坚术师,行动预备组A4,谢拉格,2019-04-30,忒斯特收藏,风雪邀请
号角,Horn,女性,1,立绘_号角_1.png,https://media.prts.wiki/4/49/%E7%AB%8B%E7%BB%98_%E5%8F%B7%E8%A7%92_1.png,维多利亚,方舟干员,6,VC16,重装,要塞,维多利亚,维多利亚,2022-04-14,,
号角,Horn,女性,2,立绘_号角_2.png,https://media.prts.wiki/9/98/%E7%AB%8B%E7%BB%98_%E5%8F%B7%E8%A7%92_2.png,维多利亚,方舟干员,6,VC16,重装,要塞,维多利亚,维多利亚,2022-04-14,,
号角,Horn,女性,skin1,立绘_号角_skin1.png,https://media.prts.wiki/f/f6/%E7%AB%8B%E7%BB%98_%E5%8F%B7%E8%A7%92_skin1.png,维多利亚,方舟干员,6,VC16,重装,要塞,维多利亚,维多利亚,2022-04-14,时代,化花
司霆惊蛰,Leizi the Thunderbringer,女性,1,立绘_司霆惊蛰_1.png,https://media.prts.wiki/9/9c/%E7%AB%8B%E7%BB%98_%E5%8F%B8%E9%9C%86%E6%83%8A%E8%9B%B0_1.png,炎,方舟干员,6,YD25,近卫,解放者,炎,炎,2025-07-08,,
司霆惊蛰,Leizi the Thunderbringer,女性,2,立绘_司霆惊蛰_2.png,https://media.prts.wiki/4/4d/%E7%AB%8B%E7%BB%98_%E5%8F%B8%E9%9C%86%E6%83%8A%E8%9B%B0_2.png,炎,方舟干员,6,YD25,近卫,解放者,炎,炎,2025-07-08,,
司霆惊蛰,Leizi the Thunderbringer,女性,skin1,立绘_司霆惊蛰_skin1.png,https://media.prts.wiki/d/d1/%E7%AB%8B%E7%BB%98_%E5%8F%B8%E9%9C%86%E6%83%8A%E8%9B%B0_skin1.png,炎,方舟干员,6,YD25,近卫,解放者,炎,炎,2025-07-08,成就之星,血翼蔷薇
吉星,Kichisei,女性,1,立绘_吉星_1.png,https://media.prts.wiki/2/28/%E7%AB%8B%E7%BB%98_%E5%90%89%E6%98%9F_1.png,东,方舟干员,5,HK16,狙击,散射手,东,东国,2025-08-02,,
吉星,Kichisei,女性,2,立绘_吉星_2.png,https://media.prts.wiki/0/06/%E7%AB%8B%E7%BB%98_%E5%90%89%E6%98%9F_2.png,东,方舟干员,5,HK16,狙击,散射手,东,东国,2025-08-02,,
吽,Hung,男性,1,立绘_吽_1.png,https://media.prts.wiki/e/e4/%E7%AB%8B%E7%BB%98_%E5%90%BD_1.png,鲤氏侦探事务所,方舟干员,5,LM19,重装,守护者,鲤氏侦探事务所,龙门,2020-01-16,,
吽,Hung,男性,2,立绘_吽_2.png,https://media.prts.wiki/e/e6/%E7%AB%8B%E7%BB%98_%E5%90%BD_2.png,鲤氏侦探事务所,方舟干员,5,LM19,重装,守护者,鲤氏侦探事务所,龙门,2020-01-16,,
吽,Hung,男性,skin1,立绘_吽_skin1.png,https://media.prts.wiki/a/a8/%E7%AB%8B%E7%BB%98_%E5%90%BD_skin1.png,鲤氏侦探事务所,方舟干员,5,LM19,重装,守护者,鲤氏侦探事务所,龙门,2020-01-16,0011™制造,一介车夫
和弦,Harmonie,女性,1,立绘_和弦_1.png,https://media.prts.wiki/9/99/%E7%AB%8B%E7%BB%98_%E5%92%8C%E5%BC%A6_1.png,塔拉,方舟干员,5,DB03,术师,秘术师,塔拉,维多利亚,2022-12-15,,
和弦,Harmonie,女性,2,立绘_和弦_2.png,https://media.prts.wiki/5/59/%E7%AB%8B%E7%BB%98_%E5%92%8C%E5%BC%A6_2.png,塔拉,方舟干员,5,DB03,术师,秘术师,塔拉,维多利亚,2022-12-15,,
和弦,Harmonie,女性,skin1,立绘_和弦_skin1.png,https://media.prts.wiki/4/4c/%E7%AB%8B%E7%BB%98_%E5%92%8C%E5%BC%A6_skin1.png,塔拉,方舟干员,5,DB03,术师,秘术师,塔拉,维多利亚,2022-12-15,时代,邀约
和弦,Harmonie,女性,skin2,立绘_和弦_skin2.png,https://media.prts.wiki/8/83/%E7%AB%8B%E7%BB%98_%E5%92%8C%E5%BC%A6_skin2.png,塔拉,方舟干员,5,DB03,术师,秘术师,塔拉,维多利亚,2022-12-15,待予花冠,装点
哈洛德,Harold,男性,1,立绘_哈洛德_1.png,https://media.prts.wiki/3/37/%E7%AB%8B%E7%BB%98_%E5%93%88%E6%B4%9B%E5%BE%B7_1.png,维多利亚,方舟干员,5,VC27,医疗,行医,维多利亚,维多利亚,2023-12-05,,
哈洛德,Harold,男性,2,立绘_哈洛德_2.png,https://media.prts.wiki/5/54/%E7%AB%8B%E7%BB%98_%E5%93%88%E6%B4%9B%E5%BE%B7_2.png,维多利亚,方舟干员,5,VC27,医疗,行医,维多利亚,维多利亚,2023-12-05,,
哈洛德,Harold,男性,skin1,立绘_哈洛德_skin1.png,https://media.prts.wiki/9/9d/%E7%AB%8B%E7%BB%98_%E5%93%88%E6%B4%9B%E5%BE%B7_skin1.png,维多利亚,方舟干员,5,VC27,医疗,行医,维多利亚,维多利亚,2023-12-05,冰原信使,邀雪
哈蒂娅,Hadiya,女性,1,立绘_哈蒂娅_1.png,https://media.prts.wiki/1/1e/%E7%AB%8B%E7%BB%98_%E5%93%88%E8%92%82%E5%A8%85_1.png,萨尔贡,方舟干员,5,SG28,近卫,佣兵,萨尔贡,哥伦比亚,2025-11-01,,
哈蒂娅,Hadiya,女性,2,立绘_哈蒂娅_2.png,https://media.prts.wiki/8/89/%E7%AB%8B%E7%BB%98_%E5%93%88%E8%92%82%E5%A8%85_2.png,萨尔贡,方舟干员,5,SG28,近卫,佣兵,萨尔贡,哥伦比亚,2025-11-01,,
响石,Cairn,女性,1,立绘_响石_1.png,https://media.prts.wiki/2/29/%E7%AB%8B%E7%BB%98_%E5%93%8D%E7%9F%B3_1.png,哥伦比亚,方舟干员,5,CB31,重装,本源铁卫,哥伦比亚,哥伦比亚,2025-12-05,,
响石,Cairn,女性,2,立绘_响石_2.png,https://media.prts.wiki/1/19/%E7%AB%8B%E7%BB%98_%E5%93%8D%E7%9F%B3_2.png,哥伦比亚,方舟干员,5,CB31,重装,本源铁卫,哥伦比亚,哥伦比亚,2025-12-05,,
嘉维尔,Gavial,女性,1,立绘_嘉维尔_1.png,https://media.prts.wiki/f/f0/%E7%AB%8B%E7%BB%98_%E5%98%89%E7%BB%B4%E5%B0%94_1.png,罗德岛,方舟干员,4,IU07,医疗,医师,罗德岛,未公开,2019-04-30,,
嘉维尔,Gavial,女性,2,立绘_嘉维尔_2.png,https://media.prts.wiki/3/3a/%E7%AB%8B%E7%BB%98_%E5%98%89%E7%BB%B4%E5%B0%94_2.png,罗德岛,方舟干员,4,IU07,医疗,医师,罗德岛,未公开,2019-04-30,,
嘉维尔,Gavial,女性,skin1,立绘_嘉维尔_skin1.png,https://media.prts.wiki/9/94/%E7%AB%8B%E7%BB%98_%E5%98%89%E7%BB%B4%E5%B0%94_skin1.png,罗德岛,方舟干员,4,IU07,医疗,医师,罗德岛,未公开,2019-04-30,时代,战医
四月,April,女性,1,立绘_四月_1.png,https://media.prts.wiki/2/2c/%E7%AB%8B%E7%BB%98_%E5%9B%9B%E6%9C%88_1.png,雷姆必拓,方舟干员,5,RB07,狙击,速射手,雷姆必拓,雷姆必拓,2020-09-24,,
四月,April,女性,2,立绘_四月_2.png,https://media.prts.wiki/7/77/%E7%AB%8B%E7%BB%98_%E5%9B%9B%E6%9C%88_2.png,雷姆必拓,方舟干员,5,RB07,狙击,速射手,雷姆必拓,雷姆必拓,2020-09-24,,
四月,April,女性,skin1,立绘_四月_skin1.png,https://media.prts.wiki/1/12/%E7%AB%8B%E7%BB%98_%E5%9B%9B%E6%9C%88_skin1.png,雷姆必拓,方舟干员,5,RB07,狙击,速射手,雷姆必拓,雷姆必拓,2020-09-24,生命之地,远望
因陀罗,Indra,女性,1,立绘_因陀罗_1.png,https://media.prts.wiki/d/d4/%E7%AB%8B%E7%BB%98_%E5%9B%A0%E9%99%80%E7%BD%97_1.png,格拉斯哥帮,方舟干员,5,GG03,近卫,斗士,格拉斯哥帮,不明,2019-04-30,,
因陀罗,Indra,女性,2,立绘_因陀罗_2.png,https://media.prts.wiki/6/61/%E7%AB%8B%E7%BB%98_%E5%9B%A0%E9%99%80%E7%BD%97_2.png,格拉斯哥帮,方舟干员,5,GG03,近卫,斗士,格拉斯哥帮,不明,2019-04-30,,
因陀罗,Indra,女性,skin1,立绘_因陀罗_skin1.png,https://media.prts.wiki/c/cc/%E7%AB%8B%E7%BB%98_%E5%9B%A0%E9%99%80%E7%BD%97_skin1.png,格拉斯哥帮,方舟干员,5,GG03,近卫,斗士,格拉斯哥帮,不明,2019-04-30,雷神推进者,悍将
图耶,Tuye,女性,1,立绘_图耶_1.png,https://media.prts.wiki/8/8a/%E7%AB%8B%E7%BB%98_%E5%9B%BE%E8%80%B6_1.png,萨尔贡,方舟干员,5,SG08,医疗,医师,萨尔贡,萨尔贡,2021-01-19,,
图耶,Tuye,女性,2,立绘_图耶_2.png,https://media.prts.wiki/a/a9/%E7%AB%8B%E7%BB%98_%E5%9B%BE%E8%80%B6_2.png,萨尔贡,方舟干员,5,SG08,医疗,医师,萨尔贡,萨尔贡,2021-01-19,,
图耶,Tuye,女性,skin1,立绘_图耶_skin1.png,https://media.prts.wiki/c/cd/%E7%AB%8B%E7%BB%98_%E5%9B%BE%E8%80%B6_skin1.png,萨尔贡,方舟干员,5,SG08,医疗,医师,萨尔贡,萨尔贡,2021-01-19,时代,培翠
圣约送葬人,Executor the Ex Foedere,男性,1,立绘_圣约送葬人_1.png,https://media.prts.wiki/7/71/%E7%AB%8B%E7%BB%98_%E5%9C%A3%E7%BA%A6%E9%80%81%E8%91%AC%E4%BA%BA_1.png,拉特兰,方舟干员,6,LT40,近卫,收割者,拉特兰,拉特兰,2023-06-08,,
圣约送葬人,Executor the Ex Foedere,男性,2,立绘_圣约送葬人_2.png,https://media.prts.wiki/9/94/%E7%AB%8B%E7%BB%98_%E5%9C%A3%E7%BA%A6%E9%80%81%E8%91%AC%E4%BA%BA_2.png,拉特兰,方舟干员,6,LT40,近卫,收割者,拉特兰,拉特兰,2023-06-08,,
圣约送葬人,Executor the Ex Foedere,男性,skin1,立绘_圣约送葬人_skin1.png,https://media.prts.wiki/e/ee/%E7%AB%8B%E7%BB%98_%E5%9C%A3%E7%BA%A6%E9%80%81%E8%91%AC%E4%BA%BA_skin1.png,拉特兰,方舟干员,6,LT40,近卫,收割者,拉特兰,拉特兰,2023-06-08,忒斯特收藏,众志归一
圣约送葬人,Executor the Ex Foedere,男性,skin2,立绘_圣约送葬人_skin2.png,https://media.prts.wiki/8/81/%E7%AB%8B%E7%BB%98_%E5%9C%A3%E7%BA%A6%E9%80%81%E8%91%AC%E4%BA%BA_skin2.png,拉特兰,方舟干员,6,LT40,近卫,收割者,拉特兰,拉特兰,2023-06-08,合作款,蒸汽寻踪者
圣聆初雪,Pramanix the Prerita,女性,1,立绘_圣聆初雪_1.png,https://media.prts.wiki/2/20/%E7%AB%8B%E7%BB%98_%E5%9C%A3%E8%81%86%E5%88%9D%E9%9B%AA_1.png,谢拉格,方舟干员,6,KJ02,术师,阵法术师,谢拉格,谢拉格,2025-11-01,,
圣聆初雪,Pramanix the Prerita,女性,2,立绘_圣聆初雪_2.png,https://media.prts.wiki/5/59/%E7%AB%8B%E7%BB%98_%E5%9C%A3%E8%81%86%E5%88%9D%E9%9B%AA_2.png,谢拉格,方舟干员,6,KJ02,术师,阵法术师,谢拉格,谢拉格,2025-11-01,,
地灵,Earthspirit,女性,1,立绘_地灵_1.png,https://media.prts.wiki/1/15/%E7%AB%8B%E7%BB%98_%E5%9C%B0%E7%81%B5_1.png,莱塔尼亚,方舟干员,4,LN01,辅助,凝滞师,莱塔尼亚,莱塔尼亚,2019-04-30,,
地灵,Earthspirit,女性,2,立绘_地灵_2.png,https://media.prts.wiki/4/46/%E7%AB%8B%E7%BB%98_%E5%9C%B0%E7%81%B5_2.png,莱塔尼亚,方舟干员,4,LN01,辅助,凝滞师,莱塔尼亚,莱塔尼亚,2019-04-30,,
地灵,Earthspirit,女性,skin1,立绘_地灵_skin1.png,https://media.prts.wiki/8/8b/%E7%AB%8B%E7%BB%98_%E5%9C%B0%E7%81%B5_skin1.png,莱塔尼亚,方舟干员,4,LN01,辅助,凝滞师,莱塔尼亚,莱塔尼亚,2019-04-30,时代,主修领域
坚雷,Dur-nar,女性,1,立绘_坚雷_1.png,https://media.prts.wiki/9/9c/%E7%AB%8B%E7%BB%98_%E5%9D%9A%E9%9B%B7_1.png,罗德岛,方舟干员,4,R124,重装,驭法铁卫,罗德岛,哥伦比亚,2019-10-01,,
坚雷,Dur-nar,女性,2,立绘_坚雷_2.png,https://media.prts.wiki/9/98/%E7%AB%8B%E7%BB%98_%E5%9D%9A%E9%9B%B7_2.png,罗德岛,方舟干员,4,R124,重装,驭法铁卫,罗德岛,哥伦比亚,2019-10-01,,
坚雷,Dur-nar,女性,skin1,立绘_坚雷_skin1.png,https://media.prts.wiki/0/04/%E7%AB%8B%E7%BB%98_%E5%9D%9A%E9%9B%B7_skin1.png,罗德岛,方舟干员,4,R124,重装,驭法铁卫,罗德岛,哥伦比亚,2019-10-01,时代,绒布蛋糕
埃拉托,Erato,女性,1,立绘_埃拉托_1.png,https://media.prts.wiki/f/f2/%E7%AB%8B%E7%BB%98_%E5%9F%83%E6%8B%89%E6%89%98_1.png,米诺斯,方舟干员,5,MN07,狙击,攻城手,米诺斯,米诺斯,2022-05-19,,
埃拉托,Erato,女性,2,立绘_埃拉托_2.png,https://media.prts.wiki/5/53/%E7%AB%8B%E7%BB%98_%E5%9F%83%E6%8B%89%E6%89%98_2.png,米诺斯,方舟干员,5,MN07,狙击,攻城手,米诺斯,米诺斯,2022-05-19,,
埃拉托,Erato,女性,skin1,立绘_埃拉托_skin1.png,https://media.prts.wiki/c/c6/%E7%AB%8B%E7%BB%98_%E5%9F%83%E6%8B%89%E6%89%98_skin1.png,米诺斯,方舟干员,5,MN07,狙击,攻城手,米诺斯,米诺斯,2022-05-19,冰原信使,未讲述的故事
塑心,Virtuosa,女性,1,立绘_塑心_1.png,https://media.prts.wiki/2/28/%E7%AB%8B%E7%BB%98_%E5%A1%91%E5%BF%83_1.png,拉特兰,方舟干员,6,LT22,辅助,巫役,拉特兰,拉特兰,2023-11-01,,
塑心,Virtuosa,女性,2,立绘_塑心_2.png,https://media.prts.wiki/b/b2/%E7%AB%8B%E7%BB%98_%E5%A1%91%E5%BF%83_2.png,拉特兰,方舟干员,6,LT22,辅助,巫役,拉特兰,拉特兰,2023-11-01,,
塑心,Virtuosa,女性,skin1,立绘_塑心_skin1.png,https://media.prts.wiki/0/05/%E7%AB%8B%E7%BB%98_%E5%A1%91%E5%BF%83_skin1.png,拉特兰,方舟干员,6,LT22,辅助,巫役,拉特兰,拉特兰,2023-11-01,忒斯特收藏,无我唯识
塞雷娅,Saria,女性,1,立绘_塞雷娅_1.png,https://media.prts.wiki/4/4e/%E7%AB%8B%E7%BB%98_%E5%A1%9E%E9%9B%B7%E5%A8%85_1.png,莱茵生命,方舟干员,6,RL02,重装,守护者,莱茵生命,哥伦比亚,2019-04-30,,
塞雷娅,Saria,女性,2,立绘_塞雷娅_2.png,https://media.prts.wiki/2/2e/%E7%AB%8B%E7%BB%98_%E5%A1%9E%E9%9B%B7%E5%A8%85_2.png,莱茵生命,方舟干员,6,RL02,重装,守护者,莱茵生命,哥伦比亚,2019-04-30,,
塞雷娅,Saria,女性,skin1,立绘_塞雷娅_skin1.png,https://media.prts.wiki/0/0d/%E7%AB%8B%E7%BB%98_%E5%A1%9E%E9%9B%B7%E5%A8%85_skin1.png,莱茵生命,方舟干员,6,RL02,重装,守护者,莱茵生命,哥伦比亚,2019-04-30,斗争血脉,坚城
塞雷娅,Saria,女性,skin2,立绘_塞雷娅_skin2.png,https://media.prts.wiki/c/c1/%E7%AB%8B%E7%BB%98_%E5%A1%9E%E9%9B%B7%E5%A8%85_skin2.png,莱茵生命,方舟干员,6,RL02,重装,守护者,莱茵生命,哥伦比亚,2019-04-30,忒斯特收藏,铁律
塞雷娅,Saria,女性,skin3,立绘_塞雷娅_skin3.png,https://media.prts.wiki/7/74/%E7%AB%8B%E7%BB%98_%E5%A1%9E%E9%9B%B7%E5%A8%85_skin3.png,莱茵生命,方舟干员,6,RL02,重装,守护者,莱茵生命,哥伦比亚,2019-04-30,音律联觉,黑白冷峻
复奏,Ripresa,女性,1,立绘_复奏_1.png,https://media.prts.wiki/1/1c/%E7%AB%8B%E7%BB%98_%E5%A4%8D%E5%A5%8F_1.png,叙拉古,方舟干员,5,SR43,术师,扩散术师,叙拉古,莱塔尼亚,2026-03-10,,
复奏,Ripresa,女性,2,立绘_复奏_2.png,https://media.prts.wiki/8/8a/%E7%AB%8B%E7%BB%98_%E5%A4%8D%E5%A5%8F_2.png,叙拉古,方舟干员,5,SR43,术师,扩散术师,叙拉古,莱塔尼亚,2026-03-10,,
夏栎,Quercus,女性,1,立绘_夏栎_1.png,https://media.prts.wiki/4/4d/%E7%AB%8B%E7%BB%98_%E5%A4%8F%E6%A0%8E_1.png,罗德岛,方舟干员,5,R121,辅助,护佑者,罗德岛,维多利亚,2022-02-15,,
夏栎,Quercus,女性,2,立绘_夏栎_2.png,https://media.prts.wiki/0/02/%E7%AB%8B%E7%BB%98_%E5%A4%8F%E6%A0%8E_2.png,罗德岛,方舟干员,5,R121,辅助,护佑者,罗德岛,维多利亚,2022-02-15,,
夏栎,Quercus,女性,skin1,立绘_夏栎_skin1.png,https://media.prts.wiki/b/bc/%E7%AB%8B%E7%BB%98_%E5%A4%8F%E6%A0%8E_skin1.png,罗德岛,方舟干员,5,R121,辅助,护佑者,罗德岛,维多利亚,2022-02-15,时代,遥乡之径
夏栎,Quercus,女性,skin2,立绘_夏栎_skin2.png,https://media.prts.wiki/a/a3/%E7%AB%8B%E7%BB%98_%E5%A4%8F%E6%A0%8E_skin2.png,罗德岛,方舟干员,5,R121,辅助,护佑者,罗德岛,维多利亚,2022-02-15,巫异盛宴,树影吟游
夕,Dusk,女性,1,立绘_夕_1.png,https://media.prts.wiki/6/6a/%E7%AB%8B%E7%BB%98_%E5%A4%95_1.png,炎-岁,方舟干员,6,NM02,术师,扩散术师,炎-岁,炎,2021-02-05,,
夕,Dusk,女性,2,立绘_夕_2.png,https://media.prts.wiki/0/0a/%E7%AB%8B%E7%BB%98_%E5%A4%95_2.png,炎-岁,方舟干员,6,NM02,术师,扩散术师,炎-岁,炎,2021-02-05,,
夕,Dusk,女性,skin1,立绘_夕_skin1.png,https://media.prts.wiki/8/80/%E7%AB%8B%E7%BB%98_%E5%A4%95_skin1.png,炎-岁,方舟干员,6,NM02,术师,扩散术师,炎-岁,炎,2021-02-05,0011™制造,染尘烟
夕,Dusk,女性,skin2,立绘_夕_skin2.png,https://media.prts.wiki/a/a1/%E7%AB%8B%E7%BB%98_%E5%A4%95_skin2.png,炎-岁,方舟干员,6,NM02,术师,扩散术师,炎-岁,炎,2021-02-05,0011™制造,青玉砚
多萝西,Dorothy,女性,1,立绘_多萝西_1.png,https://media.prts.wiki/7/7b/%E7%AB%8B%E7%BB%98_%E5%A4%9A%E8%90%9D%E8%A5%BF_1.png,莱茵生命,方舟干员,6,RL07,特种,陷阱师,莱茵生命,哥伦比亚,2022-07-05,,
多萝西,Dorothy,女性,2,立绘_多萝西_2.png,https://media.prts.wiki/1/1f/%E7%AB%8B%E7%BB%98_%E5%A4%9A%E8%90%9D%E8%A5%BF_2.png,莱茵生命,方舟干员,6,RL07,特种,陷阱师,莱茵生命,哥伦比亚,2022-07-05,,
多萝西,Dorothy,女性,skin1,立绘_多萝西_skin1.png,https://media.prts.wiki/e/ee/%E7%AB%8B%E7%BB%98_%E5%A4%9A%E8%90%9D%E8%A5%BF_skin1.png,莱茵生命,方舟干员,6,RL07,特种,陷阱师,莱茵生命,哥伦比亚,2022-07-05,巫异盛宴,命运主宰
夜刀,Yato,女性,1,立绘_夜刀_1.png,https://media.prts.wiki/a/ad/%E7%AB%8B%E7%BB%98_%E5%A4%9C%E5%88%80_1.png,行动组A4,方舟干员,2,A41,先锋,尖兵,行动组A4,东国,2019-04-30,,
夜半,Blacknight,女性,1,立绘_夜半_1.png,https://media.prts.wiki/a/ac/%E7%AB%8B%E7%BB%98_%E5%A4%9C%E5%8D%8A_1.png,雷姆必拓,方舟干员,5,RB12,先锋,战术家,雷姆必拓,雷姆必拓,2022-01-25,,
夜半,Blacknight,女性,2,立绘_夜半_2.png,https://media.prts.wiki/7/7e/%E7%AB%8B%E7%BB%98_%E5%A4%9C%E5%8D%8A_2.png,雷姆必拓,方舟干员,5,RB12,先锋,战术家,雷姆必拓,雷姆必拓,2022-01-25,,
夜半,Blacknight,女性,skin1,立绘_夜半_skin1.png,https://media.prts.wiki/2/20/%E7%AB%8B%E7%BB%98_%E5%A4%9C%E5%8D%8A_skin1.png,雷姆必拓,方舟干员,5,RB12,先锋,战术家,雷姆必拓,雷姆必拓,2022-01-25,珊瑚海岸,夏卉 FA641
夜半,Blacknight,女性,skin2,立绘_夜半_skin2.png,https://media.prts.wiki/1/1e/%E7%AB%8B%E7%BB%98_%E5%A4%9C%E5%8D%8A_skin2.png,雷姆必拓,方舟干员,5,RB12,先锋,战术家,雷姆必拓,雷姆必拓,2022-01-25,0011™制造,枝头馥
夜烟,Haze,女性,1,立绘_夜烟_1.png,https://media.prts.wiki/a/a0/%E7%AB%8B%E7%BB%98_%E5%A4%9C%E7%83%9F_1.png,维多利亚,方舟干员,4,VC02,术师,中坚术师,维多利亚,维多利亚,2019-04-30,,
夜烟,Haze,女性,2,立绘_夜烟_2.png,https://media.prts.wiki/0/08/%E7%AB%8B%E7%BB%98_%E5%A4%9C%E7%83%9F_2.png,维多利亚,方舟干员,4,VC02,术师,中坚术师,维多利亚,维多利亚,2019-04-30,,
夜烟,Haze,女性,skin1,立绘_夜烟_skin1.png,https://media.prts.wiki/7/7c/%E7%AB%8B%E7%BB%98_%E5%A4%9C%E7%83%9F_skin1.png,维多利亚,方舟干员,4,VC02,术师,中坚术师,维多利亚,维多利亚,2019-04-30,破格视界,疗养地怪谈
夜莺,Nightingale,女性,1,立绘_夜莺_1.png,https://media.prts.wiki/6/6f/%E7%AB%8B%E7%BB%98_%E5%A4%9C%E8%8E%BA_1.png,使徒,方舟干员,6,FO03,医疗,群愈师,使徒,卡兹戴尔,2019-04-30,,
夜莺,Nightingale,女性,2,立绘_夜莺_2.png,https://media.prts.wiki/b/b3/%E7%AB%8B%E7%BB%98_%E5%A4%9C%E8%8E%BA_2.png,使徒,方舟干员,6,FO03,医疗,群愈师,使徒,卡兹戴尔,2019-04-30,,
夜莺,Nightingale,女性,skin1,立绘_夜莺_skin1.png,https://media.prts.wiki/d/d5/%E7%AB%8B%E7%BB%98_%E5%A4%9C%E8%8E%BA_skin1.png,使徒,方舟干员,6,FO03,医疗,群愈师,使徒,卡兹戴尔,2019-04-30,巫异盛宴,挽歌
夜莺,Nightingale,女性,skin2,立绘_夜莺_skin2.png,https://media.prts.wiki/e/e5/%E7%AB%8B%E7%BB%98_%E5%A4%9C%E8%8E%BA_skin2.png,使徒,方舟干员,6,FO03,医疗,群愈师,使徒,卡兹戴尔,2019-04-30,错位巡礼,流辉
夜魔,Nightmare,女性,1,立绘_夜魔_1.png,https://media.prts.wiki/5/50/%E7%AB%8B%E7%BB%98_%E5%A4%9C%E9%AD%94_1.png,维多利亚,方舟干员,5,VC03,术师,中坚术师,维多利亚,维多利亚,2019-05-30,,
夜魔,Nightmare,女性,2,立绘_夜魔_2.png,https://media.prts.wiki/0/0d/%E7%AB%8B%E7%BB%98_%E5%A4%9C%E9%AD%94_2.png,维多利亚,方舟干员,5,VC03,术师,中坚术师,维多利亚,维多利亚,2019-05-30,,
夜魔,Nightmare,女性,skin1,立绘_夜魔_skin1.png,https://media.prts.wiki/5/58/%E7%AB%8B%E7%BB%98_%E5%A4%9C%E9%AD%94_skin1.png,维多利亚,方舟干员,5,VC03,术师,中坚术师,维多利亚,维多利亚,2019-05-30,时代,光影
夜魔,Nightmare,女性,skin2,立绘_夜魔_skin2.png,https://media.prts.wiki/b/b5/%E7%AB%8B%E7%BB%98_%E5%A4%9C%E9%AD%94_skin2.png,维多利亚,方舟干员,5,VC03,术师,中坚术师,维多利亚,维多利亚,2019-05-30,待予花冠,湖畔的少女
天火,Skyfire,女性,1,立绘_天火_1.png,https://media.prts.wiki/c/c2/%E7%AB%8B%E7%BB%98_%E5%A4%A9%E7%81%AB_1.png,维多利亚,方舟干员,5,SK01,术师,扩散术师,维多利亚,维多利亚,2019-04-30,,
天火,Skyfire,女性,2,立绘_天火_2.png,https://media.prts.wiki/8/8c/%E7%AB%8B%E7%BB%98_%E5%A4%A9%E7%81%AB_2.png,维多利亚,方舟干员,5,SK01,术师,扩散术师,维多利亚,维多利亚,2019-04-30,,
天火,Skyfire,女性,skin1,立绘_天火_skin1.png,https://media.prts.wiki/7/75/%E7%AB%8B%E7%BB%98_%E5%A4%A9%E7%81%AB_skin1.png,维多利亚,方舟干员,5,SK01,术师,扩散术师,维多利亚,维多利亚,2019-04-30,珊瑚海岸,温差 RT.RX01
天空盒,Skybox,男性,1,立绘_天空盒_1.png,https://media.prts.wiki/7/76/%E7%AB%8B%E7%BB%98_%E5%A4%A9%E7%A9%BA%E7%9B%92_1.png,哥伦比亚,方舟干员,5,CB54,狙击,裂空炮手,哥伦比亚,哥伦比亚,2025-12-05,,
天空盒,Skybox,男性,2,立绘_天空盒_2.png,https://media.prts.wiki/a/ad/%E7%AB%8B%E7%BB%98_%E5%A4%A9%E7%A9%BA%E7%9B%92_2.png,哥伦比亚,方舟干员,5,CB54,狙击,裂空炮手,哥伦比亚,哥伦比亚,2025-12-05,,
奥斯塔,Aosta,男性,1,立绘_奥斯塔_1.png,https://media.prts.wiki/5/51/%E7%AB%8B%E7%BB%98_%E5%A5%A5%E6%96%AF%E5%A1%94_1.png,贾维团伙,方舟干员,5,SR28,狙击,散射手,贾维团伙,叙拉古,2020-10-15,,
奥斯塔,Aosta,男性,2,立绘_奥斯塔_2.png,https://media.prts.wiki/d/df/%E7%AB%8B%E7%BB%98_%E5%A5%A5%E6%96%AF%E5%A1%94_2.png,贾维团伙,方舟干员,5,SR28,狙击,散射手,贾维团伙,叙拉古,2020-10-15,,
奥斯塔,Aosta,男性,skin1,立绘_奥斯塔_skin1.png,https://media.prts.wiki/a/aa/%E7%AB%8B%E7%BB%98_%E5%A5%A5%E6%96%AF%E5%A1%94_skin1.png,贾维团伙,方舟干员,5,SR28,狙击,散射手,贾维团伙,叙拉古,2020-10-15,成就之星,光铳调试员
奥达,Odda,男性,1,立绘_奥达_1.png,https://media.prts.wiki/b/b8/%E7%AB%8B%E7%BB%98_%E5%A5%A5%E8%BE%BE_1.png,罗德岛,方舟干员,5,R167,近卫,撼地者,罗德岛,卡兹戴尔,2024-04-11,,
奥达,Odda,男性,2,立绘_奥达_2.png,https://media.prts.wiki/2/27/%E7%AB%8B%E7%BB%98_%E5%A5%A5%E8%BE%BE_2.png,罗德岛,方舟干员,5,R167,近卫,撼地者,罗德岛,卡兹戴尔,2024-04-11,,
奥达,Odda,男性,skin1,立绘_奥达_skin1.png,https://media.prts.wiki/c/c3/%E7%AB%8B%E7%BB%98_%E5%A5%A5%E8%BE%BE_skin1.png,罗德岛,方舟干员,5,R167,近卫,撼地者,罗德岛,卡兹戴尔,2024-04-11,0011-飙系列,糖果暴击
妮芙,Nymph,女性,1,立绘_妮芙_1.png,https://media.prts.wiki/d/de/%E7%AB%8B%E7%BB%98_%E5%A6%AE%E8%8A%99_1.png,罗德岛,方舟干员,6,R182,术师,本源术师,罗德岛,卡兹戴尔,2024-07-09,,
妮芙,Nymph,女性,2,立绘_妮芙_2.png,https://media.prts.wiki/d/db/%E7%AB%8B%E7%BB%98_%E5%A6%AE%E8%8A%99_2.png,罗德岛,方舟干员,6,R182,术师,本源术师,罗德岛,卡兹戴尔,2024-07-09,,
妮芙,Nymph,女性,skin1,立绘_妮芙_skin1.png,https://media.prts.wiki/9/96/%E7%AB%8B%E7%BB%98_%E5%A6%AE%E8%8A%99_skin1.png,罗德岛,方舟干员,6,R182,术师,本源术师,罗德岛,卡兹戴尔,2024-07-09,时代,甜美配方
妮芙,Nymph,女性,skin2,立绘_妮芙_skin2.png,https://media.prts.wiki/c/c9/%E7%AB%8B%E7%BB%98_%E5%A6%AE%E8%8A%99_skin2.png,罗德岛,方舟干员,6,R182,术师,本源术师,罗德岛,卡兹戴尔,2024-07-09,音律联觉,繁花梦幻谈
娜仁图亚,Narantuya,女性,1,立绘_娜仁图亚_1.png,https://media.prts.wiki/9/95/%E7%AB%8B%E7%BB%98_%E5%A8%9C%E4%BB%81%E5%9B%BE%E4%BA%9A_1.png,萨尔贡,方舟干员,6,SG17,狙击,回环射手,萨尔贡,萨尔贡,2024-08-01,,
娜仁图亚,Narantuya,女性,2,立绘_娜仁图亚_2.png,https://media.prts.wiki/9/97/%E7%AB%8B%E7%BB%98_%E5%A8%9C%E4%BB%81%E5%9B%BE%E4%BA%9A_2.png,萨尔贡,方舟干员,6,SG17,狙击,回环射手,萨尔贡,萨尔贡,2024-08-01,,
娜仁图亚,Narantuya,女性,skin1,立绘_娜仁图亚_skin1.png,https://media.prts.wiki/4/44/%E7%AB%8B%E7%BB%98_%E5%A8%9C%E4%BB%81%E5%9B%BE%E4%BA%9A_skin1.png,萨尔贡,方舟干员,6,SG17,狙击,回环射手,萨尔贡,萨尔贡,2024-08-01,破格视界,链锯陪护者
娜斯提,Nasti,女性,1,立绘_娜斯提_1.png,https://media.prts.wiki/8/8e/%E7%AB%8B%E7%BB%98_%E5%A8%9C%E6%96%AF%E6%8F%90_1.png,莱茵生命,方舟干员,6,RL11,辅助,工匠,莱茵生命,卡兹戴尔,2025-12-05,,
娜斯提,Nasti,女性,2,立绘_娜斯提_2.png,https://media.prts.wiki/9/93/%E7%AB%8B%E7%BB%98_%E5%A8%9C%E6%96%AF%E6%8F%90_2.png,莱茵生命,方舟干员,6,RL11,辅助,工匠,莱茵生命,卡兹戴尔,2025-12-05,,
子月,Lunacub,女性,1,立绘_子月_1.png,https://media.prts.wiki/3/3f/%E7%AB%8B%E7%BB%98_%E5%AD%90%E6%9C%88_1.png,叙拉古,方舟干员,5,SR37,狙击,神射手,叙拉古,叙拉古,2022-11-01,,
子月,Lunacub,女性,2,立绘_子月_2.png,https://media.prts.wiki/9/95/%E7%AB%8B%E7%BB%98_%E5%AD%90%E6%9C%88_2.png,叙拉古,方舟干员,5,SR37,狙击,神射手,叙拉古,叙拉古,2022-11-01,,
子月,Lunacub,女性,skin1,立绘_子月_skin1.png,https://media.prts.wiki/9/99/%E7%AB%8B%E7%BB%98_%E5%AD%90%E6%9C%88_skin1.png,叙拉古,方舟干员,5,SR37,狙击,神射手,叙拉古,叙拉古,2022-11-01,0011-韵系列,棠云巧梦
孑,Jaye,男性,1,立绘_孑_1.png,https://media.prts.wiki/3/37/%E7%AB%8B%E7%BB%98_%E5%AD%91_1.png,炎-龙门,方舟干员,4,LM14,特种,行商,炎-龙门,龙门,2020-08-11,,
孑,Jaye,男性,2,立绘_孑_2.png,https://media.prts.wiki/a/a3/%E7%AB%8B%E7%BB%98_%E5%AD%91_2.png,炎-龙门,方舟干员,4,LM14,特种,行商,炎-龙门,龙门,2020-08-11,,
孑,Jaye,男性,skin1,立绘_孑_skin1.png,https://media.prts.wiki/8/83/%E7%AB%8B%E7%BB%98_%E5%AD%91_skin1.png,炎-龙门,方舟干员,4,LM14,特种,行商,炎-龙门,龙门,2020-08-11,珊瑚海岸,沙滩护卫 GT002
守林人,Firewatch,女性,1,立绘_守林人_1.png,https://media.prts.wiki/1/1f/%E7%AB%8B%E7%BB%98_%E5%AE%88%E6%9E%97%E4%BA%BA_1.png,罗德岛,方舟干员,5,ST01,狙击,神射手,罗德岛,未公开,2019-04-30,,
守林人,Firewatch,女性,2,立绘_守林人_2.png,https://media.prts.wiki/4/4c/%E7%AB%8B%E7%BB%98_%E5%AE%88%E6%9E%97%E4%BA%BA_2.png,罗德岛,方舟干员,5,ST01,狙击,神射手,罗德岛,未公开,2019-04-30,,
守林人,Firewatch,女性,skin1,立绘_守林人_skin1.png,https://media.prts.wiki/4/4c/%E7%AB%8B%E7%BB%98_%E5%AE%88%E6%9E%97%E4%BA%BA_skin1.png,罗德岛,方舟干员,5,ST01,狙击,神射手,罗德岛,未公开,2019-04-30,生命之地,枯柏
守林人,Firewatch,女性,skin2,立绘_守林人_skin2.png,https://media.prts.wiki/1/11/%E7%AB%8B%E7%BB%98_%E5%AE%88%E6%9E%97%E4%BA%BA_skin2.png,罗德岛,方舟干员,5,ST01,狙击,神射手,罗德岛,未公开,2019-04-30,冰原信使,覆雪
安哲拉,Andreana,女性,1,立绘_安哲拉_1.png,https://media.prts.wiki/2/2e/%E7%AB%8B%E7%BB%98_%E5%AE%89%E5%93%B2%E6%8B%89_1.png,深海猎人,方舟干员,5,II04,狙击,神射手,深海猎人,伊比利亚,2020-08-11,,
安哲拉,Andreana,女性,2,立绘_安哲拉_2.png,https://media.prts.wiki/4/45/%E7%AB%8B%E7%BB%98_%E5%AE%89%E5%93%B2%E6%8B%89_2.png,深海猎人,方舟干员,5,II04,狙击,神射手,深海猎人,伊比利亚,2020-08-11,,
安哲拉,Andreana,女性,skin1,立绘_安哲拉_skin1.png,https://media.prts.wiki/6/6f/%E7%AB%8B%E7%BB%98_%E5%AE%89%E5%93%B2%E6%8B%89_skin1.png,深海猎人,方舟干员,5,II04,狙击,神射手,深海猎人,伊比利亚,2020-08-11,时代,暗矢
安德切尔,Adnachiel,男性,1,立绘_安德切尔_1.png,https://media.prts.wiki/9/94/%E7%AB%8B%E7%BB%98_%E5%AE%89%E5%BE%B7%E5%88%87%E5%B0%94_1.png,行动预备组A4,方舟干员,3,PA44,狙击,速射手,行动预备组A4,拉特兰,2019-04-30,,
安德切尔,Adnachiel,男性,skin1,立绘_安德切尔_skin1.png,https://media.prts.wiki/2/22/%E7%AB%8B%E7%BB%98_%E5%AE%89%E5%BE%B7%E5%88%87%E5%B0%94_skin1.png,行动预备组A4,方舟干员,3,PA44,狙击,速射手,行动预备组A4,拉特兰,2019-04-30,忒斯特收藏,无痕行者
安比尔,Ambriel,女性,1,立绘_安比尔_1.png,https://media.prts.wiki/3/3e/%E7%AB%8B%E7%BB%98_%E5%AE%89%E6%AF%94%E5%B0%94_1.png,拉特兰,方舟干员,4,LT02,狙击,神射手,拉特兰,拉特兰,2019-12-24,,
安比尔,Ambriel,女性,2,立绘_安比尔_2.png,https://media.prts.wiki/4/4e/%E7%AB%8B%E7%BB%98_%E5%AE%89%E6%AF%94%E5%B0%94_2.png,拉特兰,方舟干员,4,LT02,狙击,神射手,拉特兰,拉特兰,2019-12-24,,
安比尔,Ambriel,女性,skin1,立绘_安比尔_skin1.png,https://media.prts.wiki/1/1e/%E7%AB%8B%E7%BB%98_%E5%AE%89%E6%AF%94%E5%B0%94_skin1.png,拉特兰,方舟干员,4,LT02,狙击,神射手,拉特兰,拉特兰,2019-12-24,珊瑚海岸,悠然假日 HD29
安洁莉娜,Angelina,女性,1,立绘_安洁莉娜_1.png,https://media.prts.wiki/f/fe/%E7%AB%8B%E7%BB%98_%E5%AE%89%E6%B4%81%E8%8E%89%E5%A8%9C_1.png,叙拉古,方舟干员,6,SR02,辅助,凝滞师,叙拉古,叙拉古,2019-04-30,,
安洁莉娜,Angelina,女性,2,立绘_安洁莉娜_2.png,https://media.prts.wiki/0/02/%E7%AB%8B%E7%BB%98_%E5%AE%89%E6%B4%81%E8%8E%89%E5%A8%9C_2.png,叙拉古,方舟干员,6,SR02,辅助,凝滞师,叙拉古,叙拉古,2019-04-30,,
安洁莉娜,Angelina,女性,skin1,立绘_安洁莉娜_skin1.png,https://media.prts.wiki/f/f8/%E7%AB%8B%E7%BB%98_%E5%AE%89%E6%B4%81%E8%8E%89%E5%A8%9C_skin1.png,叙拉古,方舟干员,6,SR02,辅助,凝滞师,叙拉古,叙拉古,2019-04-30,斗争血脉,质素访客
安洁莉娜,Angelina,女性,skin2,立绘_安洁莉娜_skin2.png,https://media.prts.wiki/4/4b/%E7%AB%8B%E7%BB%98_%E5%AE%89%E6%B4%81%E8%8E%89%E5%A8%9C_skin2.png,叙拉古,方舟干员,6,SR02,辅助,凝滞师,叙拉古,叙拉古,2019-04-30,珊瑚海岸,夏卉 FA017
安赛尔,Ansel,男性,1,立绘_安赛尔_1.png,https://media.prts.wiki/e/e4/%E7%AB%8B%E7%BB%98_%E5%AE%89%E8%B5%9B%E5%B0%94_1.png,行动预备组A4,方舟干员,3,PA43,医疗,医师,行动预备组A4,雷姆必拓,2019-04-30,,
安赛尔,Ansel,男性,skin1,立绘_安赛尔_skin1.png,https://media.prts.wiki/8/8a/%E7%AB%8B%E7%BB%98_%E5%AE%89%E8%B5%9B%E5%B0%94_skin1.png,行动预备组A4,方舟干员,3,PA43,医疗,医师,行动预备组A4,雷姆必拓,2019-04-30,珊瑚海岸,悠然假日 HDm06
安赛尔,Ansel,男性,skin2,立绘_安赛尔_skin2.png,https://media.prts.wiki/b/b1/%E7%AB%8B%E7%BB%98_%E5%AE%89%E8%B5%9B%E5%B0%94_skin2.png,行动预备组A4,方舟干员,3,PA43,医疗,医师,行动预备组A4,雷姆必拓,2019-04-30,时代,晚间咖啡店
宴,Utage,女性,1,立绘_宴_1.png,https://media.prts.wiki/d/de/%E7%AB%8B%E7%BB%98_%E5%AE%B4_1.png,东,方舟干员,4,HK03,近卫,武者,东,东国,2020-03-17,,
宴,Utage,女性,2,立绘_宴_2.png,https://media.prts.wiki/0/05/%E7%AB%8B%E7%BB%98_%E5%AE%B4_2.png,东,方舟干员,4,HK03,近卫,武者,东,东国,2020-03-17,,
宴,Utage,女性,skin1,立绘_宴_skin1.png,https://media.prts.wiki/a/a6/%E7%AB%8B%E7%BB%98_%E5%AE%B4_skin1.png,东,方舟干员,4,HK03,近卫,武者,东,东国,2020-03-17,珊瑚海岸,夏卉 FA661
宴,Utage,女性,skin2,立绘_宴_skin2.png,https://media.prts.wiki/b/bd/%E7%AB%8B%E7%BB%98_%E5%AE%B4_skin2.png,东,方舟干员,4,HK03,近卫,武者,东,东国,2020-03-17,时代,伪装
寒檀,Santalla,女性,1,立绘_寒檀_1.png,https://media.prts.wiki/7/7a/%E7%AB%8B%E7%BB%98_%E5%AF%92%E6%AA%80_1.png,萨米,方舟干员,5,SI02,术师,扩散术师,萨米,萨米,2023-07-06,,
寒檀,Santalla,女性,2,立绘_寒檀_2.png,https://media.prts.wiki/4/43/%E7%AB%8B%E7%BB%98_%E5%AF%92%E6%AA%80_2.png,萨米,方舟干员,5,SI02,术师,扩散术师,萨米,萨米,2023-07-06,,
寒檀,Santalla,女性,skin1,立绘_寒檀_skin1.png,https://media.prts.wiki/4/44/%E7%AB%8B%E7%BB%98_%E5%AF%92%E6%AA%80_skin1.png,萨米,方舟干员,5,SI02,术师,扩散术师,萨米,萨米,2023-07-06,珊瑚海岸,悠然假日 HD71
寒芒克洛丝,Kroos the Keen Glint,女性,1,立绘_寒芒克洛丝_1.png,https://media.prts.wiki/5/51/%E7%AB%8B%E7%BB%98_%E5%AF%92%E8%8A%92%E5%85%8B%E6%B4%9B%E4%B8%9D_1.png,罗德岛,方舟干员,5,RF02,狙击,速射手,罗德岛,雷姆必拓,2022-01-25,,
寒芒克洛丝,Kroos the Keen Glint,女性,2,立绘_寒芒克洛丝_2.png,https://media.prts.wiki/2/2f/%E7%AB%8B%E7%BB%98_%E5%AF%92%E8%8A%92%E5%85%8B%E6%B4%9B%E4%B8%9D_2.png,罗德岛,方舟干员,5,RF02,狙击,速射手,罗德岛,雷姆必拓,2022-01-25,,
寒芒克洛丝,Kroos the Keen Glint,女性,skin1,立绘_寒芒克洛丝_skin1.png,https://media.prts.wiki/f/f9/%E7%AB%8B%E7%BB%98_%E5%AF%92%E8%8A%92%E5%85%8B%E6%B4%9B%E4%B8%9D_skin1.png,罗德岛,方舟干员,5,RF02,狙击,速射手,罗德岛,雷姆必拓,2022-01-25,0011™制造,廊下游
寒芒克洛丝,Kroos the Keen Glint,女性,skin2,立绘_寒芒克洛丝_skin2.png,https://media.prts.wiki/a/a3/%E7%AB%8B%E7%BB%98_%E5%AF%92%E8%8A%92%E5%85%8B%E6%B4%9B%E4%B8%9D_skin2.png,罗德岛,方舟干员,5,RF02,狙击,速射手,罗德岛,雷姆必拓,2022-01-25,成就之星,新手光环
寻澜,Surfer,女性,1,立绘_寻澜_1.png,https://media.prts.wiki/d/d5/%E7%AB%8B%E7%BB%98_%E5%AF%BB%E6%BE%9C_1.png,黑钢国际,方舟干员,5,BS07,先锋,情报官,黑钢国际,哥伦比亚,2025-01-22,,
寻澜,Surfer,女性,2,立绘_寻澜_2.png,https://media.prts.wiki/5/5a/%E7%AB%8B%E7%BB%98_%E5%AF%BB%E6%BE%9C_2.png,黑钢国际,方舟干员,5,BS07,先锋,情报官,黑钢国际,哥伦比亚,2025-01-22,,
寻澜,Surfer,女性,skin1,立绘_寻澜_skin1.png,https://media.prts.wiki/9/91/%E7%AB%8B%E7%BB%98_%E5%AF%BB%E6%BE%9C_skin1.png,黑钢国际,方舟干员,5,BS07,先锋,情报官,黑钢国际,哥伦比亚,2025-01-22,0011™制造,共凭栏
导火索,Fuze,男性,1,立绘_导火索_1.png,https://media.prts.wiki/a/ad/%E7%AB%8B%E7%BB%98_%E5%AF%BC%E7%81%AB%E7%B4%A2_1.png,彩虹小队,方舟干员,5,RS08,近卫,强攻手,彩虹小队,未知,2024-03-07,,
导火索,Fuze,男性,2,立绘_导火索_2.png,https://media.prts.wiki/1/1f/%E7%AB%8B%E7%BB%98_%E5%AF%BC%E7%81%AB%E7%B4%A2_2.png,彩虹小队,方舟干员,5,RS08,近卫,强攻手,彩虹小队,未知,2024-03-07,,
小满,Grain Buds,女性,1,立绘_小满_1.png,https://media.prts.wiki/9/92/%E7%AB%8B%E7%BB%98_%E5%B0%8F%E6%BB%A1_1.png,炎,方舟干员,5,YD14,辅助,凝滞师,炎,炎,2024-02-01,,
小满,Grain Buds,女性,2,立绘_小满_2.png,https://media.prts.wiki/1/1b/%E7%AB%8B%E7%BB%98_%E5%B0%8F%E6%BB%A1_2.png,炎,方舟干员,5,YD14,辅助,凝滞师,炎,炎,2024-02-01,,
小满,Grain Buds,女性,skin1,立绘_小满_skin1.png,https://media.prts.wiki/7/7a/%E7%AB%8B%E7%BB%98_%E5%B0%8F%E6%BB%A1_skin1.png,炎,方舟干员,5,YD14,辅助,凝滞师,炎,炎,2024-02-01,0011-韵系列,步芳兰
山,Mountain,男性,1,立绘_山_1.png,https://media.prts.wiki/7/74/%E7%AB%8B%E7%BB%98_%E5%B1%B1_1.png,哥伦比亚,方舟干员,6,CB05,近卫,斗士,哥伦比亚,哥伦比亚,2020-12-17,,
山,Mountain,男性,2,立绘_山_2.png,https://media.prts.wiki/c/cf/%E7%AB%8B%E7%BB%98_%E5%B1%B1_2.png,哥伦比亚,方舟干员,6,CB05,近卫,斗士,哥伦比亚,哥伦比亚,2020-12-17,,
山,Mountain,男性,skin1,立绘_山_skin1.png,https://media.prts.wiki/4/4c/%E7%AB%8B%E7%BB%98_%E5%B1%B1_skin1.png,哥伦比亚,方舟干员,6,CB05,近卫,斗士,哥伦比亚,哥伦比亚,2020-12-17,斗争血脉,乌云
山,Mountain,男性,skin2,立绘_山_skin2.png,https://media.prts.wiki/5/5b/%E7%AB%8B%E7%BB%98_%E5%B1%B1_skin2.png,哥伦比亚,方舟干员,6,CB05,近卫,斗士,哥伦比亚,哥伦比亚,2020-12-17,时代,读者
崖心,Cliffheart,女性,1,立绘_崖心_1.png,https://media.prts.wiki/a/a7/%E7%AB%8B%E7%BB%98_%E5%B4%96%E5%BF%83_1.png,谢拉格,方舟干员,5,JC06,特种,钩索师,谢拉格,谢拉格,2019-04-30,,
崖心,Cliffheart,女性,2,立绘_崖心_2.png,https://media.prts.wiki/d/da/%E7%AB%8B%E7%BB%98_%E5%B4%96%E5%BF%83_2.png,谢拉格,方舟干员,5,JC06,特种,钩索师,谢拉格,谢拉格,2019-04-30,,
崖心,Cliffheart,女性,skin1,立绘_崖心_skin1.png,https://media.prts.wiki/0/0d/%E7%AB%8B%E7%BB%98_%E5%B4%96%E5%BF%83_skin1.png,谢拉格,方舟干员,5,JC06,特种,钩索师,谢拉格,谢拉格,2019-04-30,生命之地,孤攀客
崖心,Cliffheart,女性,skin2,立绘_崖心_skin2.png,https://media.prts.wiki/a/a0/%E7%AB%8B%E7%BB%98_%E5%B4%96%E5%BF%83_skin2.png,谢拉格,方舟干员,5,JC06,特种,钩索师,谢拉格,谢拉格,2019-04-30,合作款,高原访客
嵯峨,Saga,女性,1,立绘_嵯峨_1.png,https://media.prts.wiki/4/40/%E7%AB%8B%E7%BB%98_%E5%B5%AF%E5%B3%A8_1.png,东,方舟干员,6,HK13,先锋,尖兵,东,东国,2021-02-05,,
嵯峨,Saga,女性,2,立绘_嵯峨_2.png,https://media.prts.wiki/9/9c/%E7%AB%8B%E7%BB%98_%E5%B5%AF%E5%B3%A8_2.png,东,方舟干员,6,HK13,先锋,尖兵,东,东国,2021-02-05,,
嵯峨,Saga,女性,skin0,立绘_嵯峨_skin0.png,https://media.prts.wiki/a/ab/%E7%AB%8B%E7%BB%98_%E5%B5%AF%E5%B3%A8_skin0.png,东,方舟干员,6,HK13,先锋,尖兵,东,东国,2021-02-05,,
嵯峨,Saga,女性,skin1,立绘_嵯峨_skin1.png,https://media.prts.wiki/2/2d/%E7%AB%8B%E7%BB%98_%E5%B5%AF%E5%B3%A8_skin1.png,东,方舟干员,6,HK13,先锋,尖兵,东,东国,2021-02-05,忒斯特收藏,彼有
巡林者,Rangers,男性,1,立绘_巡林者_1.png,https://media.prts.wiki/c/c8/%E7%AB%8B%E7%BB%98_%E5%B7%A1%E6%9E%97%E8%80%85_1.png,行动组A4,方舟干员,2,A42,狙击,速射手,行动组A4,未公开,2019-04-30,,
左乐,Zuo Le,男性,1,立绘_左乐_1.png,https://media.prts.wiki/6/64/%E7%AB%8B%E7%BB%98_%E5%B7%A6%E4%B9%90_1.png,炎,方舟干员,6,YD06,近卫,武者,炎,炎,2024-02-01,,
左乐,Zuo Le,男性,2,立绘_左乐_2.png,https://media.prts.wiki/7/7a/%E7%AB%8B%E7%BB%98_%E5%B7%A6%E4%B9%90_2.png,炎,方舟干员,6,YD06,近卫,武者,炎,炎,2024-02-01,,
左乐,Zuo Le,男性,skin1,立绘_左乐_skin1.png,https://media.prts.wiki/c/ce/%E7%AB%8B%E7%BB%98_%E5%B7%A6%E4%B9%90_skin1.png,炎,方舟干员,6,YD06,近卫,武者,炎,炎,2024-02-01,0011™制造,少年游
左乐,Zuo Le,男性,skin2,立绘_左乐_skin2.png,https://media.prts.wiki/0/0b/%E7%AB%8B%E7%BB%98_%E5%B7%A6%E4%B9%90_skin2.png,炎,方舟干员,6,YD06,近卫,武者,炎,炎,2024-02-01,忒斯特收藏,无息破局
巫恋,Shamare,女性,1,立绘_巫恋_1.png,https://media.prts.wiki/e/e3/%E7%AB%8B%E7%BB%98_%E5%B7%AB%E6%81%8B_1.png,叙拉古,方舟干员,5,R148,辅助,削弱者,叙拉古,叙拉古,2020-04-21,,
巫恋,Shamare,女性,2,立绘_巫恋_2.png,https://media.prts.wiki/6/65/%E7%AB%8B%E7%BB%98_%E5%B7%AB%E6%81%8B_2.png,叙拉古,方舟干员,5,R148,辅助,削弱者,叙拉古,叙拉古,2020-04-21,,
巫恋,Shamare,女性,skin1,立绘_巫恋_skin1.png,https://media.prts.wiki/1/19/%E7%AB%8B%E7%BB%98_%E5%B7%AB%E6%81%8B_skin1.png,叙拉古,方舟干员,5,R148,辅助,削弱者,叙拉古,叙拉古,2020-04-21,巫异盛宴,魔城回响
巫恋,Shamare,女性,skin2,立绘_巫恋_skin2.png,https://media.prts.wiki/1/16/%E7%AB%8B%E7%BB%98_%E5%B7%AB%E6%81%8B_skin2.png,叙拉古,方舟干员,5,R148,辅助,削弱者,叙拉古,叙拉古,2020-04-21,0011-韵系列,绣云鹤
布丁,Pudding,女性,1,立绘_布丁_1.png,https://media.prts.wiki/3/30/%E7%AB%8B%E7%BB%98_%E5%B8%83%E4%B8%81_1.png,哥伦比亚,方舟干员,4,CB03,术师,链术师,哥伦比亚,哥伦比亚,2021-11-01,,
布丁,Pudding,女性,2,立绘_布丁_2.png,https://media.prts.wiki/e/ed/%E7%AB%8B%E7%BB%98_%E5%B8%83%E4%B8%81_2.png,哥伦比亚,方舟干员,4,CB03,术师,链术师,哥伦比亚,哥伦比亚,2021-11-01,,
布丁,Pudding,女性,skin1,立绘_布丁_skin1.png,https://media.prts.wiki/a/a6/%E7%AB%8B%E7%BB%98_%E5%B8%83%E4%B8%81_skin1.png,哥伦比亚,方舟干员,4,CB03,术师,链术师,哥伦比亚,哥伦比亚,2021-11-01,冰原信使,火树灵
布洛卡,Broca,男性,1,立绘_布洛卡_1.png,https://media.prts.wiki/1/1c/%E7%AB%8B%E7%BB%98_%E5%B8%83%E6%B4%9B%E5%8D%A1_1.png,贾维团伙,方舟干员,5,SR27,近卫,强攻手,贾维团伙,叙拉古,2019-12-10,,
布洛卡,Broca,男性,2,立绘_布洛卡_2.png,https://media.prts.wiki/f/fb/%E7%AB%8B%E7%BB%98_%E5%B8%83%E6%B4%9B%E5%8D%A1_2.png,贾维团伙,方舟干员,5,SR27,近卫,强攻手,贾维团伙,叙拉古,2019-12-10,,
布洛卡,Broca,男性,skin1,立绘_布洛卡_skin1.png,https://media.prts.wiki/b/b3/%E7%AB%8B%E7%BB%98_%E5%B8%83%E6%B4%9B%E5%8D%A1_skin1.png,贾维团伙,方舟干员,5,SR27,近卫,强攻手,贾维团伙,叙拉古,2019-12-10,玛尔特,组间休息
帕拉斯,Pallas,女性,1,立绘_帕拉斯_1.png,https://media.prts.wiki/e/ef/%E7%AB%8B%E7%BB%98_%E5%B8%95%E6%8B%89%E6%96%AF_1.png,米诺斯,方舟干员,6,MN04,近卫,教官,米诺斯,米诺斯,2021-07-02,,
帕拉斯,Pallas,女性,2,立绘_帕拉斯_2.png,https://media.prts.wiki/e/ea/%E7%AB%8B%E7%BB%98_%E5%B8%95%E6%8B%89%E6%96%AF_2.png,米诺斯,方舟干员,6,MN04,近卫,教官,米诺斯,米诺斯,2021-07-02,,
帕拉斯,Pallas,女性,skin1,立绘_帕拉斯_skin1.png,https://media.prts.wiki/3/3e/%E7%AB%8B%E7%BB%98_%E5%B8%95%E6%8B%89%E6%96%AF_skin1.png,米诺斯,方舟干员,6,MN04,近卫,教官,米诺斯,米诺斯,2021-07-02,时代,传承
帕拉斯,Pallas,女性,skin2,立绘_帕拉斯_skin2.png,https://media.prts.wiki/7/7a/%E7%AB%8B%E7%BB%98_%E5%B8%95%E6%8B%89%E6%96%AF_skin2.png,米诺斯,方舟干员,6,MN04,近卫,教官,米诺斯,米诺斯,2021-07-02,时代,山川的酿造
年,Nian,女性,1,立绘_年_1.png,https://media.prts.wiki/c/c9/%E7%AB%8B%E7%BB%98_%E5%B9%B4_1.png,炎-岁,方舟干员,6,NM01,重装,铁卫,炎-岁,炎,2020-01-16,,
年,Nian,女性,2,立绘_年_2.png,https://media.prts.wiki/1/15/%E7%AB%8B%E7%BB%98_%E5%B9%B4_2.png,炎-岁,方舟干员,6,NM01,重装,铁卫,炎-岁,炎,2020-01-16,,
年,Nian,女性,skin1,立绘_年_skin1.png,https://media.prts.wiki/6/6f/%E7%AB%8B%E7%BB%98_%E5%B9%B4_skin1.png,炎-岁,方舟干员,6,NM01,重装,铁卫,炎-岁,炎,2020-01-16,0011™制造,乐逍遥
年,Nian,女性,skin2,立绘_年_skin2.png,https://media.prts.wiki/4/41/%E7%AB%8B%E7%BB%98_%E5%B9%B4_skin2.png,炎-岁,方舟干员,6,NM01,重装,铁卫,炎-岁,炎,2020-01-16,合作款,霹雳导演
幽灵鲨,Specter,女性,1,立绘_幽灵鲨_1.png,https://media.prts.wiki/5/50/%E7%AB%8B%E7%BB%98_%E5%B9%BD%E7%81%B5%E9%B2%A8_1.png,深海猎人,方舟干员,5,AA02,近卫,强攻手,深海猎人,阿戈尔,2019-04-30,,
幽灵鲨,Specter,女性,2,立绘_幽灵鲨_2.png,https://media.prts.wiki/d/d3/%E7%AB%8B%E7%BB%98_%E5%B9%BD%E7%81%B5%E9%B2%A8_2.png,深海猎人,方舟干员,5,AA02,近卫,强攻手,深海猎人,阿戈尔,2019-04-30,,
幽灵鲨,Specter,女性,skin1,立绘_幽灵鲨_skin1.png,https://media.prts.wiki/0/08/%E7%AB%8B%E7%BB%98_%E5%B9%BD%E7%81%B5%E9%B2%A8_skin1.png,深海猎人,方舟干员,5,AA02,近卫,强攻手,深海猎人,阿戈尔,2019-04-30,寒武纪™系列,暗流
异客,Passenger,男性,1,立绘_异客_1.png,https://media.prts.wiki/1/16/%E7%AB%8B%E7%BB%98_%E5%BC%82%E5%AE%A2_1.png,萨尔贡,方舟干员,6,SG07,术师,链术师,萨尔贡,哥伦比亚,2021-04-15,,
异客,Passenger,男性,2,立绘_异客_2.png,https://media.prts.wiki/3/3f/%E7%AB%8B%E7%BB%98_%E5%BC%82%E5%AE%A2_2.png,萨尔贡,方舟干员,6,SG07,术师,链术师,萨尔贡,哥伦比亚,2021-04-15,,
异客,Passenger,男性,skin1,立绘_异客_skin1.png,https://media.prts.wiki/7/74/%E7%AB%8B%E7%BB%98_%E5%BC%82%E5%AE%A2_skin1.png,萨尔贡,方舟干员,6,SG07,术师,链术师,萨尔贡,哥伦比亚,2021-04-15,时代,今昔须臾之梦
弑君者,Crownslayer,女性,1,立绘_弑君者_1.png,https://media.prts.wiki/6/69/%E7%AB%8B%E7%BB%98_%E5%BC%91%E5%90%9B%E8%80%85_1.png,罗德岛,方舟干员,6,R315,特种,处决者,罗德岛,乌萨斯,2024-11-01,,
弑君者,Crownslayer,女性,2,立绘_弑君者_2.png,https://media.prts.wiki/b/bc/%E7%AB%8B%E7%BB%98_%E5%BC%91%E5%90%9B%E8%80%85_2.png,罗德岛,方舟干员,6,R315,特种,处决者,罗德岛,乌萨斯,2024-11-01,,
弑君者,Crownslayer,女性,skin1,立绘_弑君者_skin1.png,https://media.prts.wiki/e/e0/%E7%AB%8B%E7%BB%98_%E5%BC%91%E5%90%9B%E8%80%85_skin1.png,罗德岛,方舟干员,6,R315,特种,处决者,罗德岛,乌萨斯,2024-11-01,命途迭代,夜之终局
引星棘刺,Thorns the Lodestar,男性,1,立绘_引星棘刺_1.png,https://media.prts.wiki/c/c1/%E7%AB%8B%E7%BB%98_%E5%BC%95%E6%98%9F%E6%A3%98%E5%88%BA_1.png,伊比利亚,方舟干员,6,II02,特种,炼金师,伊比利亚,伊比利亚,2024-12-05,,
引星棘刺,Thorns the Lodestar,男性,2,立绘_引星棘刺_2.png,https://media.prts.wiki/b/bf/%E7%AB%8B%E7%BB%98_%E5%BC%95%E6%98%9F%E6%A3%98%E5%88%BA_2.png,伊比利亚,方舟干员,6,II02,特种,炼金师,伊比利亚,伊比利亚,2024-12-05,,
引星棘刺,Thorns the Lodestar,男性,skin1,立绘_引星棘刺_skin1.png,https://media.prts.wiki/f/f3/%E7%AB%8B%E7%BB%98_%E5%BC%95%E6%98%9F%E6%A3%98%E5%88%BA_skin1.png,伊比利亚,方舟干员,6,II02,特种,炼金师,伊比利亚,伊比利亚,2024-12-05,玛尔特,无际之帆
归溟幽灵鲨,Specter the Unchained,女性,1,立绘_归溟幽灵鲨_1.png,https://media.prts.wiki/f/fc/%E7%AB%8B%E7%BB%98_%E5%BD%92%E6%BA%9F%E5%B9%BD%E7%81%B5%E9%B2%A8_1.png,深海猎人,方舟干员,6,CR02,特种,傀儡师,深海猎人,阿戈尔,2022-05-01,,
归溟幽灵鲨,Specter the Unchained,女性,2,立绘_归溟幽灵鲨_2.png,https://media.prts.wiki/1/16/%E7%AB%8B%E7%BB%98_%E5%BD%92%E6%BA%9F%E5%B9%BD%E7%81%B5%E9%B2%A8_2.png,深海猎人,方舟干员,6,CR02,特种,傀儡师,深海猎人,阿戈尔,2022-05-01,,
归溟幽灵鲨,Specter the Unchained,女性,skin1,立绘_归溟幽灵鲨_skin1.png,https://media.prts.wiki/0/0d/%E7%AB%8B%E7%BB%98_%E5%BD%92%E6%BA%9F%E5%B9%BD%E7%81%B5%E9%B2%A8_skin1.png,深海猎人,方舟干员,6,CR02,特种,傀儡师,深海猎人,阿戈尔,2022-05-01,斗争血脉,生而为一
录武官,Record Keeper,男性,1,立绘_录武官_1.png,https://media.prts.wiki/b/bf/%E7%AB%8B%E7%BB%98_%E5%BD%95%E6%AD%A6%E5%AE%98_1.png,炎,方舟干员,5,YD26,医疗,医师,炎,炎,2025-07-08,,
录武官,Record Keeper,男性,2,立绘_录武官_2.png,https://media.prts.wiki/8/8a/%E7%AB%8B%E7%BB%98_%E5%BD%95%E6%AD%A6%E5%AE%98_2.png,炎,方舟干员,5,YD26,医疗,医师,炎,炎,2025-07-08,,
微风,Breeze,女性,1,立绘_微风_1.png,https://media.prts.wiki/e/e7/%E7%AB%8B%E7%BB%98_%E5%BE%AE%E9%A3%8E_1.png,维多利亚,方舟干员,5,R132,医疗,群愈师,维多利亚,维多利亚,2019-11-01,,
微风,Breeze,女性,2,立绘_微风_2.png,https://media.prts.wiki/0/01/%E7%AB%8B%E7%BB%98_%E5%BE%AE%E9%A3%8E_2.png,维多利亚,方舟干员,5,R132,医疗,群愈师,维多利亚,维多利亚,2019-11-01,,
微风,Breeze,女性,skin1,立绘_微风_skin1.png,https://media.prts.wiki/0/0b/%E7%AB%8B%E7%BB%98_%E5%BE%AE%E9%A3%8E_skin1.png,维多利亚,方舟干员,5,R132,医疗,群愈师,维多利亚,维多利亚,2019-11-01,待予花冠,半甜草莓
德克萨斯,Texas,女性,1,立绘_德克萨斯_1.png,https://media.prts.wiki/f/fc/%E7%AB%8B%E7%BB%98_%E5%BE%B7%E5%85%8B%E8%90%A8%E6%96%AF_1.png,企鹅物流,方舟干员,5,PL02,先锋,尖兵,企鹅物流,哥伦比亚,2019-04-30,,
德克萨斯,Texas,女性,2,立绘_德克萨斯_2.png,https://media.prts.wiki/f/fc/%E7%AB%8B%E7%BB%98_%E5%BE%B7%E5%85%8B%E8%90%A8%E6%96%AF_2.png,企鹅物流,方舟干员,5,PL02,先锋,尖兵,企鹅物流,哥伦比亚,2019-04-30,,
德克萨斯,Texas,女性,skin1,立绘_德克萨斯_skin1.png,https://media.prts.wiki/1/1f/%E7%AB%8B%E7%BB%98_%E5%BE%B7%E5%85%8B%E8%90%A8%E6%96%AF_skin1.png,企鹅物流,方舟干员,5,PL02,先锋,尖兵,企鹅物流,哥伦比亚,2019-04-30,寒武纪™系列,寒冬信使
德克萨斯,Texas,女性,skin2,立绘_德克萨斯_skin2.png,https://media.prts.wiki/2/2b/%E7%AB%8B%E7%BB%98_%E5%BE%B7%E5%85%8B%E8%90%A8%E6%96%AF_skin2.png,企鹅物流,方舟干员,5,PL02,先锋,尖兵,企鹅物流,哥伦比亚,2019-04-30,时代,意志
忍冬,Vulpisfoglia,女性,1,立绘_忍冬_1.png,https://media.prts.wiki/c/ca/%E7%AB%8B%E7%BB%98_%E5%BF%8D%E5%86%AC_1.png,叙拉古,方舟干员,6,SR40,先锋,尖兵,叙拉古,叙拉古,2024-11-01,,
忍冬,Vulpisfoglia,女性,2,立绘_忍冬_2.png,https://media.prts.wiki/0/02/%E7%AB%8B%E7%BB%98_%E5%BF%8D%E5%86%AC_2.png,叙拉古,方舟干员,6,SR40,先锋,尖兵,叙拉古,叙拉古,2024-11-01,,
怒潮凛冬,Zima the Raging Tide,女性,1,立绘_怒潮凛冬_1.png,https://media.prts.wiki/4/42/%E7%AB%8B%E7%BB%98_%E6%80%92%E6%BD%AE%E5%87%9B%E5%86%AC_1.png,乌萨斯学生自治团,方舟干员,6,USS0,近卫,撼地者,乌萨斯学生自治团,乌萨斯,2026-04-07,,
怒潮凛冬,Zima the Raging Tide,女性,2,立绘_怒潮凛冬_2.png,https://media.prts.wiki/5/56/%E7%AB%8B%E7%BB%98_%E6%80%92%E6%BD%AE%E5%87%9B%E5%86%AC_2.png,乌萨斯学生自治团,方舟干员,6,USS0,近卫,撼地者,乌萨斯学生自治团,乌萨斯,2026-04-07,,
惊蛰,Leizi,女性,1,立绘_惊蛰_1.png,https://media.prts.wiki/9/9f/%E7%AB%8B%E7%BB%98_%E6%83%8A%E8%9B%B0_1.png,炎,方舟干员,5,YD05,术师,链术师,炎,炎,2020-02-25,,
惊蛰,Leizi,女性,2,立绘_惊蛰_2.png,https://media.prts.wiki/c/cf/%E7%AB%8B%E7%BB%98_%E6%83%8A%E8%9B%B0_2.png,炎,方舟干员,5,YD05,术师,链术师,炎,炎,2020-02-25,,
惊蛰,Leizi,女性,skin1,立绘_惊蛰_skin1.png,https://media.prts.wiki/b/b4/%E7%AB%8B%E7%BB%98_%E6%83%8A%E8%9B%B0_skin1.png,炎,方舟干员,5,YD05,术师,链术师,炎,炎,2020-02-25,成就之星,遗迹游学者
慑砂,Sesa,男性,1,立绘_慑砂_1.png,https://media.prts.wiki/0/0b/%E7%AB%8B%E7%BB%98_%E6%85%91%E7%A0%82_1.png,萨尔贡,方舟干员,5,R158,狙击,炮手,萨尔贡,萨尔贡,2020-03-17,,
慑砂,Sesa,男性,2,立绘_慑砂_2.png,https://media.prts.wiki/9/99/%E7%AB%8B%E7%BB%98_%E6%85%91%E7%A0%82_2.png,萨尔贡,方舟干员,5,R158,狙击,炮手,萨尔贡,萨尔贡,2020-03-17,,
慑砂,Sesa,男性,skin1,立绘_慑砂_skin1.png,https://media.prts.wiki/5/5e/%E7%AB%8B%E7%BB%98_%E6%85%91%E7%A0%82_skin1.png,萨尔贡,方舟干员,5,R158,狙击,炮手,萨尔贡,萨尔贡,2020-03-17,成就之星,万物有灵
慕斯,Mousse,女性,1,立绘_慕斯_1.png,https://media.prts.wiki/c/c5/%E7%AB%8B%E7%BB%98_%E6%85%95%E6%96%AF_1.png,维多利亚,方舟干员,4,VC04,近卫,术战者,维多利亚,维多利亚,2019-04-30,,
慕斯,Mousse,女性,2,立绘_慕斯_2.png,https://media.prts.wiki/d/d3/%E7%AB%8B%E7%BB%98_%E6%85%95%E6%96%AF_2.png,维多利亚,方舟干员,4,VC04,近卫,术战者,维多利亚,维多利亚,2019-04-30,,
慕斯,Mousse,女性,skin1,立绘_慕斯_skin1.png,https://media.prts.wiki/5/52/%E7%AB%8B%E7%BB%98_%E6%85%95%E6%96%AF_skin1.png,维多利亚,方舟干员,4,VC04,近卫,术战者,维多利亚,维多利亚,2019-04-30,生命之地,营地炊烟
慕斯,Mousse,女性,skin2,立绘_慕斯_skin2.png,https://media.prts.wiki/e/ea/%E7%AB%8B%E7%BB%98_%E6%85%95%E6%96%AF_skin2.png,维多利亚,方舟干员,4,VC04,近卫,术战者,维多利亚,维多利亚,2019-04-30,玛尔特,补水时间
战车,Tachanka,男性,1,立绘_战车_1.png,https://media.prts.wiki/7/7b/%E7%AB%8B%E7%BB%98_%E6%88%98%E8%BD%A6_1.png,彩虹小队,方舟干员,5,RS04,近卫,剑豪,彩虹小队,未知,2021-03-09,,
战车,Tachanka,男性,2,立绘_战车_2.png,https://media.prts.wiki/3/33/%E7%AB%8B%E7%BB%98_%E6%88%98%E8%BD%A6_2.png,彩虹小队,方舟干员,5,RS04,近卫,剑豪,彩虹小队,未知,2021-03-09,,
战车,Tachanka,男性,skin1,立绘_战车_skin1.png,https://media.prts.wiki/f/f1/%E7%AB%8B%E7%BB%98_%E6%88%98%E8%BD%A6_skin1.png,彩虹小队,方舟干员,5,RS04,近卫,剑豪,彩虹小队,未知,2021-03-09,合作款,领主
截云,Jieyun,女性,1,立绘_截云_1.png,https://media.prts.wiki/5/5b/%E7%AB%8B%E7%BB%98_%E6%88%AA%E4%BA%91_1.png,炎,方舟干员,5,YD15,狙击,炮手,炎,炎,2023-01-17,,
截云,Jieyun,女性,2,立绘_截云_2.png,https://media.prts.wiki/2/2e/%E7%AB%8B%E7%BB%98_%E6%88%AA%E4%BA%91_2.png,炎,方舟干员,5,YD15,狙击,炮手,炎,炎,2023-01-17,,
截云,Jieyun,女性,skin1,立绘_截云_skin1.png,https://media.prts.wiki/d/d3/%E7%AB%8B%E7%BB%98_%E6%88%AA%E4%BA%91_skin1.png,炎,方舟干员,5,YD15,狙击,炮手,炎,炎,2023-01-17,0011-韵系列,伴青莲
戴菲恩,Delphine,女性,1,立绘_戴菲恩_1.png,https://media.prts.wiki/b/bc/%E7%AB%8B%E7%BB%98_%E6%88%B4%E8%8F%B2%E6%81%A9_1.png,维多利亚,方舟干员,5,VC23,术师,秘术师,维多利亚,维多利亚,2023-10-08,,
戴菲恩,Delphine,女性,2,立绘_戴菲恩_2.png,https://media.prts.wiki/a/a4/%E7%AB%8B%E7%BB%98_%E6%88%B4%E8%8F%B2%E6%81%A9_2.png,维多利亚,方舟干员,5,VC23,术师,秘术师,维多利亚,维多利亚,2023-10-08,,
承曦格雷伊,Greyy the Lightningbearer,男性,1,立绘_承曦格雷伊_1.png,https://media.prts.wiki/b/b7/%E7%AB%8B%E7%BB%98_%E6%89%BF%E6%9B%A6%E6%A0%BC%E9%9B%B7%E4%BC%8A_1.png,罗德岛,方舟干员,5,RF23,狙击,投掷手,罗德岛,玻利瓦尔,2022-07-05,,
承曦格雷伊,Greyy the Lightningbearer,男性,2,立绘_承曦格雷伊_2.png,https://media.prts.wiki/0/09/%E7%AB%8B%E7%BB%98_%E6%89%BF%E6%9B%A6%E6%A0%BC%E9%9B%B7%E4%BC%8A_2.png,罗德岛,方舟干员,5,RF23,狙击,投掷手,罗德岛,玻利瓦尔,2022-07-05,,
承曦格雷伊,Greyy the Lightningbearer,男性,skin1,立绘_承曦格雷伊_skin1.png,https://media.prts.wiki/a/a0/%E7%AB%8B%E7%BB%98_%E6%89%BF%E6%9B%A6%E6%A0%BC%E9%9B%B7%E4%BC%8A_skin1.png,罗德岛,方舟干员,5,RF23,狙击,投掷手,罗德岛,玻利瓦尔,2022-07-05,冰原信使,演出后的王子
承曦格雷伊,Greyy the Lightningbearer,男性,skin2,立绘_承曦格雷伊_skin2.png,https://media.prts.wiki/e/ed/%E7%AB%8B%E7%BB%98_%E6%89%BF%E6%9B%A6%E6%A0%BC%E9%9B%B7%E4%BC%8A_skin2.png,罗德岛,方舟干员,5,RF23,狙击,投掷手,罗德岛,玻利瓦尔,2022-07-05,破格视界,生化沉溺
折光,Diamante,男性,1,立绘_折光_1.png,https://media.prts.wiki/e/e7/%E7%AB%8B%E7%BB%98_%E6%8A%98%E5%85%89_1.png,莱塔尼亚,方舟干员,5,LN21,术师,本源术师,莱塔尼亚,莱塔尼亚,2023-11-01,,
折光,Diamante,男性,2,立绘_折光_2.png,https://media.prts.wiki/c/c2/%E7%AB%8B%E7%BB%98_%E6%8A%98%E5%85%89_2.png,莱塔尼亚,方舟干员,5,LN21,术师,本源术师,莱塔尼亚,莱塔尼亚,2023-11-01,,
折光,Diamante,男性,skin1,立绘_折光_skin1.png,https://media.prts.wiki/a/a2/%E7%AB%8B%E7%BB%98_%E6%8A%98%E5%85%89_skin1.png,莱塔尼亚,方舟干员,5,LN21,术师,本源术师,莱塔尼亚,莱塔尼亚,2023-11-01,时代,斜照
折桠,Веточки,女性,1,立绘_折桠_1.png,https://media.prts.wiki/7/75/%E7%AB%8B%E7%BB%98_%E6%8A%98%E6%A1%A0_1.png,乌萨斯,方舟干员,5,US35,重装,不屈者,乌萨斯,乌萨斯,2025-10-09,,
折桠,Веточки,女性,2,立绘_折桠_2.png,https://media.prts.wiki/d/db/%E7%AB%8B%E7%BB%98_%E6%8A%98%E6%A1%A0_2.png,乌萨斯,方舟干员,5,US35,重装,不屈者,乌萨斯,乌萨斯,2025-10-09,,
拉普兰德,Lappland,女性,1,立绘_拉普兰德_1.png,https://media.prts.wiki/7/75/%E7%AB%8B%E7%BB%98_%E6%8B%89%E6%99%AE%E5%85%B0%E5%BE%B7_1.png,叙拉古,方舟干员,5,SR01,近卫,领主,叙拉古,叙拉古,2019-04-30,,
拉普兰德,Lappland,女性,2,立绘_拉普兰德_2.png,https://media.prts.wiki/f/fe/%E7%AB%8B%E7%BB%98_%E6%8B%89%E6%99%AE%E5%85%B0%E5%BE%B7_2.png,叙拉古,方舟干员,5,SR01,近卫,领主,叙拉古,叙拉古,2019-04-30,,
拉普兰德,Lappland,女性,skin1,立绘_拉普兰德_skin1.png,https://media.prts.wiki/1/11/%E7%AB%8B%E7%BB%98_%E6%8B%89%E6%99%AE%E5%85%B0%E5%BE%B7_skin1.png,叙拉古,方舟干员,5,SR01,近卫,领主,叙拉古,叙拉古,2019-04-30,斗争血脉,典雅噩兆
拜松,Bison,男性,1,立绘_拜松_1.png,https://media.prts.wiki/8/80/%E7%AB%8B%E7%BB%98_%E6%8B%9C%E6%9D%BE_1.png,炎-龙门,方舟干员,5,LM15,重装,铁卫,炎-龙门,龙门,2019-11-19,,
拜松,Bison,男性,2,立绘_拜松_2.png,https://media.prts.wiki/7/72/%E7%AB%8B%E7%BB%98_%E6%8B%9C%E6%9D%BE_2.png,炎-龙门,方舟干员,5,LM15,重装,铁卫,炎-龙门,龙门,2019-11-19,,
拜松,Bison,男性,skin1,立绘_拜松_skin1.png,https://media.prts.wiki/a/a5/%E7%AB%8B%E7%BB%98_%E6%8B%9C%E6%9D%BE_skin1.png,炎-龙门,方舟干员,5,LM15,重装,铁卫,炎-龙门,龙门,2019-11-19,0011-韵系列,凌云意
掠风,Windflit,男性,1,立绘_掠风_1.png,https://media.prts.wiki/0/05/%E7%AB%8B%E7%BB%98_%E6%8E%A0%E9%A3%8E_1.png,哥伦比亚,方舟干员,5,CB19,辅助,工匠,哥伦比亚,哥伦比亚,2022-05-01,,
掠风,Windflit,男性,2,立绘_掠风_2.png,https://media.prts.wiki/5/5d/%E7%AB%8B%E7%BB%98_%E6%8E%A0%E9%A3%8E_2.png,哥伦比亚,方舟干员,5,CB19,辅助,工匠,哥伦比亚,哥伦比亚,2022-05-01,,
推进之王,Siege,女性,1,立绘_推进之王_1.png,https://media.prts.wiki/6/6f/%E7%AB%8B%E7%BB%98_%E6%8E%A8%E8%BF%9B%E4%B9%8B%E7%8E%8B_1.png,格拉斯哥帮,方舟干员,6,GG01,先锋,尖兵,格拉斯哥帮,维多利亚,2019-04-30,,
推进之王,Siege,女性,2,立绘_推进之王_2.png,https://media.prts.wiki/d/dd/%E7%AB%8B%E7%BB%98_%E6%8E%A8%E8%BF%9B%E4%B9%8B%E7%8E%8B_2.png,格拉斯哥帮,方舟干员,6,GG01,先锋,尖兵,格拉斯哥帮,维多利亚,2019-04-30,,
推进之王,Siege,女性,skin1,立绘_推进之王_skin1.png,https://media.prts.wiki/c/c1/%E7%AB%8B%E7%BB%98_%E6%8E%A8%E8%BF%9B%E4%B9%8B%E7%8E%8B_skin1.png,格拉斯哥帮,方舟干员,6,GG01,先锋,尖兵,格拉斯哥帮,维多利亚,2019-04-30,生命之地,遗石
推进之王,Siege,女性,skin2,立绘_推进之王_skin2.png,https://media.prts.wiki/b/bd/%E7%AB%8B%E7%BB%98_%E6%8E%A8%E8%BF%9B%E4%B9%8B%E7%8E%8B_skin2.png,格拉斯哥帮,方舟干员,6,GG01,先锋,尖兵,格拉斯哥帮,维多利亚,2019-04-30,雷神推进者,摧城
提丰,Typhon,女性,1,立绘_提丰_1.png,https://media.prts.wiki/8/8e/%E7%AB%8B%E7%BB%98_%E6%8F%90%E4%B8%B0_1.png,萨米,方舟干员,6,SI07,狙击,攻城手,萨米,萨米,2023-07-06,,
提丰,Typhon,女性,2,立绘_提丰_2.png,https://media.prts.wiki/9/9f/%E7%AB%8B%E7%BB%98_%E6%8F%90%E4%B8%B0_2.png,萨米,方舟干员,6,SI07,狙击,攻城手,萨米,萨米,2023-07-06,,
提丰,Typhon,女性,skin1,立绘_提丰_skin1.png,https://media.prts.wiki/0/01/%E7%AB%8B%E7%BB%98_%E6%8F%90%E4%B8%B0_skin1.png,萨米,方舟干员,6,SI07,狙击,攻城手,萨米,萨米,2023-07-06,生命之地,北地引路人
提丰,Typhon,女性,skin2,立绘_提丰_skin2.png,https://media.prts.wiki/3/30/%E7%AB%8B%E7%BB%98_%E6%8F%90%E4%B8%B0_skin2.png,萨米,方舟干员,6,SI07,狙击,攻城手,萨米,萨米,2023-07-06,珊瑚海岸,温差 RT.RX07
摆渡人,Varkáris,男性,1,立绘_摆渡人_1.png,https://media.prts.wiki/9/9a/%E7%AB%8B%E7%BB%98_%E6%91%86%E6%B8%A1%E4%BA%BA_1.png,米诺斯,方舟干员,5,MN08,近卫,强攻手,米诺斯,米诺斯,2026-01-09,,
摆渡人,Varkáris,男性,2,立绘_摆渡人_2.png,https://media.prts.wiki/f/f6/%E7%AB%8B%E7%BB%98_%E6%91%86%E6%B8%A1%E4%BA%BA_2.png,米诺斯,方舟干员,5,MN08,近卫,强攻手,米诺斯,米诺斯,2026-01-09,,
摩根,Morgan,女性,1,立绘_摩根_1.png,https://media.prts.wiki/5/59/%E7%AB%8B%E7%BB%98_%E6%91%A9%E6%A0%B9_1.png,格拉斯哥帮,方舟干员,5,GG02,近卫,无畏者,格拉斯哥帮,维多利亚,2023-04-06,,
摩根,Morgan,女性,2,立绘_摩根_2.png,https://media.prts.wiki/d/d1/%E7%AB%8B%E7%BB%98_%E6%91%A9%E6%A0%B9_2.png,格拉斯哥帮,方舟干员,5,GG02,近卫,无畏者,格拉斯哥帮,维多利亚,2023-04-06,,
摩根,Morgan,女性,skin1,立绘_摩根_skin1.png,https://media.prts.wiki/4/4d/%E7%AB%8B%E7%BB%98_%E6%91%A9%E6%A0%B9_skin1.png,格拉斯哥帮,方舟干员,5,GG02,近卫,无畏者,格拉斯哥帮,维多利亚,2023-04-06,时代,字里行间
撷英调香师,Perfumer the Distilled,女性,1,立绘_撷英调香师_1.png,https://media.prts.wiki/c/c7/%E7%AB%8B%E7%BB%98_%E6%92%B7%E8%8B%B1%E8%B0%83%E9%A6%99%E5%B8%88_1.png,罗德岛,方舟干员,5,RF31,辅助,护佑者,罗德岛,米诺斯,2026-01-09,,
撷英调香师,Perfumer the Distilled,女性,2,立绘_撷英调香师_2.png,https://media.prts.wiki/1/15/%E7%AB%8B%E7%BB%98_%E6%92%B7%E8%8B%B1%E8%B0%83%E9%A6%99%E5%B8%88_2.png,罗德岛,方舟干员,5,RF31,辅助,护佑者,罗德岛,米诺斯,2026-01-09,,
斑点,Spot,男性,1,立绘_斑点_1.png,https://media.prts.wiki/8/8a/%E7%AB%8B%E7%BB%98_%E6%96%91%E7%82%B9_1.png,行动预备组A6,方舟干员,3,PA64,重装,守护者,行动预备组A6,萨尔贡,2019-07-09,,
斑点,Spot,男性,skin1,立绘_斑点_skin1.png,https://media.prts.wiki/e/e9/%E7%AB%8B%E7%BB%98_%E6%96%91%E7%82%B9_skin1.png,行动预备组A6,方舟干员,3,PA64,重装,守护者,行动预备组A6,萨尔贡,2019-07-09,斗争血脉,专业人士
斑点,Spot,男性,skin2,立绘_斑点_skin2.png,https://media.prts.wiki/1/10/%E7%AB%8B%E7%BB%98_%E6%96%91%E7%82%B9_skin2.png,行动预备组A6,方舟干员,3,PA64,重装,守护者,行动预备组A6,萨尔贡,2019-07-09,,
斥罪,Penance,女性,1,立绘_斥罪_1.png,https://media.prts.wiki/7/79/%E7%AB%8B%E7%BB%98_%E6%96%A5%E7%BD%AA_1.png,叙拉古,方舟干员,6,SR35,重装,不屈者,叙拉古,叙拉古,2022-11-01,,
斥罪,Penance,女性,2,立绘_斥罪_2.png,https://media.prts.wiki/1/1a/%E7%AB%8B%E7%BB%98_%E6%96%A5%E7%BD%AA_2.png,叙拉古,方舟干员,6,SR35,重装,不屈者,叙拉古,叙拉古,2022-11-01,,
斥罪,Penance,女性,skin1,立绘_斥罪_skin1.png,https://media.prts.wiki/3/3d/%E7%AB%8B%E7%BB%98_%E6%96%A5%E7%BD%AA_skin1.png,叙拉古,方舟干员,6,SR35,重装,不屈者,叙拉古,叙拉古,2022-11-01,冰原信使,偶尔醉陶
斥罪,Penance,女性,skin2,立绘_斥罪_skin2.png,https://media.prts.wiki/5/56/%E7%AB%8B%E7%BB%98_%E6%96%A5%E7%BD%AA_skin2.png,叙拉古,方舟干员,6,SR35,重装,不屈者,叙拉古,叙拉古,2022-11-01,时代,记叙
斩业星熊,Hoshiguma the Breacher,女性,1,立绘_斩业星熊_1.png,https://media.prts.wiki/c/c4/%E7%AB%8B%E7%BB%98_%E6%96%A9%E4%B8%9A%E6%98%9F%E7%86%8A_1.png,龙门近卫局,方舟干员,6,LM23,重装,驭法铁卫,龙门近卫局,东国,2025-08-02,,
斩业星熊,Hoshiguma the Breacher,女性,2,立绘_斩业星熊_2.png,https://media.prts.wiki/6/6b/%E7%AB%8B%E7%BB%98_%E6%96%A9%E4%B8%9A%E6%98%9F%E7%86%8A_2.png,龙门近卫局,方舟干员,6,LM23,重装,驭法铁卫,龙门近卫局,东国,2025-08-02,,
断崖,Ayerscarpe,男性,1,立绘_断崖_1.png,https://media.prts.wiki/1/1b/%E7%AB%8B%E7%BB%98_%E6%96%AD%E5%B4%96_1.png,雷姆必拓,方舟干员,5,RB04,近卫,领主,雷姆必拓,雷姆必拓,2020-07-09,,
断崖,Ayerscarpe,男性,2,立绘_断崖_2.png,https://media.prts.wiki/a/a6/%E7%AB%8B%E7%BB%98_%E6%96%AD%E5%B4%96_2.png,雷姆必拓,方舟干员,5,RB04,近卫,领主,雷姆必拓,雷姆必拓,2020-07-09,,
断崖,Ayerscarpe,男性,skin1,立绘_断崖_skin1.png,https://media.prts.wiki/e/ed/%E7%AB%8B%E7%BB%98_%E6%96%AD%E5%B4%96_skin1.png,雷姆必拓,方舟干员,5,RB04,近卫,领主,雷姆必拓,雷姆必拓,2020-07-09,斗争血脉,受验者
断罪者,Conviction,其他,1,立绘_断罪者_1.png,https://media.prts.wiki/e/e2/%E7%AB%8B%E7%BB%98_%E6%96%AD%E7%BD%AA%E8%80%85_1.png,米诺斯,方舟干员,4,MN01,近卫,无畏者,米诺斯,米诺斯,2020-04-01,,
断罪者,Conviction,其他,2,立绘_断罪者_2.png,https://media.prts.wiki/d/d9/%E7%AB%8B%E7%BB%98_%E6%96%AD%E7%BD%AA%E8%80%85_2.png,米诺斯,方舟干员,4,MN01,近卫,无畏者,米诺斯,米诺斯,2020-04-01,,
断罪者,Conviction,其他,skin1,立绘_断罪者_skin1.png,https://media.prts.wiki/a/ad/%E7%AB%8B%E7%BB%98_%E6%96%AD%E7%BD%AA%E8%80%85_skin1.png,米诺斯,方舟干员,4,MN01,近卫,无畏者,米诺斯,米诺斯,2020-04-01,成就之星,超级断罪朋友
斯卡蒂,Skadi,女性,1,立绘_斯卡蒂_1.png,https://media.prts.wiki/4/45/%E7%AB%8B%E7%BB%98_%E6%96%AF%E5%8D%A1%E8%92%82_1.png,深海猎人,方舟干员,6,AA01,近卫,无畏者,深海猎人,阿戈尔,2019-05-30,,
斯卡蒂,Skadi,女性,2,立绘_斯卡蒂_2.png,https://media.prts.wiki/b/b8/%E7%AB%8B%E7%BB%98_%E6%96%AF%E5%8D%A1%E8%92%82_2.png,深海猎人,方舟干员,6,AA01,近卫,无畏者,深海猎人,阿戈尔,2019-05-30,,
斯卡蒂,Skadi,女性,skin1,立绘_斯卡蒂_skin1.png,https://media.prts.wiki/1/1b/%E7%AB%8B%E7%BB%98_%E6%96%AF%E5%8D%A1%E8%92%82_skin1.png,深海猎人,方舟干员,6,AA01,近卫,无畏者,深海猎人,阿戈尔,2019-05-30,珊瑚海岸,驭浪 WR04
斯卡蒂,Skadi,女性,skin2,立绘_斯卡蒂_skin2.png,https://media.prts.wiki/3/3d/%E7%AB%8B%E7%BB%98_%E6%96%AF%E5%8D%A1%E8%92%82_skin2.png,深海猎人,方舟干员,6,AA01,近卫,无畏者,深海猎人,阿戈尔,2019-05-30,玛尔特,下一顿午茶
新约能天使,Exusiai the New Covenant,女性,1,立绘_新约能天使_1.png,https://media.prts.wiki/5/56/%E7%AB%8B%E7%BB%98_%E6%96%B0%E7%BA%A6%E8%83%BD%E5%A4%A9%E4%BD%BF_1.png,企鹅物流,方舟干员,6,PL08,特种,怪杰,企鹅物流,拉特兰,2025-05-01,,
新约能天使,Exusiai the New Covenant,女性,2,立绘_新约能天使_2.png,https://media.prts.wiki/0/07/%E7%AB%8B%E7%BB%98_%E6%96%B0%E7%BA%A6%E8%83%BD%E5%A4%A9%E4%BD%BF_2.png,企鹅物流,方舟干员,6,PL08,特种,怪杰,企鹅物流,拉特兰,2025-05-01,,
早露,Роса,女性,1,立绘_早露_1.png,https://media.prts.wiki/6/6f/%E7%AB%8B%E7%BB%98_%E6%97%A9%E9%9C%B2_1.png,乌萨斯学生自治团,方舟干员,6,USS4,狙击,攻城手,乌萨斯学生自治团,乌萨斯,2020-06-18,,
早露,Роса,女性,2,立绘_早露_2.png,https://media.prts.wiki/8/87/%E7%AB%8B%E7%BB%98_%E6%97%A9%E9%9C%B2_2.png,乌萨斯学生自治团,方舟干员,6,USS4,狙击,攻城手,乌萨斯学生自治团,乌萨斯,2020-06-18,,
早露,Роса,女性,skin1,立绘_早露_skin1.png,https://media.prts.wiki/d/d0/%E7%AB%8B%E7%BB%98_%E6%97%A9%E9%9C%B2_skin1.png,乌萨斯学生自治团,方舟干员,6,USS4,狙击,攻城手,乌萨斯学生自治团,乌萨斯,2020-06-18,时代,杰作
早露,Роса,女性,skin2,立绘_早露_skin2.png,https://media.prts.wiki/3/3d/%E7%AB%8B%E7%BB%98_%E6%97%A9%E9%9C%B2_skin2.png,乌萨斯学生自治团,方舟干员,6,USS4,狙击,攻城手,乌萨斯学生自治团,乌萨斯,2020-06-18,合作款,常伴我身
明椒,Paprika,女性,1,立绘_明椒_1.png,https://media.prts.wiki/9/94/%E7%AB%8B%E7%BB%98_%E6%98%8E%E6%A4%92_1.png,罗德岛,方舟干员,5,R175,医疗,链愈师,罗德岛,哥伦比亚,2022-10-11,,
明椒,Paprika,女性,2,立绘_明椒_2.png,https://media.prts.wiki/6/6e/%E7%AB%8B%E7%BB%98_%E6%98%8E%E6%A4%92_2.png,罗德岛,方舟干员,5,R175,医疗,链愈师,罗德岛,哥伦比亚,2022-10-11,,
明椒,Paprika,女性,skin1,立绘_明椒_skin1.png,https://media.prts.wiki/e/e7/%E7%AB%8B%E7%BB%98_%E6%98%8E%E6%A4%92_skin1.png,罗德岛,方舟干员,5,R175,医疗,链愈师,罗德岛,哥伦比亚,2022-10-11,0011-飙系列,来路
星极,Astesia,女性,1,立绘_星极_1.png,https://media.prts.wiki/b/bb/%E7%AB%8B%E7%BB%98_%E6%98%9F%E6%9E%81_1.png,哥伦比亚,方舟干员,5,RR01,近卫,术战者,哥伦比亚,哥伦比亚,2019-09-10,,
星极,Astesia,女性,2,立绘_星极_2.png,https://media.prts.wiki/1/13/%E7%AB%8B%E7%BB%98_%E6%98%9F%E6%9E%81_2.png,哥伦比亚,方舟干员,5,RR01,近卫,术战者,哥伦比亚,哥伦比亚,2019-09-10,,
星极,Astesia,女性,skin1,立绘_星极_skin1.png,https://media.prts.wiki/4/44/%E7%AB%8B%E7%BB%98_%E6%98%9F%E6%9E%81_skin1.png,哥伦比亚,方舟干员,5,RR01,近卫,术战者,哥伦比亚,哥伦比亚,2019-09-10,时代,寻耀
星极,Astesia,女性,skin2,立绘_星极_skin2.png,https://media.prts.wiki/1/1d/%E7%AB%8B%E7%BB%98_%E6%98%9F%E6%9E%81_skin2.png,哥伦比亚,方舟干员,5,RR01,近卫,术战者,哥伦比亚,哥伦比亚,2019-09-10,闪耀阶梯,殿堂上的游禽
星极,Astesia,女性,skin3,立绘_星极_skin3.png,https://media.prts.wiki/a/a4/%E7%AB%8B%E7%BB%98_%E6%98%9F%E6%9E%81_skin3.png,哥伦比亚,方舟干员,5,RR01,近卫,术战者,哥伦比亚,哥伦比亚,2019-09-10,时代,奇工妙想
星源,Astgenne,女性,1,立绘_星源_1.png,https://media.prts.wiki/a/ad/%E7%AB%8B%E7%BB%98_%E6%98%9F%E6%BA%90_1.png,莱茵生命,方舟干员,5,RL08,术师,链术师,莱茵生命,哥伦比亚,2022-07-05,,
星源,Astgenne,女性,2,立绘_星源_2.png,https://media.prts.wiki/5/5f/%E7%AB%8B%E7%BB%98_%E6%98%9F%E6%BA%90_2.png,莱茵生命,方舟干员,5,RL08,术师,链术师,莱茵生命,哥伦比亚,2022-07-05,,
星源,Astgenne,女性,skin1,立绘_星源_skin1.png,https://media.prts.wiki/6/65/%E7%AB%8B%E7%BB%98_%E6%98%9F%E6%BA%90_skin1.png,莱茵生命,方舟干员,5,RL08,术师,链术师,莱茵生命,哥伦比亚,2022-07-05,时代,所愿
星熊,Hoshiguma,女性,1,立绘_星熊_1.png,https://media.prts.wiki/d/d4/%E7%AB%8B%E7%BB%98_%E6%98%9F%E7%86%8A_1.png,龙门近卫局,方舟干员,6,LM05,重装,铁卫,龙门近卫局,东国,2019-04-30,,
星熊,Hoshiguma,女性,2,立绘_星熊_2.png,https://media.prts.wiki/0/0a/%E7%AB%8B%E7%BB%98_%E6%98%9F%E7%86%8A_2.png,龙门近卫局,方舟干员,6,LM05,重装,铁卫,龙门近卫局,东国,2019-04-30,,
星熊,Hoshiguma,女性,skin1,立绘_星熊_skin1.png,https://media.prts.wiki/7/71/%E7%AB%8B%E7%BB%98_%E6%98%9F%E7%86%8A_skin1.png,龙门近卫局,方舟干员,6,LM05,重装,铁卫,龙门近卫局,东国,2019-04-30,0011-飙系列,狩标浪人
星熊,Hoshiguma,女性,skin2,立绘_星熊_skin2.png,https://media.prts.wiki/e/e4/%E7%AB%8B%E7%BB%98_%E6%98%9F%E7%86%8A_skin2.png,龙门近卫局,方舟干员,6,LM05,重装,铁卫,龙门近卫局,东国,2019-04-30,珊瑚海岸,探寻者 SK97
晓歌,Cantabile,女性,1,立绘_晓歌_1.png,https://media.prts.wiki/4/46/%E7%AB%8B%E7%BB%98_%E6%99%93%E6%AD%8C_1.png,罗德岛,方舟干员,5,R143,先锋,情报官,罗德岛,玻利瓦尔,2022-08-11,,
晓歌,Cantabile,女性,2,立绘_晓歌_2.png,https://media.prts.wiki/d/dc/%E7%AB%8B%E7%BB%98_%E6%99%93%E6%AD%8C_2.png,罗德岛,方舟干员,5,R143,先锋,情报官,罗德岛,玻利瓦尔,2022-08-11,,
晓歌,Cantabile,女性,skin1,立绘_晓歌_skin1.png,https://media.prts.wiki/5/5c/%E7%AB%8B%E7%BB%98_%E6%99%93%E6%AD%8C_skin1.png,罗德岛,方舟干员,5,R143,先锋,情报官,罗德岛,玻利瓦尔,2022-08-11,0011™制造,灯如昼
晓歌,Cantabile,女性,skin2,立绘_晓歌_skin2.png,https://media.prts.wiki/8/8f/%E7%AB%8B%E7%BB%98_%E6%99%93%E6%AD%8C_skin2.png,罗德岛,方舟干员,5,R143,先锋,情报官,罗德岛,玻利瓦尔,2022-08-11,时代,湖畔歌者
普罗旺斯,Provence,女性,1,立绘_普罗旺斯_1.png,https://media.prts.wiki/c/c4/%E7%AB%8B%E7%BB%98_%E6%99%AE%E7%BD%97%E6%97%BA%E6%96%AF_1.png,叙拉古,方舟干员,5,SR03,狙击,重射手,叙拉古,叙拉古,2019-04-30,,
普罗旺斯,Provence,女性,2,立绘_普罗旺斯_2.png,https://media.prts.wiki/9/94/%E7%AB%8B%E7%BB%98_%E6%99%AE%E7%BD%97%E6%97%BA%E6%96%AF_2.png,叙拉古,方舟干员,5,SR03,狙击,重射手,叙拉古,叙拉古,2019-04-30,,
普罗旺斯,Provence,女性,skin1,立绘_普罗旺斯_skin1.png,https://media.prts.wiki/7/71/%E7%AB%8B%E7%BB%98_%E6%99%AE%E7%BD%97%E6%97%BA%E6%96%AF_skin1.png,叙拉古,方舟干员,5,SR03,狙击,重射手,叙拉古,叙拉古,2019-04-30,珊瑚海岸,悠然假日 HD08
普罗旺斯,Provence,女性,skin2,立绘_普罗旺斯_skin2.png,https://media.prts.wiki/1/1a/%E7%AB%8B%E7%BB%98_%E6%99%AE%E7%BD%97%E6%97%BA%E6%96%AF_skin2.png,叙拉古,方舟干员,5,SR03,狙击,重射手,叙拉古,叙拉古,2019-04-30,生命之地,荒原行者
暗索,Rope,女性,1,立绘_暗索_1.png,https://media.prts.wiki/0/00/%E7%AB%8B%E7%BB%98_%E6%9A%97%E7%B4%A2_1.png,炎-龙门,方舟干员,4,RB02,特种,钩索师,炎-龙门,雷姆必拓,2019-04-30,,
暗索,Rope,女性,2,立绘_暗索_2.png,https://media.prts.wiki/5/57/%E7%AB%8B%E7%BB%98_%E6%9A%97%E7%B4%A2_2.png,炎-龙门,方舟干员,4,RB02,特种,钩索师,炎-龙门,雷姆必拓,2019-04-30,,
暗索,Rope,女性,skin1,立绘_暗索_skin1.png,https://media.prts.wiki/8/83/%E7%AB%8B%E7%BB%98_%E6%9A%97%E7%B4%A2_skin1.png,炎-龙门,方舟干员,4,RB02,特种,钩索师,炎-龙门,雷姆必拓,2019-04-30,巫异盛宴,小鬼当家
暗索,Rope,女性,skin2,立绘_暗索_skin2.png,https://media.prts.wiki/d/de/%E7%AB%8B%E7%BB%98_%E6%9A%97%E7%B4%A2_skin2.png,炎-龙门,方舟干员,4,RB02,特种,钩索师,炎-龙门,雷姆必拓,2019-04-30,珊瑚海岸,夏卉 FA008
暮落,Shalem,男性,1,立绘_暮落_1.png,https://media.prts.wiki/3/33/%E7%AB%8B%E7%BB%98_%E6%9A%AE%E8%90%BD_1.png,维多利亚,方舟干员,5,VC07,重装,驭法铁卫,维多利亚,维多利亚,2022-01-05,,
暮落,Shalem,男性,2,立绘_暮落_2.png,https://media.prts.wiki/1/13/%E7%AB%8B%E7%BB%98_%E6%9A%AE%E8%90%BD_2.png,维多利亚,方舟干员,5,VC07,重装,驭法铁卫,维多利亚,维多利亚,2022-01-05,,
暮落,Shalem,男性,skin1,立绘_暮落_skin1.png,https://media.prts.wiki/b/b0/%E7%AB%8B%E7%BB%98_%E6%9A%AE%E8%90%BD_skin1.png,维多利亚,方舟干员,5,VC07,重装,驭法铁卫,维多利亚,维多利亚,2022-01-05,0011-飙系列,结果
暴行,Savage,女性,1,立绘_暴行_1.png,https://media.prts.wiki/6/6e/%E7%AB%8B%E7%BB%98_%E6%9A%B4%E8%A1%8C_1.png,雷姆必拓,方舟干员,5,RB01,近卫,强攻手,雷姆必拓,雷姆必拓,2019-04-30,,
暴行,Savage,女性,2,立绘_暴行_2.png,https://media.prts.wiki/2/2c/%E7%AB%8B%E7%BB%98_%E6%9A%B4%E8%A1%8C_2.png,雷姆必拓,方舟干员,5,RB01,近卫,强攻手,雷姆必拓,雷姆必拓,2019-04-30,,
暴行,Savage,女性,skin1,立绘_暴行_skin1.png,https://media.prts.wiki/5/51/%E7%AB%8B%E7%BB%98_%E6%9A%B4%E8%A1%8C_skin1.png,雷姆必拓,方舟干员,5,RB01,近卫,强攻手,雷姆必拓,雷姆必拓,2019-04-30,斗争血脉,地底三百米
暴行,Savage,女性,skin2,立绘_暴行_skin2.png,https://media.prts.wiki/3/3f/%E7%AB%8B%E7%BB%98_%E6%9A%B4%E8%A1%8C_skin2.png,雷姆必拓,方舟干员,5,RB01,近卫,强攻手,雷姆必拓,雷姆必拓,2019-04-30,罗德厨房,家传秘方
暴行,Savage,女性,skin3,立绘_暴行_skin3.png,https://media.prts.wiki/1/11/%E7%AB%8B%E7%BB%98_%E6%9A%B4%E8%A1%8C_skin3.png,雷姆必拓,方舟干员,5,RB01,近卫,强攻手,雷姆必拓,雷姆必拓,2019-04-30,忒斯特收藏,又一年秋季
暴雨,Heavyrain,女性,1,立绘_暴雨_1.png,https://media.prts.wiki/c/c4/%E7%AB%8B%E7%BB%98_%E6%9A%B4%E9%9B%A8_1.png,罗德岛,方舟干员,5,R164,重装,铁卫,罗德岛,萨尔贡,2021-04-15,,
暴雨,Heavyrain,女性,2,立绘_暴雨_2.png,https://media.prts.wiki/4/45/%E7%AB%8B%E7%BB%98_%E6%9A%B4%E9%9B%A8_2.png,罗德岛,方舟干员,5,R164,重装,铁卫,罗德岛,萨尔贡,2021-04-15,,
暴雨,Heavyrain,女性,skin1,立绘_暴雨_skin1.png,https://media.prts.wiki/6/64/%E7%AB%8B%E7%BB%98_%E6%9A%B4%E9%9B%A8_skin1.png,罗德岛,方舟干员,5,R164,重装,铁卫,罗德岛,萨尔贡,2021-04-15,生命之地,幽苔
月禾,Tsukinogi,女性,1,立绘_月禾_1.png,https://media.prts.wiki/8/8f/%E7%AB%8B%E7%BB%98_%E6%9C%88%E7%A6%BE_1.png,东,方舟干员,5,R129,辅助,护佑者,东,东国,2020-06-02,,
月禾,Tsukinogi,女性,2,立绘_月禾_2.png,https://media.prts.wiki/2/22/%E7%AB%8B%E7%BB%98_%E6%9C%88%E7%A6%BE_2.png,东,方舟干员,5,R129,辅助,护佑者,东,东国,2020-06-02,,
月禾,Tsukinogi,女性,skin1,立绘_月禾_skin1.png,https://media.prts.wiki/3/34/%E7%AB%8B%E7%BB%98_%E6%9C%88%E7%A6%BE_skin1.png,东,方舟干员,5,R129,辅助,护佑者,东,东国,2020-06-02,时代,伦式巫女
月禾,Tsukinogi,女性,skin2,立绘_月禾_skin2.png,https://media.prts.wiki/9/9b/%E7%AB%8B%E7%BB%98_%E6%9C%88%E7%A6%BE_skin2.png,东,方舟干员,5,R129,辅助,护佑者,东,东国,2020-06-02,冰原信使,舞
月见夜,Midnight,男性,1,立绘_月见夜_1.png,https://media.prts.wiki/0/02/%E7%AB%8B%E7%BB%98_%E6%9C%88%E8%A7%81%E5%A4%9C_1.png,行动预备组A6,方舟干员,3,PA62,近卫,领主,行动预备组A6,东国,2019-05-30,,
月见夜,Midnight,男性,skin1,立绘_月见夜_skin1.png,https://media.prts.wiki/3/34/%E7%AB%8B%E7%BB%98_%E6%9C%88%E8%A7%81%E5%A4%9C_skin1.png,行动预备组A6,方舟干员,3,PA62,近卫,领主,行动预备组A6,东国,2019-05-30,斗争血脉,第七夜苏醒魔君
望,Wang,男性,1,立绘_望_1.png,https://media.prts.wiki/7/7c/%E7%AB%8B%E7%BB%98_%E6%9C%9B_1.png,炎-岁,方舟干员,6,NM07,特种,陷阱师,炎-岁,炎,2026-02-10,,
望,Wang,男性,2,立绘_望_2.png,https://media.prts.wiki/3/35/%E7%AB%8B%E7%BB%98_%E6%9C%9B_2.png,炎-岁,方舟干员,6,NM07,特种,陷阱师,炎-岁,炎,2026-02-10,,
末药,Myrrh,女性,1,立绘_末药_1.png,https://media.prts.wiki/e/e4/%E7%AB%8B%E7%BB%98_%E6%9C%AB%E8%8D%AF_1.png,罗德岛,方舟干员,4,R104,医疗,医师,罗德岛,未公开,2019-04-30,,
末药,Myrrh,女性,2,立绘_末药_2.png,https://media.prts.wiki/8/86/%E7%AB%8B%E7%BB%98_%E6%9C%AB%E8%8D%AF_2.png,罗德岛,方舟干员,4,R104,医疗,医师,罗德岛,未公开,2019-04-30,,
末药,Myrrh,女性,skin1,立绘_末药_skin1.png,https://media.prts.wiki/c/ca/%E7%AB%8B%E7%BB%98_%E6%9C%AB%E8%8D%AF_skin1.png,罗德岛,方舟干员,4,R104,医疗,医师,罗德岛,未公开,2019-04-30,生命之地,辛味
杏仁,Almond,女性,1,立绘_杏仁_1.png,https://media.prts.wiki/8/88/%E7%AB%8B%E7%BB%98_%E6%9D%8F%E4%BB%81_1.png,黑钢国际,方舟干员,5,BS05,特种,钩索师,黑钢国际,哥伦比亚,2023-09-05,,
杏仁,Almond,女性,2,立绘_杏仁_2.png,https://media.prts.wiki/4/4a/%E7%AB%8B%E7%BB%98_%E6%9D%8F%E4%BB%81_2.png,黑钢国际,方舟干员,5,BS05,特种,钩索师,黑钢国际,哥伦比亚,2023-09-05,,
杏仁,Almond,女性,skin1,立绘_杏仁_skin1.png,https://media.prts.wiki/f/f2/%E7%AB%8B%E7%BB%98_%E6%9D%8F%E4%BB%81_skin1.png,黑钢国际,方舟干员,5,BS05,特种,钩索师,黑钢国际,哥伦比亚,2023-09-05,0011™制造,“杏仁”拼盘
杜宾,Dobermann,女性,1,立绘_杜宾_1.png,https://media.prts.wiki/2/25/%E7%AB%8B%E7%BB%98_%E6%9D%9C%E5%AE%BE_1.png,罗德岛,方舟干员,4,R100,近卫,教官,罗德岛,玻利瓦尔,2019-04-30,,
杜宾,Dobermann,女性,2,立绘_杜宾_2.png,https://media.prts.wiki/e/e8/%E7%AB%8B%E7%BB%98_%E6%9D%9C%E5%AE%BE_2.png,罗德岛,方舟干员,4,R100,近卫,教官,罗德岛,玻利瓦尔,2019-04-30,,
杜宾,Dobermann,女性,skin1,立绘_杜宾_skin1.png,https://media.prts.wiki/5/5c/%E7%AB%8B%E7%BB%98_%E6%9D%9C%E5%AE%BE_skin1.png,罗德岛,方舟干员,4,R100,近卫,教官,罗德岛,玻利瓦尔,2019-04-30,时代,少尉
杜林,Durin,女性,1,立绘_杜林_1.png,https://media.prts.wiki/f/f7/%E7%AB%8B%E7%BB%98_%E6%9D%9C%E6%9E%97_1.png,行动组A4,方舟干员,2,A44,术师,中坚术师,行动组A4,未公开,2019-04-30,,
杰克,Jackie,女性,1,立绘_杰克_1.png,https://media.prts.wiki/1/1d/%E7%AB%8B%E7%BB%98_%E6%9D%B0%E5%85%8B_1.png,哥伦比亚,方舟干员,4,R166,近卫,斗士,哥伦比亚,哥伦比亚,2020-11-01,,
杰克,Jackie,女性,2,立绘_杰克_2.png,https://media.prts.wiki/0/0e/%E7%AB%8B%E7%BB%98_%E6%9D%B0%E5%85%8B_2.png,哥伦比亚,方舟干员,4,R166,近卫,斗士,哥伦比亚,哥伦比亚,2020-11-01,,
杰克,Jackie,女性,skin1,立绘_杰克_skin1.png,https://media.prts.wiki/c/ca/%E7%AB%8B%E7%BB%98_%E6%9D%B0%E5%85%8B_skin1.png,哥伦比亚,方舟干员,4,R166,近卫,斗士,哥伦比亚,哥伦比亚,2020-11-01,0011-飙系列,纵身一跃
杰西卡,Jessica,女性,1,立绘_杰西卡_1.png,https://media.prts.wiki/9/96/%E7%AB%8B%E7%BB%98_%E6%9D%B0%E8%A5%BF%E5%8D%A1_1.png,黑钢国际,方舟干员,4,BS03,狙击,速射手,黑钢国际,维多利亚,2019-04-30,,
杰西卡,Jessica,女性,2,立绘_杰西卡_2.png,https://media.prts.wiki/3/3b/%E7%AB%8B%E7%BB%98_%E6%9D%B0%E8%A5%BF%E5%8D%A1_2.png,黑钢国际,方舟干员,4,BS03,狙击,速射手,黑钢国际,维多利亚,2019-04-30,,
杰西卡,Jessica,女性,skin1,立绘_杰西卡_skin1.png,https://media.prts.wiki/c/c2/%E7%AB%8B%E7%BB%98_%E6%9D%B0%E8%A5%BF%E5%8D%A1_skin1.png,黑钢国际,方舟干员,4,BS03,狙击,速射手,黑钢国际,维多利亚,2019-04-30,雷神开拓者,铁块
杰西卡,Jessica,女性,skin2,立绘_杰西卡_skin2.png,https://media.prts.wiki/a/a6/%E7%AB%8B%E7%BB%98_%E6%9D%B0%E8%A5%BF%E5%8D%A1_skin2.png,黑钢国际,方舟干员,4,BS03,狙击,速射手,黑钢国际,维多利亚,2019-04-30,生命之地,燃灰
杰西卡,Jessica,女性,skin3,立绘_杰西卡_skin3.png,https://media.prts.wiki/4/44/%E7%AB%8B%E7%BB%98_%E6%9D%B0%E8%A5%BF%E5%8D%A1_skin3.png,黑钢国际,方舟干员,4,BS03,狙击,速射手,黑钢国际,维多利亚,2019-04-30,0011™制造,君子兰
松果,Pinecone,女性,1,立绘_松果_1.png,https://media.prts.wiki/d/de/%E7%AB%8B%E7%BB%98_%E6%9D%BE%E6%9E%9C_1.png,哥伦比亚,方舟干员,4,CB09,狙击,散射手,哥伦比亚,哥伦比亚,2020-12-17,,
松果,Pinecone,女性,2,立绘_松果_2.png,https://media.prts.wiki/2/24/%E7%AB%8B%E7%BB%98_%E6%9D%BE%E6%9E%9C_2.png,哥伦比亚,方舟干员,4,CB09,狙击,散射手,哥伦比亚,哥伦比亚,2020-12-17,,
松果,Pinecone,女性,skin1,立绘_松果_skin1.png,https://media.prts.wiki/e/e2/%E7%AB%8B%E7%BB%98_%E6%9D%BE%E6%9E%9C_skin1.png,哥伦比亚,方舟干员,4,CB09,狙击,散射手,哥伦比亚,哥伦比亚,2020-12-17,闪耀阶梯,倾声歌唱
松果,Pinecone,女性,skin2,立绘_松果_skin2.png,https://media.prts.wiki/e/e4/%E7%AB%8B%E7%BB%98_%E6%9D%BE%E6%9E%9C_skin2.png,哥伦比亚,方舟干员,4,CB09,狙击,散射手,哥伦比亚,哥伦比亚,2020-12-17,时代,远行的季节
松桐,Matsukiri,男性,1,立绘_松桐_1.png,https://media.prts.wiki/8/87/%E7%AB%8B%E7%BB%98_%E6%9D%BE%E6%A1%90_1.png,东,方舟干员,5,HK17,先锋,策士,东,东国,2025-08-02,,
松桐,Matsukiri,男性,2,立绘_松桐_2.png,https://media.prts.wiki/e/ec/%E7%AB%8B%E7%BB%98_%E6%9D%BE%E6%A1%90_2.png,东,方舟干员,5,HK17,先锋,策士,东,东国,2025-08-02,,
极光,Aurora,女性,1,立绘_极光_1.png,https://media.prts.wiki/c/c5/%E7%AB%8B%E7%BB%98_%E6%9E%81%E5%85%89_1.png,谢拉格,方舟干员,5,JC09,重装,决战者,谢拉格,谢拉格,2021-12-21,,
极光,Aurora,女性,2,立绘_极光_2.png,https://media.prts.wiki/d/da/%E7%AB%8B%E7%BB%98_%E6%9E%81%E5%85%89_2.png,谢拉格,方舟干员,5,JC09,重装,决战者,谢拉格,谢拉格,2021-12-21,,
极光,Aurora,女性,skin1,立绘_极光_skin1.png,https://media.prts.wiki/e/e1/%E7%AB%8B%E7%BB%98_%E6%9E%81%E5%85%89_skin1.png,谢拉格,方舟干员,5,JC09,重装,决战者,谢拉格,谢拉格,2021-12-21,斗争血脉,极昼捕手
极境,Elysium,男性,1,立绘_极境_1.png,https://media.prts.wiki/5/5a/%E7%AB%8B%E7%BB%98_%E6%9E%81%E5%A2%83_1.png,罗德岛,方舟干员,5,R131,先锋,执旗手,罗德岛,伊比利亚,2020-05-01,,
极境,Elysium,男性,2,立绘_极境_2.png,https://media.prts.wiki/4/40/%E7%AB%8B%E7%BB%98_%E6%9E%81%E5%A2%83_2.png,罗德岛,方舟干员,5,R131,先锋,执旗手,罗德岛,伊比利亚,2020-05-01,,
极境,Elysium,男性,skin1,立绘_极境_skin1.png,https://media.prts.wiki/0/0a/%E7%AB%8B%E7%BB%98_%E6%9E%81%E5%A2%83_skin1.png,罗德岛,方舟干员,5,R131,先锋,执旗手,罗德岛,伊比利亚,2020-05-01,冰原信使,雪夜回音
极境,Elysium,男性,skin2,立绘_极境_skin2.png,https://media.prts.wiki/6/68/%E7%AB%8B%E7%BB%98_%E6%9E%81%E5%A2%83_skin2.png,罗德岛,方舟干员,5,R131,先锋,执旗手,罗德岛,伊比利亚,2020-05-01,珊瑚海岸,灿阳朝露 SDm11
林,Lin,女性,1,立绘_林_1.png,https://media.prts.wiki/c/c9/%E7%AB%8B%E7%BB%98_%E6%9E%97_1.png,炎-龙门,方舟干员,6,LM21,术师,阵法术师,炎-龙门,龙门,2023-01-17,,
林,Lin,女性,2,立绘_林_2.png,https://media.prts.wiki/9/9d/%E7%AB%8B%E7%BB%98_%E6%9E%97_2.png,炎-龙门,方舟干员,6,LM21,术师,阵法术师,炎-龙门,龙门,2023-01-17,,
林,Lin,女性,skin1,立绘_林_skin1.png,https://media.prts.wiki/5/5d/%E7%AB%8B%E7%BB%98_%E6%9E%97_skin1.png,炎-龙门,方舟干员,6,LM21,术师,阵法术师,炎-龙门,龙门,2023-01-17,0011™制造,列瑶台
林,Lin,女性,skin2,立绘_林_skin2.png,https://media.prts.wiki/6/6a/%E7%AB%8B%E7%BB%98_%E6%9E%97_skin2.png,炎-龙门,方舟干员,6,LM21,术师,阵法术师,炎-龙门,龙门,2023-01-17,珊瑚海岸,夏卉 FA137
柏喙,Bibeak,女性,1,立绘_柏喙_1.png,https://media.prts.wiki/4/4e/%E7%AB%8B%E7%BB%98_%E6%9F%8F%E5%96%99_1.png,萨米,方舟干员,5,R138,近卫,剑豪,萨米,萨米,2020-03-17,,
柏喙,Bibeak,女性,2,立绘_柏喙_2.png,https://media.prts.wiki/2/2d/%E7%AB%8B%E7%BB%98_%E6%9F%8F%E5%96%99_2.png,萨米,方舟干员,5,R138,近卫,剑豪,萨米,萨米,2020-03-17,,
柏喙,Bibeak,女性,skin1,立绘_柏喙_skin1.png,https://media.prts.wiki/7/7e/%E7%AB%8B%E7%BB%98_%E6%9F%8F%E5%96%99_skin1.png,萨米,方舟干员,5,R138,近卫,剑豪,萨米,萨米,2020-03-17,寒武纪™系列,软绒
格劳克斯,Glaucus,女性,1,立绘_格劳克斯_1.png,https://media.prts.wiki/5/52/%E7%AB%8B%E7%BB%98_%E6%A0%BC%E5%8A%B3%E5%85%8B%E6%96%AF_1.png,伊比利亚,方舟干员,5,R128,辅助,凝滞师,伊比利亚,阿戈尔地区,2019-08-27,,
格劳克斯,Glaucus,女性,2,立绘_格劳克斯_2.png,https://media.prts.wiki/4/45/%E7%AB%8B%E7%BB%98_%E6%A0%BC%E5%8A%B3%E5%85%8B%E6%96%AF_2.png,伊比利亚,方舟干员,5,R128,辅助,凝滞师,伊比利亚,阿戈尔地区,2019-08-27,,
格劳克斯,Glaucus,女性,skin1,立绘_格劳克斯_skin1.png,https://media.prts.wiki/1/17/%E7%AB%8B%E7%BB%98_%E6%A0%BC%E5%8A%B3%E5%85%8B%E6%96%AF_skin1.png,伊比利亚,方舟干员,5,R128,辅助,凝滞师,伊比利亚,阿戈尔地区,2019-08-27,缠梦古堡,广场扫荡客
格拉尼,Grani,女性,1,立绘_格拉尼_1.png,https://media.prts.wiki/c/c4/%E7%AB%8B%E7%BB%98_%E6%A0%BC%E6%8B%89%E5%B0%BC_1.png,维多利亚,方舟干员,5,VC05,先锋,冲锋手,维多利亚,维多利亚,2019-05-30,,
格拉尼,Grani,女性,2,立绘_格拉尼_2.png,https://media.prts.wiki/2/22/%E7%AB%8B%E7%BB%98_%E6%A0%BC%E6%8B%89%E5%B0%BC_2.png,维多利亚,方舟干员,5,VC05,先锋,冲锋手,维多利亚,维多利亚,2019-05-30,,
格拉尼,Grani,女性,skin1,立绘_格拉尼_skin1.png,https://media.prts.wiki/1/10/%E7%AB%8B%E7%BB%98_%E6%A0%BC%E6%8B%89%E5%B0%BC_skin1.png,维多利亚,方舟干员,5,VC05,先锋,冲锋手,维多利亚,维多利亚,2019-05-30,时代,美妙时光
格雷伊,Greyy,男性,1,立绘_格雷伊_1.png,https://media.prts.wiki/9/93/%E7%AB%8B%E7%BB%98_%E6%A0%BC%E9%9B%B7%E4%BC%8A_1.png,玻利瓦尔,方舟干员,4,R119,术师,扩散术师,玻利瓦尔,玻利瓦尔,2019-07-09,,
格雷伊,Greyy,男性,2,立绘_格雷伊_2.png,https://media.prts.wiki/5/56/%E7%AB%8B%E7%BB%98_%E6%A0%BC%E9%9B%B7%E4%BC%8A_2.png,玻利瓦尔,方舟干员,4,R119,术师,扩散术师,玻利瓦尔,玻利瓦尔,2019-07-09,,
格雷伊,Greyy,男性,skin1,立绘_格雷伊_skin1.png,https://media.prts.wiki/8/86/%E7%AB%8B%E7%BB%98_%E6%A0%BC%E9%9B%B7%E4%BC%8A_skin1.png,玻利瓦尔,方舟干员,4,R119,术师,扩散术师,玻利瓦尔,玻利瓦尔,2019-07-09,时代,八音蛋匠人
格雷伊,Greyy,男性,skin2,立绘_格雷伊_skin2.png,https://media.prts.wiki/2/23/%E7%AB%8B%E7%BB%98_%E6%A0%BC%E9%9B%B7%E4%BC%8A_skin2.png,玻利瓦尔,方舟干员,4,R119,术师,扩散术师,玻利瓦尔,玻利瓦尔,2019-07-09,时代,都会送报员
桃金娘,Myrtle,女性,1,立绘_桃金娘_1.png,https://media.prts.wiki/4/42/%E7%AB%8B%E7%BB%98_%E6%A1%83%E9%87%91%E5%A8%98_1.png,罗德岛,方舟干员,4,R108,先锋,执旗手,罗德岛,未公开,2019-09-10,,
桃金娘,Myrtle,女性,2,立绘_桃金娘_2.png,https://media.prts.wiki/d/dc/%E7%AB%8B%E7%BB%98_%E6%A1%83%E9%87%91%E5%A8%98_2.png,罗德岛,方舟干员,4,R108,先锋,执旗手,罗德岛,未公开,2019-09-10,,
桃金娘,Myrtle,女性,skin1,立绘_桃金娘_skin1.png,https://media.prts.wiki/b/bb/%E7%AB%8B%E7%BB%98_%E6%A1%83%E9%87%91%E5%A8%98_skin1.png,罗德岛,方舟干员,4,R108,先锋,执旗手,罗德岛,未公开,2019-09-10,时代,淡金庆典
桃金娘,Myrtle,女性,skin2,立绘_桃金娘_skin2.png,https://media.prts.wiki/9/96/%E7%AB%8B%E7%BB%98_%E6%A1%83%E9%87%91%E5%A8%98_skin2.png,罗德岛,方舟干员,4,R108,先锋,执旗手,罗德岛,未公开,2019-09-10,珊瑚海岸,夏卉 FA062
桃金娘,Myrtle,女性,skin3,立绘_桃金娘_skin3.png,https://media.prts.wiki/b/b9/%E7%AB%8B%E7%BB%98_%E6%A1%83%E9%87%91%E5%A8%98_skin3.png,罗德岛,方舟干员,4,R108,先锋,执旗手,罗德岛,未公开,2019-09-10,合作款,繁闹祭典
桑葚,Mulberry,女性,1,立绘_桑葚_1.png,https://media.prts.wiki/2/21/%E7%AB%8B%E7%BB%98_%E6%A1%91%E8%91%9A_1.png,炎,方舟干员,5,YD03,医疗,行医,炎,炎,2021-09-17,,
桑葚,Mulberry,女性,2,立绘_桑葚_2.png,https://media.prts.wiki/d/d6/%E7%AB%8B%E7%BB%98_%E6%A1%91%E8%91%9A_2.png,炎,方舟干员,5,YD03,医疗,行医,炎,炎,2021-09-17,,
桑葚,Mulberry,女性,skin1,立绘_桑葚_skin1.png,https://media.prts.wiki/f/ff/%E7%AB%8B%E7%BB%98_%E6%A1%91%E8%91%9A_skin1.png,炎,方舟干员,5,YD03,医疗,行医,炎,炎,2021-09-17,时代,植药
桑葚,Mulberry,女性,skin2,立绘_桑葚_skin2.png,https://media.prts.wiki/6/67/%E7%AB%8B%E7%BB%98_%E6%A1%91%E8%91%9A_skin2.png,炎,方舟干员,5,YD03,医疗,行医,炎,炎,2021-09-17,0011™制造,照冰轮
梅,May,女性,1,立绘_梅_1.png,https://media.prts.wiki/a/a4/%E7%AB%8B%E7%BB%98_%E6%A2%85_1.png,维多利亚,方舟干员,4,VC01,狙击,速射手,维多利亚,维多利亚,2019-11-19,,
梅,May,女性,2,立绘_梅_2.png,https://media.prts.wiki/8/86/%E7%AB%8B%E7%BB%98_%E6%A2%85_2.png,维多利亚,方舟干员,4,VC01,狙击,速射手,维多利亚,维多利亚,2019-11-19,,
梅,May,女性,skin1,立绘_梅_skin1.png,https://media.prts.wiki/f/fa/%E7%AB%8B%E7%BB%98_%E6%A2%85_skin1.png,维多利亚,方舟干员,4,VC01,狙击,速射手,维多利亚,维多利亚,2019-11-19,珊瑚海岸,夏卉 FA054
梅尔,Mayer,女性,1,立绘_梅尔_1.png,https://media.prts.wiki/f/f0/%E7%AB%8B%E7%BB%98_%E6%A2%85%E5%B0%94_1.png,莱茵生命,方舟干员,5,RL05,辅助,召唤师,莱茵生命,哥伦比亚,2019-04-30,,
梅尔,Mayer,女性,2,立绘_梅尔_2.png,https://media.prts.wiki/b/b5/%E7%AB%8B%E7%BB%98_%E6%A2%85%E5%B0%94_2.png,莱茵生命,方舟干员,5,RL05,辅助,召唤师,莱茵生命,哥伦比亚,2019-04-30,,
梅尔,Mayer,女性,skin1,立绘_梅尔_skin1.png,https://media.prts.wiki/0/0d/%E7%AB%8B%E7%BB%98_%E6%A2%85%E5%B0%94_skin1.png,莱茵生命,方舟干员,5,RL05,辅助,召唤师,莱茵生命,哥伦比亚,2019-04-30,缠梦古堡,庭院寻梦尖兵
梓兰,Orchid,女性,1,立绘_梓兰_1.png,https://media.prts.wiki/b/bb/%E7%AB%8B%E7%BB%98_%E6%A2%93%E5%85%B0_1.png,行动预备组A6,方舟干员,3,PA61,辅助,凝滞师,行动预备组A6,哥伦比亚,2019-04-30,,
梓兰,Orchid,女性,skin1,立绘_梓兰_skin1.png,https://media.prts.wiki/2/21/%E7%AB%8B%E7%BB%98_%E6%A2%93%E5%85%B0_skin1.png,行动预备组A6,方舟干员,3,PA61,辅助,凝滞师,行动预备组A6,哥伦比亚,2019-04-30,斗争血脉,衣缕往昔
棘刺,Thorns,男性,1,立绘_棘刺_1.png,https://media.prts.wiki/e/e2/%E7%AB%8B%E7%BB%98_%E6%A3%98%E5%88%BA_1.png,伊比利亚,方舟干员,6,II01,近卫,领主,伊比利亚,伊比利亚,2020-08-11,,
棘刺,Thorns,男性,2,立绘_棘刺_2.png,https://media.prts.wiki/4/41/%E7%AB%8B%E7%BB%98_%E6%A3%98%E5%88%BA_2.png,伊比利亚,方舟干员,6,II01,近卫,领主,伊比利亚,伊比利亚,2020-08-11,,
棘刺,Thorns,男性,skin1,立绘_棘刺_skin1.png,https://media.prts.wiki/0/08/%E7%AB%8B%E7%BB%98_%E6%A3%98%E5%88%BA_skin1.png,伊比利亚,方舟干员,6,II01,近卫,领主,伊比利亚,伊比利亚,2020-08-11,合作款,惬意
棘刺,Thorns,男性,skin2,立绘_棘刺_skin2.png,https://media.prts.wiki/3/3a/%E7%AB%8B%E7%BB%98_%E6%A3%98%E5%88%BA_skin2.png,伊比利亚,方舟干员,6,II01,近卫,领主,伊比利亚,伊比利亚,2020-08-11,斗争血脉,锋潮
森蚺,Eunectes,女性,1,立绘_森蚺_1.png,https://media.prts.wiki/f/f8/%E7%AB%8B%E7%BB%98_%E6%A3%AE%E8%9A%BA_1.png,萨尔贡,方舟干员,6,SG03,重装,决战者,萨尔贡,萨尔贡,2020-08-25,,
森蚺,Eunectes,女性,2,立绘_森蚺_2.png,https://media.prts.wiki/6/6c/%E7%AB%8B%E7%BB%98_%E6%A3%AE%E8%9A%BA_2.png,萨尔贡,方舟干员,6,SG03,重装,决战者,萨尔贡,萨尔贡,2020-08-25,,
森蚺,Eunectes,女性,skin1,立绘_森蚺_skin1.png,https://media.prts.wiki/6/69/%E7%AB%8B%E7%BB%98_%E6%A3%AE%E8%9A%BA_skin1.png,萨尔贡,方舟干员,6,SG03,重装,决战者,萨尔贡,萨尔贡,2020-08-25,斗争血脉,熔锻铸匠
森西,Senshi,男性,1,立绘_森西_1.png,https://media.prts.wiki/6/6e/%E7%AB%8B%E7%BB%98_%E6%A3%AE%E8%A5%BF_1.png,罗德岛,方舟干员,5,DD04,重装,守护者,莱欧斯小队,伊兹甘达（自称）,2024-09-02,,
森西,Senshi,男性,2,立绘_森西_2.png,https://media.prts.wiki/9/9a/%E7%AB%8B%E7%BB%98_%E6%A3%AE%E8%A5%BF_2.png,罗德岛,方舟干员,5,DD04,重装,守护者,莱欧斯小队,伊兹甘达（自称）,2024-09-02,,
槐琥,Waai Fu,女性,1,立绘_槐琥_1.png,https://media.prts.wiki/a/ae/%E7%AB%8B%E7%BB%98_%E6%A7%90%E7%90%A5_1.png,鲤氏侦探事务所,方舟干员,5,LM12,特种,处决者,鲤氏侦探事务所,炎,2019-11-19,,
槐琥,Waai Fu,女性,2,立绘_槐琥_2.png,https://media.prts.wiki/a/ae/%E7%AB%8B%E7%BB%98_%E6%A7%90%E7%90%A5_2.png,鲤氏侦探事务所,方舟干员,5,LM12,特种,处决者,鲤氏侦探事务所,炎,2019-11-19,,
槐琥,Waai Fu,女性,skin1,立绘_槐琥_skin1.png,https://media.prts.wiki/0/06/%E7%AB%8B%E7%BB%98_%E6%A7%90%E7%90%A5_skin1.png,鲤氏侦探事务所,方舟干员,5,LM12,特种,处决者,鲤氏侦探事务所,炎,2019-11-19,0011-飙系列,街道狂花
歌蕾蒂娅,Gladiia,女性,1,立绘_歌蕾蒂娅_1.png,https://media.prts.wiki/8/84/%E7%AB%8B%E7%BB%98_%E6%AD%8C%E8%95%BE%E8%92%82%E5%A8%85_1.png,深海猎人,方舟干员,6,AA05,特种,钩索师,深海猎人,阿戈尔,2021-05-01,,
歌蕾蒂娅,Gladiia,女性,2,立绘_歌蕾蒂娅_2.png,https://media.prts.wiki/6/61/%E7%AB%8B%E7%BB%98_%E6%AD%8C%E8%95%BE%E8%92%82%E5%A8%85_2.png,深海猎人,方舟干员,6,AA05,特种,钩索师,深海猎人,阿戈尔,2021-05-01,,
歌蕾蒂娅,Gladiia,女性,skin1,立绘_歌蕾蒂娅_skin1.png,https://media.prts.wiki/f/f9/%E7%AB%8B%E7%BB%98_%E6%AD%8C%E8%95%BE%E8%92%82%E5%A8%85_skin1.png,深海猎人,方舟干员,6,AA05,特种,钩索师,深海猎人,阿戈尔,2021-05-01,斗争血脉,返航
歌蕾蒂娅,Gladiia,女性,skin2,立绘_歌蕾蒂娅_skin2.png,https://media.prts.wiki/b/b8/%E7%AB%8B%E7%BB%98_%E6%AD%8C%E8%95%BE%E8%92%82%E5%A8%85_skin2.png,深海猎人,方舟干员,6,AA05,特种,钩索师,深海猎人,阿戈尔,2021-05-01,时代,我即潮汐
止颂,Lessing,男性,1,立绘_止颂_1.png,https://media.prts.wiki/a/ad/%E7%AB%8B%E7%BB%98_%E6%AD%A2%E9%A2%82_1.png,莱塔尼亚,方舟干员,6,LN07,近卫,无畏者,莱塔尼亚,莱塔尼亚,2023-11-01,,
止颂,Lessing,男性,2,立绘_止颂_2.png,https://media.prts.wiki/1/11/%E7%AB%8B%E7%BB%98_%E6%AD%A2%E9%A2%82_2.png,莱塔尼亚,方舟干员,6,LN07,近卫,无畏者,莱塔尼亚,莱塔尼亚,2023-11-01,,
止颂,Lessing,男性,skin1,立绘_止颂_skin1.png,https://media.prts.wiki/8/8c/%E7%AB%8B%E7%BB%98_%E6%AD%A2%E9%A2%82_skin1.png,莱塔尼亚,方舟干员,6,LN07,近卫,无畏者,莱塔尼亚,莱塔尼亚,2023-11-01,0011-飙系列,幻火
正义骑士号,"""Justice Knight""",女性,1,立绘_正义骑士号_1.png,https://media.prts.wiki/e/e2/%E7%AB%8B%E7%BB%98_%E6%AD%A3%E4%B9%89%E9%AA%91%E5%A3%AB%E5%8F%B7_1.png,红松骑士团,方舟干员,1,KZ15,狙击,速射手,红松骑士团,,2021-11-01,,
正义骑士号,"""Justice Knight""",女性,skin1,立绘_正义骑士号_skin1.png,https://media.prts.wiki/9/9f/%E7%AB%8B%E7%BB%98_%E6%AD%A3%E4%B9%89%E9%AA%91%E5%A3%AB%E5%8F%B7_skin1.png,红松骑士团,方舟干员,1,KZ15,狙击,速射手,红松骑士团,,2021-11-01,斗争血脉,竞技之梦改装
死芒,Necrass,女性,1,立绘_死芒_1.png,https://media.prts.wiki/8/8e/%E7%AB%8B%E7%BB%98_%E6%AD%BB%E8%8A%92_1.png,塔拉,方舟干员,6,DB01,术师,塑灵术师,塔拉,维多利亚,2025-03-07,,
死芒,Necrass,女性,2,立绘_死芒_2.png,https://media.prts.wiki/9/93/%E7%AB%8B%E7%BB%98_%E6%AD%BB%E8%8A%92_2.png,塔拉,方舟干员,6,DB01,术师,塑灵术师,塔拉,维多利亚,2025-03-07,,
死芒,Necrass,女性,skin1,立绘_死芒_skin1.png,https://media.prts.wiki/e/e7/%E7%AB%8B%E7%BB%98_%E6%AD%BB%E8%8A%92_skin1.png,塔拉,方舟干员,6,DB01,术师,塑灵术师,塔拉,维多利亚,2025-03-07,珊瑚海岸,夏卉 FA161
死芒,Necrass,女性,skin2,立绘_死芒_skin2.png,https://media.prts.wiki/5/55/%E7%AB%8B%E7%BB%98_%E6%AD%BB%E8%8A%92_skin2.png,塔拉,方舟干员,6,DB01,术师,塑灵术师,塔拉,维多利亚,2025-03-07,音律联觉,晶化信念
水月,Mizuki,男性,1,立绘_水月_1.png,https://media.prts.wiki/c/c9/%E7%AB%8B%E7%BB%98_%E6%B0%B4%E6%9C%88_1.png,东,方舟干员,6,HK07,特种,伏击客,东,东国,2021-08-03,,
水月,Mizuki,男性,2,立绘_水月_2.png,https://media.prts.wiki/0/09/%E7%AB%8B%E7%BB%98_%E6%B0%B4%E6%9C%88_2.png,东,方舟干员,6,HK07,特种,伏击客,东,东国,2021-08-03,,
水月,Mizuki,男性,skin1,立绘_水月_skin1.png,https://media.prts.wiki/0/05/%E7%AB%8B%E7%BB%98_%E6%B0%B4%E6%9C%88_skin1.png,东,方舟干员,6,HK07,特种,伏击客,东,东国,2021-08-03,忒斯特收藏,夏日餮宴
水月,Mizuki,男性,skin2,立绘_水月_skin2.png,https://media.prts.wiki/1/17/%E7%AB%8B%E7%BB%98_%E6%B0%B4%E6%9C%88_skin2.png,东,方舟干员,6,HK07,特种,伏击客,东,东国,2021-08-03,成就之星,永恒玩家
水灯心,Brigid,女性,1,立绘_水灯心_1.png,https://media.prts.wiki/b/b6/%E7%AB%8B%E7%BB%98_%E6%B0%B4%E7%81%AF%E5%BF%83_1.png,塔拉,方舟干员,5,DB04,狙击,回环射手,塔拉,维多利亚,2025-03-07,,
水灯心,Brigid,女性,2,立绘_水灯心_2.png,https://media.prts.wiki/3/36/%E7%AB%8B%E7%BB%98_%E6%B0%B4%E7%81%AF%E5%BF%83_2.png,塔拉,方舟干员,5,DB04,狙击,回环射手,塔拉,维多利亚,2025-03-07,,
水灯心,Brigid,女性,skin1,立绘_水灯心_skin1.png,https://media.prts.wiki/6/68/%E7%AB%8B%E7%BB%98_%E6%B0%B4%E7%81%AF%E5%BF%83_skin1.png,塔拉,方舟干员,5,DB04,狙击,回环射手,塔拉,维多利亚,2025-03-07,时代,轻语入梦
泡普卡,Popukar,女性,1,立绘_泡普卡_1.png,https://media.prts.wiki/5/5d/%E7%AB%8B%E7%BB%98_%E6%B3%A1%E6%99%AE%E5%8D%A1_1.png,行动预备组A6,方舟干员,3,PA65,近卫,强攻手,行动预备组A6,雷姆必拓,2019-07-09,,
泡普卡,Popukar,女性,skin1,立绘_泡普卡_skin1.png,https://media.prts.wiki/8/8d/%E7%AB%8B%E7%BB%98_%E6%B3%A1%E6%99%AE%E5%8D%A1_skin1.png,行动预备组A6,方舟干员,3,PA65,近卫,强攻手,行动预备组A6,雷姆必拓,2019-07-09,巫异盛宴,魔女的秋千
泡泡,Bubble,女性,1,立绘_泡泡_1.png,https://media.prts.wiki/3/39/%E7%AB%8B%E7%BB%98_%E6%B3%A1%E6%B3%A1_1.png,萨尔贡,方舟干员,4,R146,重装,铁卫,萨尔贡,萨尔贡,2020-10-15,,
泡泡,Bubble,女性,2,立绘_泡泡_2.png,https://media.prts.wiki/4/49/%E7%AB%8B%E7%BB%98_%E6%B3%A1%E6%B3%A1_2.png,萨尔贡,方舟干员,4,R146,重装,铁卫,萨尔贡,萨尔贡,2020-10-15,,
泡泡,Bubble,女性,skin1,立绘_泡泡_skin1.png,https://media.prts.wiki/1/1e/%E7%AB%8B%E7%BB%98_%E6%B3%A1%E6%B3%A1_skin1.png,萨尔贡,方舟干员,4,R146,重装,铁卫,萨尔贡,萨尔贡,2020-10-15,玛尔特,迎风之轮
波卜,Bobbing,男性,1,立绘_波卜_1.png,https://media.prts.wiki/8/8b/%E7%AB%8B%E7%BB%98_%E6%B3%A2%E5%8D%9C_1.png,哥伦比亚,方舟干员,5,CB32,辅助,巫役,哥伦比亚,哥伦比亚,2024-10-09,,
波卜,Bobbing,男性,2,立绘_波卜_2.png,https://media.prts.wiki/a/a4/%E7%AB%8B%E7%BB%98_%E6%B3%A2%E5%8D%9C_2.png,哥伦比亚,方舟干员,5,CB32,辅助,巫役,哥伦比亚,哥伦比亚,2024-10-09,,
波卜,Bobbing,男性,skin1,立绘_波卜_skin1.png,https://media.prts.wiki/7/7d/%E7%AB%8B%E7%BB%98_%E6%B3%A2%E5%8D%9C_skin1.png,哥伦比亚,方舟干员,5,CB32,辅助,巫役,哥伦比亚,哥伦比亚,2024-10-09,罗德厨房,温情烘焙
波登可,Podenco,女性,1,立绘_波登可_1.png,https://media.prts.wiki/5/56/%E7%AB%8B%E7%BB%98_%E6%B3%A2%E7%99%BB%E5%8F%AF_1.png,罗德岛,方舟干员,4,R157,辅助,凝滞师,罗德岛,玻利瓦尔,2020-06-18,,
波登可,Podenco,女性,2,立绘_波登可_2.png,https://media.prts.wiki/2/2c/%E7%AB%8B%E7%BB%98_%E6%B3%A2%E7%99%BB%E5%8F%AF_2.png,罗德岛,方舟干员,4,R157,辅助,凝滞师,罗德岛,玻利瓦尔,2020-06-18,,
波登可,Podenco,女性,skin1,立绘_波登可_skin1.png,https://media.prts.wiki/2/20/%E7%AB%8B%E7%BB%98_%E6%B3%A2%E7%99%BB%E5%8F%AF_skin1.png,罗德岛,方舟干员,4,R157,辅助,凝滞师,罗德岛,玻利瓦尔,2020-06-18,时代,小憩初醒
泥岩,Mudrock,女性,1,立绘_泥岩_1.png,https://media.prts.wiki/8/80/%E7%AB%8B%E7%BB%98_%E6%B3%A5%E5%B2%A9_1.png,罗德岛,方舟干员,6,R159,重装,不屈者,罗德岛,卡兹戴尔,2020-11-01,,
泥岩,Mudrock,女性,2,立绘_泥岩_2.png,https://media.prts.wiki/7/72/%E7%AB%8B%E7%BB%98_%E6%B3%A5%E5%B2%A9_2.png,罗德岛,方舟干员,6,R159,重装,不屈者,罗德岛,卡兹戴尔,2020-11-01,,
泥岩,Mudrock,女性,skin1,立绘_泥岩_skin1.png,https://media.prts.wiki/2/28/%E7%AB%8B%E7%BB%98_%E6%B3%A5%E5%B2%A9_skin1.png,罗德岛,方舟干员,6,R159,重装,不屈者,罗德岛,卡兹戴尔,2020-11-01,珊瑚海岸,静谧午夜 DN06
泥岩,Mudrock,女性,skin2,立绘_泥岩_skin2.png,https://media.prts.wiki/0/0f/%E7%AB%8B%E7%BB%98_%E6%B3%A5%E5%B2%A9_skin2.png,罗德岛,方舟干员,6,R159,重装,不屈者,罗德岛,卡兹戴尔,2020-11-01,音律联觉,黑曜石
泥岩,Mudrock,女性,skin3,立绘_泥岩_skin3.png,https://media.prts.wiki/3/39/%E7%AB%8B%E7%BB%98_%E6%B3%A5%E5%B2%A9_skin3.png,罗德岛,方舟干员,6,R159,重装,不屈者,罗德岛,卡兹戴尔,2020-11-01,生命之地,砾瓦
泰拉大陆调查团,Terra Research Commission,其他,1,立绘_泰拉大陆调查团_1.png,https://media.prts.wiki/8/88/%E7%AB%8B%E7%BB%98_%E6%B3%B0%E6%8B%89%E5%A4%A7%E9%99%86%E8%B0%83%E6%9F%A5%E5%9B%A2_1.png,罗德岛,方舟干员,1,MH01,狙击,投掷手,罗德岛,未知,2023-03-07,,
泰拉大陆调查团,Terra Research Commission,其他,skin1,立绘_泰拉大陆调查团_skin1.png,https://media.prts.wiki/5/56/%E7%AB%8B%E7%BB%98_%E6%B3%B0%E6%8B%89%E5%A4%A7%E9%99%86%E8%B0%83%E6%9F%A5%E5%9B%A2_skin1.png,罗德岛,方舟干员,1,MH01,狙击,投掷手,罗德岛,未知,2023-03-07,合作款,跃上街头
洋灰,Cement,女性,1,立绘_洋灰_1.png,https://media.prts.wiki/8/8f/%E7%AB%8B%E7%BB%98_%E6%B4%8B%E7%81%B0_1.png,雷姆必拓,方舟干员,5,RB11,重装,决战者,雷姆必拓,雷姆必拓,2023-04-06,,
洋灰,Cement,女性,2,立绘_洋灰_2.png,https://media.prts.wiki/9/99/%E7%AB%8B%E7%BB%98_%E6%B4%8B%E7%81%B0_2.png,雷姆必拓,方舟干员,5,RB11,重装,决战者,雷姆必拓,雷姆必拓,2023-04-06,,
洋灰,Cement,女性,skin1,立绘_洋灰_skin1.png,https://media.prts.wiki/0/00/%E7%AB%8B%E7%BB%98_%E6%B4%8B%E7%81%B0_skin1.png,雷姆必拓,方舟干员,5,RB11,重装,决战者,雷姆必拓,雷姆必拓,2023-04-06,时代,全新业务
洛洛,Rockrock,女性,1,立绘_洛洛_1.png,https://media.prts.wiki/a/a5/%E7%AB%8B%E7%BB%98_%E6%B4%9B%E6%B4%9B_1.png,维多利亚,方舟干员,5,VC18,术师,驭械术师,维多利亚,维多利亚,2022-04-14,,
洛洛,Rockrock,女性,2,立绘_洛洛_2.png,https://media.prts.wiki/7/78/%E7%AB%8B%E7%BB%98_%E6%B4%9B%E6%B4%9B_2.png,维多利亚,方舟干员,5,VC18,术师,驭械术师,维多利亚,维多利亚,2022-04-14,,
洛洛,Rockrock,女性,skin1,立绘_洛洛_skin1.png,https://media.prts.wiki/0/0a/%E7%AB%8B%E7%BB%98_%E6%B4%9B%E6%B4%9B_skin1.png,维多利亚,方舟干员,5,VC18,术师,驭械术师,维多利亚,维多利亚,2022-04-14,合作款,欢唱之前
流明,Lumen,男性,1,立绘_流明_1.png,https://media.prts.wiki/9/96/%E7%AB%8B%E7%BB%98_%E6%B5%81%E6%98%8E_1.png,伊比利亚,方舟干员,6,II09,医疗,疗养师,伊比利亚,伊比利亚,2022-05-01,,
流明,Lumen,男性,2,立绘_流明_2.png,https://media.prts.wiki/a/ae/%E7%AB%8B%E7%BB%98_%E6%B5%81%E6%98%8E_2.png,伊比利亚,方舟干员,6,II09,医疗,疗养师,伊比利亚,伊比利亚,2022-05-01,,
流明,Lumen,男性,skin1,立绘_流明_skin1.png,https://media.prts.wiki/1/1e/%E7%AB%8B%E7%BB%98_%E6%B5%81%E6%98%8E_skin1.png,伊比利亚,方舟干员,6,II09,医疗,疗养师,伊比利亚,伊比利亚,2022-05-01,音律联觉,灿海浮梦
流明,Lumen,男性,skin2,立绘_流明_skin2.png,https://media.prts.wiki/6/64/%E7%AB%8B%E7%BB%98_%E6%B5%81%E6%98%8E_skin2.png,伊比利亚,方舟干员,6,II09,医疗,疗养师,伊比利亚,伊比利亚,2022-05-01,合作款,雨霓行游客
流星,Meteor,女性,1,立绘_流星_1.png,https://media.prts.wiki/b/be/%E7%AB%8B%E7%BB%98_%E6%B5%81%E6%98%9F_1.png,卡西米尔,方舟干员,4,ST02,狙击,速射手,卡西米尔,卡西米尔,2019-04-30,,
流星,Meteor,女性,2,立绘_流星_2.png,https://media.prts.wiki/b/ba/%E7%AB%8B%E7%BB%98_%E6%B5%81%E6%98%9F_2.png,卡西米尔,方舟干员,4,ST02,狙击,速射手,卡西米尔,卡西米尔,2019-04-30,,
流星,Meteor,女性,skin1,立绘_流星_skin1.png,https://media.prts.wiki/a/a3/%E7%AB%8B%E7%BB%98_%E6%B5%81%E6%98%9F_skin1.png,卡西米尔,方舟干员,4,ST02,狙击,速射手,卡西米尔,卡西米尔,2019-04-30,时代,诗人的假日
流星,Meteor,女性,skin2,立绘_流星_skin2.png,https://media.prts.wiki/6/67/%E7%AB%8B%E7%BB%98_%E6%B5%81%E6%98%9F_skin2.png,卡西米尔,方舟干员,4,ST02,狙击,速射手,卡西米尔,卡西米尔,2019-04-30,时代,星橼林
浊心斯卡蒂,Skadi the Corrupting Heart,女性,1,立绘_浊心斯卡蒂_1.png,https://media.prts.wiki/2/26/%E7%AB%8B%E7%BB%98_%E6%B5%8A%E5%BF%83%E6%96%AF%E5%8D%A1%E8%92%82_1.png,阿戈尔,方舟干员,6,CR01,辅助,吟游者,阿戈尔,阿戈尔,2021-05-01,,
浊心斯卡蒂,Skadi the Corrupting Heart,女性,2,立绘_浊心斯卡蒂_2.png,https://media.prts.wiki/b/b3/%E7%AB%8B%E7%BB%98_%E6%B5%8A%E5%BF%83%E6%96%AF%E5%8D%A1%E8%92%82_2.png,阿戈尔,方舟干员,6,CR01,辅助,吟游者,阿戈尔,阿戈尔,2021-05-01,,
浊心斯卡蒂,Skadi the Corrupting Heart,女性,skin1,立绘_浊心斯卡蒂_skin1.png,https://media.prts.wiki/a/a8/%E7%AB%8B%E7%BB%98_%E6%B5%8A%E5%BF%83%E6%96%AF%E5%8D%A1%E8%92%82_skin1.png,阿戈尔,方舟干员,6,CR01,辅助,吟游者,阿戈尔,阿戈尔,2021-05-01,斗争血脉,升华
浊心斯卡蒂,Skadi the Corrupting Heart,女性,skin2,立绘_浊心斯卡蒂_skin2.png,https://media.prts.wiki/7/78/%E7%AB%8B%E7%BB%98_%E6%B5%8A%E5%BF%83%E6%96%AF%E5%8D%A1%E8%92%82_skin2.png,阿戈尔,方舟干员,6,CR01,辅助,吟游者,阿戈尔,阿戈尔,2021-05-01,命途迭代,红女爵
海沫,Highmore,女性,1,立绘_海沫_1.png,https://media.prts.wiki/d/df/%E7%AB%8B%E7%BB%98_%E6%B5%B7%E6%B2%AB_1.png,伊比利亚,方舟干员,5,II10,近卫,收割者,伊比利亚,伊比利亚,2022-09-27,,
海沫,Highmore,女性,2,立绘_海沫_2.png,https://media.prts.wiki/b/bc/%E7%AB%8B%E7%BB%98_%E6%B5%B7%E6%B2%AB_2.png,伊比利亚,方舟干员,5,II10,近卫,收割者,伊比利亚,伊比利亚,2022-09-27,,
海沫,Highmore,女性,skin1,立绘_海沫_skin1.png,https://media.prts.wiki/9/9c/%E7%AB%8B%E7%BB%98_%E6%B5%B7%E6%B2%AB_skin1.png,伊比利亚,方舟干员,5,II10,近卫,收割者,伊比利亚,伊比利亚,2022-09-27,0011™制造,及山海
海沫,Highmore,女性,skin2,立绘_海沫_skin2.png,https://media.prts.wiki/f/f2/%E7%AB%8B%E7%BB%98_%E6%B5%B7%E6%B2%AB_skin2.png,伊比利亚,方舟干员,5,II10,近卫,收割者,伊比利亚,伊比利亚,2022-09-27,时代,搁浅
海蒂,Heidi,女性,1,立绘_海蒂_1.png,https://media.prts.wiki/6/6a/%E7%AB%8B%E7%BB%98_%E6%B5%B7%E8%92%82_1.png,维多利亚,方舟干员,5,VC19,辅助,吟游者,维多利亚,维多利亚,2022-04-14,,
海蒂,Heidi,女性,2,立绘_海蒂_2.png,https://media.prts.wiki/f/f7/%E7%AB%8B%E7%BB%98_%E6%B5%B7%E8%92%82_2.png,维多利亚,方舟干员,5,VC19,辅助,吟游者,维多利亚,维多利亚,2022-04-14,,
海蒂,Heidi,女性,skin1,立绘_海蒂_skin1.png,https://media.prts.wiki/2/2e/%E7%AB%8B%E7%BB%98_%E6%B5%B7%E8%92%82_skin1.png,维多利亚,方舟干员,5,VC19,辅助,吟游者,维多利亚,维多利亚,2022-04-14,时代,书信零落
海霓,Lucilla,女性,1,立绘_海霓_1.png,https://media.prts.wiki/7/77/%E7%AB%8B%E7%BB%98_%E6%B5%B7%E9%9C%93_1.png,阿戈尔,方舟干员,5,AE05,辅助,削弱者,阿戈尔,阿戈尔,2024-06-05,,
海霓,Lucilla,女性,2,立绘_海霓_2.png,https://media.prts.wiki/4/46/%E7%AB%8B%E7%BB%98_%E6%B5%B7%E9%9C%93_2.png,阿戈尔,方舟干员,5,AE05,辅助,削弱者,阿戈尔,阿戈尔,2024-06-05,,
海霓,Lucilla,女性,skin1,立绘_海霓_skin1.png,https://media.prts.wiki/5/53/%E7%AB%8B%E7%BB%98_%E6%B5%B7%E9%9C%93_skin1.png,阿戈尔,方舟干员,5,AE05,辅助,削弱者,阿戈尔,阿戈尔,2024-06-05,时代,翻涌
涤火杰西卡,Jessica the Liberated,女性,1,立绘_涤火杰西卡_1.png,https://media.prts.wiki/3/3b/%E7%AB%8B%E7%BB%98_%E6%B6%A4%E7%81%AB%E6%9D%B0%E8%A5%BF%E5%8D%A1_1.png,黑钢国际,方舟干员,6,BS30,重装,哨戒铁卫,黑钢国际,维多利亚,2023-09-05,,
涤火杰西卡,Jessica the Liberated,女性,2,立绘_涤火杰西卡_2.png,https://media.prts.wiki/f/fc/%E7%AB%8B%E7%BB%98_%E6%B6%A4%E7%81%AB%E6%9D%B0%E8%A5%BF%E5%8D%A1_2.png,黑钢国际,方舟干员,6,BS30,重装,哨戒铁卫,黑钢国际,维多利亚,2023-09-05,,
涤火杰西卡,Jessica the Liberated,女性,skin1,立绘_涤火杰西卡_skin1.png,https://media.prts.wiki/c/c3/%E7%AB%8B%E7%BB%98_%E6%B6%A4%E7%81%AB%E6%9D%B0%E8%A5%BF%E5%8D%A1_skin1.png,黑钢国际,方舟干员,6,BS30,重装,哨戒铁卫,黑钢国际,维多利亚,2023-09-05,合作款,《上任达维镇》
淬羽赫默,Silence the Paradigmatic,女性,1,立绘_淬羽赫默_1.png,https://media.prts.wiki/b/b4/%E7%AB%8B%E7%BB%98_%E6%B7%AC%E7%BE%BD%E8%B5%AB%E9%BB%98_1.png,莱茵生命,方舟干员,6,RL10,辅助,护佑者,莱茵生命,哥伦比亚,2023-05-01,,
淬羽赫默,Silence the Paradigmatic,女性,2,立绘_淬羽赫默_2.png,https://media.prts.wiki/4/4f/%E7%AB%8B%E7%BB%98_%E6%B7%AC%E7%BE%BD%E8%B5%AB%E9%BB%98_2.png,莱茵生命,方舟干员,6,RL10,辅助,护佑者,莱茵生命,哥伦比亚,2023-05-01,,
淬羽赫默,Silence the Paradigmatic,女性,skin1,立绘_淬羽赫默_skin1.png,https://media.prts.wiki/1/19/%E7%AB%8B%E7%BB%98_%E6%B7%AC%E7%BE%BD%E8%B5%AB%E9%BB%98_skin1.png,莱茵生命,方舟干员,6,RL10,辅助,护佑者,莱茵生命,哥伦比亚,2023-05-01,时代,栖息
深巡,Underflow,女性,1,立绘_深巡_1.png,https://media.prts.wiki/1/1f/%E7%AB%8B%E7%BB%98_%E6%B7%B1%E5%B7%A1_1.png,阿戈尔,方舟干员,5,AE03,重装,哨戒铁卫,阿戈尔,阿戈尔,2024-06-05,,
深巡,Underflow,女性,2,立绘_深巡_2.png,https://media.prts.wiki/0/01/%E7%AB%8B%E7%BB%98_%E6%B7%B1%E5%B7%A1_2.png,阿戈尔,方舟干员,5,AE03,重装,哨戒铁卫,阿戈尔,阿戈尔,2024-06-05,,
深巡,Underflow,女性,skin1,立绘_深巡_skin1.png,https://media.prts.wiki/e/e2/%E7%AB%8B%E7%BB%98_%E6%B7%B1%E5%B7%A1_skin1.png,阿戈尔,方舟干员,5,AE03,重装,哨戒铁卫,阿戈尔,阿戈尔,2024-06-05,时代,层流
深律,Bassline,男性,1,立绘_深律_1.png,https://media.prts.wiki/0/00/%E7%AB%8B%E7%BB%98_%E6%B7%B1%E5%BE%8B_1.png,莱塔尼亚,方舟干员,5,LN13,重装,守护者,莱塔尼亚,莱塔尼亚,2023-11-01,,
深律,Bassline,男性,2,立绘_深律_2.png,https://media.prts.wiki/8/80/%E7%AB%8B%E7%BB%98_%E6%B7%B1%E5%BE%8B_2.png,莱塔尼亚,方舟干员,5,LN13,重装,守护者,莱塔尼亚,莱塔尼亚,2023-11-01,,
深律,Bassline,男性,skin1,立绘_深律_skin1.png,https://media.prts.wiki/a/a4/%E7%AB%8B%E7%BB%98_%E6%B7%B1%E5%BE%8B_skin1.png,莱塔尼亚,方舟干员,5,LN13,重装,守护者,莱塔尼亚,莱塔尼亚,2023-11-01,巫异盛宴,夜空星芒
深海色,Deepcolor,女性,1,立绘_深海色_1.png,https://media.prts.wiki/5/52/%E7%AB%8B%E7%BB%98_%E6%B7%B1%E6%B5%B7%E8%89%B2_1.png,阿戈尔,方舟干员,4,AA04,辅助,召唤师,阿戈尔,未公开,2019-04-30,,
深海色,Deepcolor,女性,2,立绘_深海色_2.png,https://media.prts.wiki/7/7c/%E7%AB%8B%E7%BB%98_%E6%B7%B1%E6%B5%B7%E8%89%B2_2.png,阿戈尔,方舟干员,4,AA04,辅助,召唤师,阿戈尔,未公开,2019-04-30,,
深海色,Deepcolor,女性,skin1,立绘_深海色_skin1.png,https://media.prts.wiki/d/df/%E7%AB%8B%E7%BB%98_%E6%B7%B1%E6%B5%B7%E8%89%B2_skin1.png,阿戈尔,方舟干员,4,AA04,辅助,召唤师,阿戈尔,未公开,2019-04-30,寒武纪™系列,绘声绘影
深靛,Indigo,女性,1,立绘_深靛_1.png,https://media.prts.wiki/a/a1/%E7%AB%8B%E7%BB%98_%E6%B7%B1%E9%9D%9B_1.png,伊比利亚,方舟干员,4,II05,术师,秘术师,伊比利亚,伊比利亚,2021-06-01,,
深靛,Indigo,女性,2,立绘_深靛_2.png,https://media.prts.wiki/0/09/%E7%AB%8B%E7%BB%98_%E6%B7%B1%E9%9D%9B_2.png,伊比利亚,方舟干员,4,II05,术师,秘术师,伊比利亚,伊比利亚,2021-06-01,,
深靛,Indigo,女性,skin1,立绘_深靛_skin1.png,https://media.prts.wiki/9/9e/%E7%AB%8B%E7%BB%98_%E6%B7%B1%E9%9D%9B_skin1.png,伊比利亚,方舟干员,4,II05,术师,秘术师,伊比利亚,伊比利亚,2021-06-01,0011™制造,待晴日
清流,Purestream,女性,1,立绘_清流_1.png,https://media.prts.wiki/f/f3/%E7%AB%8B%E7%BB%98_%E6%B8%85%E6%B5%81_1.png,炎,方舟干员,4,R160,医疗,疗养师,炎,炎,2020-03-03,,
清流,Purestream,女性,2,立绘_清流_2.png,https://media.prts.wiki/4/48/%E7%AB%8B%E7%BB%98_%E6%B8%85%E6%B5%81_2.png,炎,方舟干员,4,R160,医疗,疗养师,炎,炎,2020-03-03,,
清流,Purestream,女性,skin1,立绘_清流_skin1.png,https://media.prts.wiki/9/9b/%E7%AB%8B%E7%BB%98_%E6%B8%85%E6%B5%81_skin1.png,炎,方舟干员,4,R160,医疗,疗养师,炎,炎,2020-03-03,0011™制造,贺新禧
清道夫,Scavenger,女性,1,立绘_清道夫_1.png,https://media.prts.wiki/3/3a/%E7%AB%8B%E7%BB%98_%E6%B8%85%E9%81%93%E5%A4%AB_1.png,S.W.E.E.P.,方舟干员,4,SW02,先锋,尖兵,S.W.E.E.P.,未公开,2019-04-30,,
清道夫,Scavenger,女性,2,立绘_清道夫_2.png,https://media.prts.wiki/d/d8/%E7%AB%8B%E7%BB%98_%E6%B8%85%E9%81%93%E5%A4%AB_2.png,S.W.E.E.P.,方舟干员,4,SW02,先锋,尖兵,S.W.E.E.P.,未公开,2019-04-30,,
清道夫,Scavenger,女性,skin1,立绘_清道夫_skin1.png,https://media.prts.wiki/4/46/%E7%AB%8B%E7%BB%98_%E6%B8%85%E9%81%93%E5%A4%AB_skin1.png,S.W.E.E.P.,方舟干员,4,SW02,先锋,尖兵,S.W.E.E.P.,未公开,2019-04-30,雷神推进者,生存
渡桥,Mitm,男性,1,立绘_渡桥_1.png,https://media.prts.wiki/7/74/%E7%AB%8B%E7%BB%98_%E6%B8%A1%E6%A1%A5_1.png,罗德岛,方舟干员,5,R184,先锋,战术家,罗德岛,卡兹戴尔,2024-07-09,,
渡桥,Mitm,男性,2,立绘_渡桥_2.png,https://media.prts.wiki/e/e9/%E7%AB%8B%E7%BB%98_%E6%B8%A1%E6%A1%A5_2.png,罗德岛,方舟干员,5,R184,先锋,战术家,罗德岛,卡兹戴尔,2024-07-09,,
渡桥,Mitm,男性,skin1,立绘_渡桥_skin1.png,https://media.prts.wiki/0/09/%E7%AB%8B%E7%BB%98_%E6%B8%A1%E6%A1%A5_skin1.png,罗德岛,方舟干员,5,R184,先锋,战术家,罗德岛,卡兹戴尔,2024-07-09,破格视界,无影灯下
温米,Warmy,女性,1,立绘_温米_1.png,https://media.prts.wiki/1/15/%E7%AB%8B%E7%BB%98_%E6%B8%A9%E7%B1%B3_1.png,雷姆必拓,方舟干员,5,RB14,术师,本源术师,雷姆必拓,雷姆必拓,2024-01-09,,
温米,Warmy,女性,2,立绘_温米_2.png,https://media.prts.wiki/2/20/%E7%AB%8B%E7%BB%98_%E6%B8%A9%E7%B1%B3_2.png,雷姆必拓,方舟干员,5,RB14,术师,本源术师,雷姆必拓,雷姆必拓,2024-01-09,,
温米,Warmy,女性,skin1,立绘_温米_skin1.png,https://media.prts.wiki/d/dd/%E7%AB%8B%E7%BB%98_%E6%B8%A9%E7%B1%B3_skin1.png,雷姆必拓,方舟干员,5,RB14,术师,本源术师,雷姆必拓,雷姆必拓,2024-01-09,寒武纪™系列,街角暖绒
温蒂,Weedy,女性,1,立绘_温蒂_1.png,https://media.prts.wiki/2/26/%E7%AB%8B%E7%BB%98_%E6%B8%A9%E8%92%82_1.png,罗德岛,方舟干员,6,R117,特种,推击手,罗德岛,伊比利亚,2020-05-01,,
温蒂,Weedy,女性,2,立绘_温蒂_2.png,https://media.prts.wiki/c/c2/%E7%AB%8B%E7%BB%98_%E6%B8%A9%E8%92%82_2.png,罗德岛,方舟干员,6,R117,特种,推击手,罗德岛,伊比利亚,2020-05-01,,
温蒂,Weedy,女性,skin1,立绘_温蒂_skin1.png,https://media.prts.wiki/a/a5/%E7%AB%8B%E7%BB%98_%E6%B8%A9%E8%92%82_skin1.png,罗德岛,方舟干员,6,R117,特种,推击手,罗德岛,伊比利亚,2020-05-01,冰原信使,糖果仙子
温蒂,Weedy,女性,skin2,立绘_温蒂_skin2.png,https://media.prts.wiki/9/97/%E7%AB%8B%E7%BB%98_%E6%B8%A9%E8%92%82_skin2.png,罗德岛,方舟干员,6,R117,特种,推击手,罗德岛,伊比利亚,2020-05-01,错位巡礼,倾听
溯光星源,Astgenne the Lightchaser,女性,1,立绘_溯光星源_1.png,https://media.prts.wiki/a/a0/%E7%AB%8B%E7%BB%98_%E6%BA%AF%E5%85%89%E6%98%9F%E6%BA%90_1.png,莱茵生命,方舟干员,6,RL12,辅助,凝滞师,莱茵生命,哥伦比亚,2025-11-01,,
溯光星源,Astgenne the Lightchaser,女性,2,立绘_溯光星源_2.png,https://media.prts.wiki/f/f9/%E7%AB%8B%E7%BB%98_%E6%BA%AF%E5%85%89%E6%98%9F%E6%BA%90_2.png,莱茵生命,方舟干员,6,RL12,辅助,凝滞师,莱茵生命,哥伦比亚,2025-11-01,,
澄闪,Goldenglow,女性,1,立绘_澄闪_1.png,https://media.prts.wiki/4/46/%E7%AB%8B%E7%BB%98_%E6%BE%84%E9%97%AA_1.png,维多利亚,方舟干员,6,VC09,术师,驭械术师,维多利亚,维多利亚,2022-02-15,,
澄闪,Goldenglow,女性,2,立绘_澄闪_2.png,https://media.prts.wiki/d/d0/%E7%AB%8B%E7%BB%98_%E6%BE%84%E9%97%AA_2.png,维多利亚,方舟干员,6,VC09,术师,驭械术师,维多利亚,维多利亚,2022-02-15,,
澄闪,Goldenglow,女性,skin1,立绘_澄闪_skin1.png,https://media.prts.wiki/e/ea/%E7%AB%8B%E7%BB%98_%E6%BE%84%E9%97%AA_skin1.png,维多利亚,方舟干员,6,VC09,术师,驭械术师,维多利亚,维多利亚,2022-02-15,冰原信使,喜夜侍者
澄闪,Goldenglow,女性,skin2,立绘_澄闪_skin2.png,https://media.prts.wiki/b/b6/%E7%AB%8B%E7%BB%98_%E6%BE%84%E9%97%AA_skin2.png,维多利亚,方舟干员,6,VC09,术师,驭械术师,维多利亚,维多利亚,2022-02-15,珊瑚海岸,夏卉 FA394
澄闪,Goldenglow,女性,skin3,立绘_澄闪_skin3.png,https://media.prts.wiki/d/d1/%E7%AB%8B%E7%BB%98_%E6%BE%84%E9%97%AA_skin3.png,维多利亚,方舟干员,6,VC09,术师,驭械术师,维多利亚,维多利亚,2022-02-15,合作款,花房茶话会
濯尘芙蓉,Hibiscus the Purifier,女性,1,立绘_濯尘芙蓉_1.png,https://media.prts.wiki/d/dc/%E7%AB%8B%E7%BB%98_%E6%BF%AF%E5%B0%98%E8%8A%99%E8%93%89_1.png,罗德岛,方舟干员,5,RF03,医疗,咒愈师,罗德岛,维多利亚,2022-06-09,,
濯尘芙蓉,Hibiscus the Purifier,女性,2,立绘_濯尘芙蓉_2.png,https://media.prts.wiki/d/d2/%E7%AB%8B%E7%BB%98_%E6%BF%AF%E5%B0%98%E8%8A%99%E8%93%89_2.png,罗德岛,方舟干员,5,RF03,医疗,咒愈师,罗德岛,维多利亚,2022-06-09,,
濯尘芙蓉,Hibiscus the Purifier,女性,skin1,立绘_濯尘芙蓉_skin1.png,https://media.prts.wiki/2/24/%E7%AB%8B%E7%BB%98_%E6%BF%AF%E5%B0%98%E8%8A%99%E8%93%89_skin1.png,罗德岛,方舟干员,5,RF03,医疗,咒愈师,罗德岛,维多利亚,2022-06-09,待予花冠,浪漫满厢
火哨,Firewhistle,女性,1,立绘_火哨_1.png,https://media.prts.wiki/7/78/%E7%AB%8B%E7%BB%98_%E7%81%AB%E5%93%A8_1.png,雷姆必拓,方舟干员,5,RB09,重装,要塞,雷姆必拓,雷姆必拓,2023-01-17,,
火哨,Firewhistle,女性,2,立绘_火哨_2.png,https://media.prts.wiki/b/b3/%E7%AB%8B%E7%BB%98_%E7%81%AB%E5%93%A8_2.png,雷姆必拓,方舟干员,5,RB09,重装,要塞,雷姆必拓,雷姆必拓,2023-01-17,,
火神,Vulcan,女性,1,立绘_火神_1.png,https://media.prts.wiki/9/92/%E7%AB%8B%E7%BB%98_%E7%81%AB%E7%A5%9E_1.png,米诺斯,方舟干员,5,MN02,重装,不屈者,米诺斯,米诺斯,2019-04-30,,
火神,Vulcan,女性,2,立绘_火神_2.png,https://media.prts.wiki/0/03/%E7%AB%8B%E7%BB%98_%E7%81%AB%E7%A5%9E_2.png,米诺斯,方舟干员,5,MN02,重装,不屈者,米诺斯,米诺斯,2019-04-30,,
火神,Vulcan,女性,skin1,立绘_火神_skin1.png,https://media.prts.wiki/5/5b/%E7%AB%8B%E7%BB%98_%E7%81%AB%E7%A5%9E_skin1.png,米诺斯,方舟干员,5,MN02,重装,不屈者,米诺斯,米诺斯,2019-04-30,斗争血脉,火种
火龙S黑角,Rathalos S Noir Corne,男性,1,立绘_火龙S黑角_1.png,https://media.prts.wiki/d/d2/%E7%AB%8B%E7%BB%98_%E7%81%AB%E9%BE%99S%E9%BB%91%E8%A7%92_1.png,行动组A4,方舟干员,5,MH03,近卫,武者,行动组A4,东国,2023-03-07,,
火龙S黑角,Rathalos S Noir Corne,男性,2,立绘_火龙S黑角_2.png,https://media.prts.wiki/2/2b/%E7%AB%8B%E7%BB%98_%E7%81%AB%E9%BE%99S%E9%BB%91%E8%A7%92_2.png,行动组A4,方舟干员,5,MH03,近卫,武者,行动组A4,东国,2023-03-07,,
灰喉,GreyThroat,女性,1,立绘_灰喉_1.png,https://media.prts.wiki/2/23/%E7%AB%8B%E7%BB%98_%E7%81%B0%E5%96%89_1.png,罗德岛,方舟干员,5,R110,狙击,速射手,罗德岛,未公开,2019-12-24,,
灰喉,GreyThroat,女性,2,立绘_灰喉_2.png,https://media.prts.wiki/6/66/%E7%AB%8B%E7%BB%98_%E7%81%B0%E5%96%89_2.png,罗德岛,方舟干员,5,R110,狙击,速射手,罗德岛,未公开,2019-12-24,,
灰喉,GreyThroat,女性,skin1,立绘_灰喉_skin1.png,https://media.prts.wiki/4/41/%E7%AB%8B%E7%BB%98_%E7%81%B0%E5%96%89_skin1.png,罗德岛,方舟干员,5,R110,狙击,速射手,罗德岛,未公开,2019-12-24,斗争血脉,归巢
灰毫,Ashlock,女性,1,立绘_灰毫_1.png,https://media.prts.wiki/e/ea/%E7%AB%8B%E7%BB%98_%E7%81%B0%E6%AF%AB_1.png,红松骑士团,方舟干员,5,KZ12,重装,要塞,红松骑士团,卡西米尔,2021-10-15,,
灰毫,Ashlock,女性,2,立绘_灰毫_2.png,https://media.prts.wiki/3/37/%E7%AB%8B%E7%BB%98_%E7%81%B0%E6%AF%AB_2.png,红松骑士团,方舟干员,5,KZ12,重装,要塞,红松骑士团,卡西米尔,2021-10-15,,
灰毫,Ashlock,女性,skin1,立绘_灰毫_skin1.png,https://media.prts.wiki/d/dc/%E7%AB%8B%E7%BB%98_%E7%81%B0%E6%AF%AB_skin1.png,红松骑士团,方舟干员,5,KZ12,重装,要塞,红松骑士团,卡西米尔,2021-10-15,时代,卡利斯卡群枪
灰烬,Ash,女性,1,立绘_灰烬_1.png,https://media.prts.wiki/3/37/%E7%AB%8B%E7%BB%98_%E7%81%B0%E7%83%AC_1.png,彩虹小队,方舟干员,6,RS01,狙击,速射手,彩虹小队,未知,2021-03-09,,
灰烬,Ash,女性,2,立绘_灰烬_2.png,https://media.prts.wiki/2/28/%E7%AB%8B%E7%BB%98_%E7%81%B0%E7%83%AC_2.png,彩虹小队,方舟干员,6,RS01,狙击,速射手,彩虹小队,未知,2021-03-09,,
灰烬,Ash,女性,skin1,立绘_灰烬_skin1.png,https://media.prts.wiki/2/22/%E7%AB%8B%E7%BB%98_%E7%81%B0%E7%83%AC_skin1.png,彩虹小队,方舟干员,6,RS01,狙击,速射手,彩虹小队,未知,2021-03-09,合作款,游侠
灵知,Gnosis,男性,1,立绘_灵知_1.png,https://media.prts.wiki/4/4b/%E7%AB%8B%E7%BB%98_%E7%81%B5%E7%9F%A5_1.png,喀兰贸易,方舟干员,6,JC02,辅助,削弱者,喀兰贸易,谢拉格,2021-12-21,,
灵知,Gnosis,男性,2,立绘_灵知_2.png,https://media.prts.wiki/0/09/%E7%AB%8B%E7%BB%98_%E7%81%B5%E7%9F%A5_2.png,喀兰贸易,方舟干员,6,JC02,辅助,削弱者,喀兰贸易,谢拉格,2021-12-21,,
灵知,Gnosis,男性,skin1,立绘_灵知_skin1.png,https://media.prts.wiki/9/9c/%E7%AB%8B%E7%BB%98_%E7%81%B5%E7%9F%A5_skin1.png,喀兰贸易,方舟干员,6,JC02,辅助,削弱者,喀兰贸易,谢拉格,2021-12-21,斗争血脉,先驱
炎客,Flamebringer,男性,1,立绘_炎客_1.png,https://media.prts.wiki/6/64/%E7%AB%8B%E7%BB%98_%E7%82%8E%E5%AE%A2_1.png,罗德岛,方舟干员,5,R137,近卫,无畏者,罗德岛,卡兹戴尔,2019-10-15,,
炎客,Flamebringer,男性,2,立绘_炎客_2.png,https://media.prts.wiki/2/22/%E7%AB%8B%E7%BB%98_%E7%82%8E%E5%AE%A2_2.png,罗德岛,方舟干员,5,R137,近卫,无畏者,罗德岛,卡兹戴尔,2019-10-15,,
炎客,Flamebringer,男性,skin1,立绘_炎客_skin1.png,https://media.prts.wiki/b/bc/%E7%AB%8B%E7%BB%98_%E7%82%8E%E5%AE%A2_skin1.png,罗德岛,方舟干员,5,R137,近卫,无畏者,罗德岛,卡兹戴尔,2019-10-15,珊瑚海岸,悠然假日 HDm04
炎客,Flamebringer,男性,skin2,立绘_炎客_skin2.png,https://media.prts.wiki/3/33/%E7%AB%8B%E7%BB%98_%E7%82%8E%E5%AE%A2_skin2.png,罗德岛,方舟干员,5,R137,近卫,无畏者,罗德岛,卡兹戴尔,2019-10-15,0011-飙系列,单刀
炎熔,Lava,女性,1,立绘_炎熔_1.png,https://media.prts.wiki/8/80/%E7%AB%8B%E7%BB%98_%E7%82%8E%E7%86%94_1.png,行动预备组A1,方舟干员,3,PA15,术师,扩散术师,行动预备组A1,维多利亚,2019-04-30,,
炎熔,Lava,女性,skin1,立绘_炎熔_skin1.png,https://media.prts.wiki/c/cb/%E7%AB%8B%E7%BB%98_%E7%82%8E%E7%86%94_skin1.png,行动预备组A1,方舟干员,3,PA15,术师,扩散术师,行动预备组A1,维多利亚,2019-04-30,忒斯特收藏,一束阳光
炎狱炎熔,Lava the Purgatory,女性,1,立绘_炎狱炎熔_1.png,https://media.prts.wiki/7/79/%E7%AB%8B%E7%BB%98_%E7%82%8E%E7%8B%B1%E7%82%8E%E7%86%94_1.png,罗德岛,方舟干员,5,RF01,术师,扩散术师,罗德岛,维多利亚,2021-02-05,,
炎狱炎熔,Lava the Purgatory,女性,2,立绘_炎狱炎熔_2.png,https://media.prts.wiki/d/dd/%E7%AB%8B%E7%BB%98_%E7%82%8E%E7%8B%B1%E7%82%8E%E7%86%94_2.png,罗德岛,方舟干员,5,RF01,术师,扩散术师,罗德岛,维多利亚,2021-02-05,,
炎狱炎熔,Lava the Purgatory,女性,skin1,立绘_炎狱炎熔_skin1.png,https://media.prts.wiki/0/04/%E7%AB%8B%E7%BB%98_%E7%82%8E%E7%8B%B1%E7%82%8E%E7%86%94_skin1.png,罗德岛,方舟干员,5,RF01,术师,扩散术师,罗德岛,维多利亚,2021-02-05,0011™制造,暮影藤萝
炎狱炎熔,Lava the Purgatory,女性,skin2,立绘_炎狱炎熔_skin2.png,https://media.prts.wiki/4/43/%E7%AB%8B%E7%BB%98_%E7%82%8E%E7%8B%B1%E7%82%8E%E7%86%94_skin2.png,罗德岛,方舟干员,5,RF01,术师,扩散术师,罗德岛,维多利亚,2021-02-05,0011-飙系列,镇邪焱
烈夏,Лето,女性,1,立绘_烈夏_1.png,https://media.prts.wiki/f/fa/%E7%AB%8B%E7%BB%98_%E7%83%88%E5%A4%8F_1.png,乌萨斯学生自治团,方舟干员,5,USS5,近卫,领主,乌萨斯学生自治团,乌萨斯,2023-12-05,,
烈夏,Лето,女性,2,立绘_烈夏_2.png,https://media.prts.wiki/a/a6/%E7%AB%8B%E7%BB%98_%E7%83%88%E5%A4%8F_2.png,乌萨斯学生自治团,方舟干员,5,USS5,近卫,领主,乌萨斯学生自治团,乌萨斯,2023-12-05,,
烛煌,Blaze the Igniting Spark,女性,1,立绘_烛煌_1.png,https://media.prts.wiki/9/96/%E7%AB%8B%E7%BB%98_%E7%83%9B%E7%85%8C_1.png,罗德岛-精英干员,方舟干员,6,REX1,术师,本源术师,罗德岛-精英干员,炎,2025-01-22,,
烛煌,Blaze the Igniting Spark,女性,2,立绘_烛煌_2.png,https://media.prts.wiki/f/fa/%E7%AB%8B%E7%BB%98_%E7%83%9B%E7%85%8C_2.png,罗德岛-精英干员,方舟干员,6,REX1,术师,本源术师,罗德岛-精英干员,炎,2025-01-22,,
烛煌,Blaze the Igniting Spark,女性,skin1,立绘_烛煌_skin1.png,https://media.prts.wiki/7/73/%E7%AB%8B%E7%BB%98_%E7%83%9B%E7%85%8C_skin1.png,罗德岛-精英干员,方舟干员,6,REX1,术师,本源术师,罗德岛-精英干员,炎,2025-01-22,寒武纪™系列,夜归人
焰尾,Flametail,女性,1,立绘_焰尾_1.png,https://media.prts.wiki/3/3b/%E7%AB%8B%E7%BB%98_%E7%84%B0%E5%B0%BE_1.png,红松骑士团,方舟干员,6,KZ11,先锋,尖兵,红松骑士团,卡西米尔,2021-11-01,,
焰尾,Flametail,女性,2,立绘_焰尾_2.png,https://media.prts.wiki/7/7c/%E7%AB%8B%E7%BB%98_%E7%84%B0%E5%B0%BE_2.png,红松骑士团,方舟干员,6,KZ11,先锋,尖兵,红松骑士团,卡西米尔,2021-11-01,,
焰尾,Flametail,女性,skin1,立绘_焰尾_skin1.png,https://media.prts.wiki/4/42/%E7%AB%8B%E7%BB%98_%E7%84%B0%E5%B0%BE_skin1.png,红松骑士团,方舟干员,6,KZ11,先锋,尖兵,红松骑士团,卡西米尔,2021-11-01,成就之星,小健将
焰影苇草,Reed The Flame Shadow,女性,1,立绘_焰影苇草_1.png,https://media.prts.wiki/7/7c/%E7%AB%8B%E7%BB%98_%E7%84%B0%E5%BD%B1%E8%8B%87%E8%8D%89_1.png,塔拉,方舟干员,6,DB02,医疗,咒愈师,塔拉,维多利亚,2022-12-15,,
焰影苇草,Reed The Flame Shadow,女性,2,立绘_焰影苇草_2.png,https://media.prts.wiki/d/d3/%E7%AB%8B%E7%BB%98_%E7%84%B0%E5%BD%B1%E8%8B%87%E8%8D%89_2.png,塔拉,方舟干员,6,DB02,医疗,咒愈师,塔拉,维多利亚,2022-12-15,,
焰影苇草,Reed The Flame Shadow,女性,skin1,立绘_焰影苇草_skin1.png,https://media.prts.wiki/3/36/%E7%AB%8B%E7%BB%98_%E7%84%B0%E5%BD%B1%E8%8B%87%E8%8D%89_skin1.png,塔拉,方舟干员,6,DB02,医疗,咒愈师,塔拉,维多利亚,2022-12-15,时代,博物
焰影苇草,Reed The Flame Shadow,女性,skin2,立绘_焰影苇草_skin2.png,https://media.prts.wiki/1/1d/%E7%AB%8B%E7%BB%98_%E7%84%B0%E5%BD%B1%E8%8B%87%E8%8D%89_skin2.png,塔拉,方舟干员,6,DB02,医疗,咒愈师,塔拉,维多利亚,2022-12-15,珊瑚海岸,夏卉 FA075
焰影苇草,Reed The Flame Shadow,女性,skin3,立绘_焰影苇草_skin3.png,https://media.prts.wiki/d/da/%E7%AB%8B%E7%BB%98_%E7%84%B0%E5%BD%B1%E8%8B%87%E8%8D%89_skin3.png,塔拉,方舟干员,6,DB02,医疗,咒愈师,塔拉,维多利亚,2022-12-15,冰原信使,闪焰之夜
煌,Blaze,女性,1,立绘_煌_1.png,https://media.prts.wiki/3/38/%E7%AB%8B%E7%BB%98_%E7%85%8C_1.png,罗德岛-精英干员,方舟干员,6,RE41,近卫,强攻手,罗德岛-精英干员,维多利亚,2019-12-24,,
煌,Blaze,女性,2,立绘_煌_2.png,https://media.prts.wiki/4/40/%E7%AB%8B%E7%BB%98_%E7%85%8C_2.png,罗德岛-精英干员,方舟干员,6,RE41,近卫,强攻手,罗德岛-精英干员,维多利亚,2019-12-24,,
煌,Blaze,女性,skin1,立绘_煌_skin1.png,https://media.prts.wiki/9/97/%E7%AB%8B%E7%BB%98_%E7%85%8C_skin1.png,罗德岛-精英干员,方舟干员,6,RE41,近卫,强攻手,罗德岛-精英干员,维多利亚,2019-12-24,音律联觉,爆裂菲林
煌,Blaze,女性,skin2,立绘_煌_skin2.png,https://media.prts.wiki/e/e6/%E7%AB%8B%E7%BB%98_%E7%85%8C_skin2.png,罗德岛-精英干员,方舟干员,6,RE41,近卫,强攻手,罗德岛-精英干员,维多利亚,2019-12-24,巫异盛宴,易爆蓝焰
熔泉,Toddifons,女性,1,立绘_熔泉_1.png,https://media.prts.wiki/1/14/%E7%AB%8B%E7%BB%98_%E7%86%94%E6%B3%89_1.png,维多利亚,方舟干员,5,VC11,狙击,攻城手,维多利亚,维多利亚,2021-04-15,,
熔泉,Toddifons,女性,2,立绘_熔泉_2.png,https://media.prts.wiki/b/b9/%E7%AB%8B%E7%BB%98_%E7%86%94%E6%B3%89_2.png,维多利亚,方舟干员,5,VC11,狙击,攻城手,维多利亚,维多利亚,2021-04-15,,
燧石,Flint,女性,1,立绘_燧石_1.png,https://media.prts.wiki/2/24/%E7%AB%8B%E7%BB%98_%E7%87%A7%E7%9F%B3_1.png,萨尔贡,方舟干员,5,SG06,近卫,斗士,萨尔贡,萨尔贡,2020-08-25,,
燧石,Flint,女性,2,立绘_燧石_2.png,https://media.prts.wiki/4/49/%E7%AB%8B%E7%BB%98_%E7%87%A7%E7%9F%B3_2.png,萨尔贡,方舟干员,5,SG06,近卫,斗士,萨尔贡,萨尔贡,2020-08-25,,
燧石,Flint,女性,skin1,立绘_燧石_skin1.png,https://media.prts.wiki/d/d7/%E7%AB%8B%E7%BB%98_%E7%87%A7%E7%9F%B3_skin1.png,萨尔贡,方舟干员,5,SG06,近卫,斗士,萨尔贡,萨尔贡,2020-08-25,斗争血脉,绚烂夏花
爱丽丝,Iris,女性,1,立绘_爱丽丝_1.png,https://media.prts.wiki/6/62/%E7%AB%8B%E7%BB%98_%E7%88%B1%E4%B8%BD%E4%B8%9D_1.png,维多利亚,方舟干员,5,VC12,术师,秘术师,维多利亚,维多利亚,2021-01-05,,
爱丽丝,Iris,女性,2,立绘_爱丽丝_2.png,https://media.prts.wiki/e/ef/%E7%AB%8B%E7%BB%98_%E7%88%B1%E4%B8%BD%E4%B8%9D_2.png,维多利亚,方舟干员,5,VC12,术师,秘术师,维多利亚,维多利亚,2021-01-05,,
爱丽丝,Iris,女性,skin1,立绘_爱丽丝_skin1.png,https://media.prts.wiki/c/c0/%E7%AB%8B%E7%BB%98_%E7%88%B1%E4%B8%BD%E4%B8%9D_skin1.png,维多利亚,方舟干员,5,VC12,术师,秘术师,维多利亚,维多利亚,2021-01-05,巫异盛宴,镜中来访
特克诺,Tecno,女性,1,立绘_特克诺_1.png,https://media.prts.wiki/5/5e/%E7%AB%8B%E7%BB%98_%E7%89%B9%E5%85%8B%E8%AF%BA_1.png,玻利瓦尔,方舟干员,5,BV23,术师,塑灵术师,玻利瓦尔,玻利瓦尔,2024-12-05,,
特克诺,Tecno,女性,2,立绘_特克诺_2.png,https://media.prts.wiki/5/52/%E7%AB%8B%E7%BB%98_%E7%89%B9%E5%85%8B%E8%AF%BA_2.png,玻利瓦尔,方舟干员,5,BV23,术师,塑灵术师,玻利瓦尔,玻利瓦尔,2024-12-05,,
特米米,Tomimi,女性,1,立绘_特米米_1.png,https://media.prts.wiki/0/0a/%E7%AB%8B%E7%BB%98_%E7%89%B9%E7%B1%B3%E7%B1%B3_1.png,萨尔贡,方舟干员,5,SG05,术师,中坚术师,萨尔贡,萨尔贡,2020-08-25,,
特米米,Tomimi,女性,2,立绘_特米米_2.png,https://media.prts.wiki/a/af/%E7%AB%8B%E7%BB%98_%E7%89%B9%E7%B1%B3%E7%B1%B3_2.png,萨尔贡,方舟干员,5,SG05,术师,中坚术师,萨尔贡,萨尔贡,2020-08-25,,
特米米,Tomimi,女性,skin1,立绘_特米米_skin1.png,https://media.prts.wiki/0/0b/%E7%AB%8B%E7%BB%98_%E7%89%B9%E7%B1%B3%E7%B1%B3_skin1.png,萨尔贡,方舟干员,5,SG05,术师,中坚术师,萨尔贡,萨尔贡,2020-08-25,珊瑚海岸,静谧午夜 DN04
狮蝎,Manticore,女性,1,立绘_狮蝎_1.png,https://media.prts.wiki/9/98/%E7%AB%8B%E7%BB%98_%E7%8B%AE%E8%9D%8E_1.png,萨尔贡,方舟干员,5,SG01,特种,伏击客,萨尔贡,萨尔贡,2019-04-30,,
狮蝎,Manticore,女性,2,立绘_狮蝎_2.png,https://media.prts.wiki/6/61/%E7%AB%8B%E7%BB%98_%E7%8B%AE%E8%9D%8E_2.png,萨尔贡,方舟干员,5,SG01,特种,伏击客,萨尔贡,萨尔贡,2019-04-30,,
狮蝎,Manticore,女性,skin1,立绘_狮蝎_skin1.png,https://media.prts.wiki/1/16/%E7%AB%8B%E7%BB%98_%E7%8B%AE%E8%9D%8E_skin1.png,萨尔贡,方舟干员,5,SG01,特种,伏击客,萨尔贡,萨尔贡,2019-04-30,时代,无形悼挽
狮蝎,Manticore,女性,skin2,立绘_狮蝎_skin2.png,https://media.prts.wiki/4/4d/%E7%AB%8B%E7%BB%98_%E7%8B%AE%E8%9D%8E_skin2.png,萨尔贡,方舟干员,5,SG01,特种,伏击客,萨尔贡,萨尔贡,2019-04-30,时代,面纱之下
猎蜂,Beehunter,女性,1,立绘_猎蜂_1.png,https://media.prts.wiki/f/f8/%E7%AB%8B%E7%BB%98_%E7%8C%8E%E8%9C%82_1.png,乌萨斯,方舟干员,4,US10,近卫,斗士,乌萨斯,乌萨斯,2019-05-30,,
猎蜂,Beehunter,女性,2,立绘_猎蜂_2.png,https://media.prts.wiki/d/de/%E7%AB%8B%E7%BB%98_%E7%8C%8E%E8%9C%82_2.png,乌萨斯,方舟干员,4,US10,近卫,斗士,乌萨斯,乌萨斯,2019-05-30,,
猎蜂,Beehunter,女性,skin1,立绘_猎蜂_skin1.png,https://media.prts.wiki/a/a6/%E7%AB%8B%E7%BB%98_%E7%8C%8E%E8%9C%82_skin1.png,乌萨斯,方舟干员,4,US10,近卫,斗士,乌萨斯,乌萨斯,2019-05-30,罗德厨房,掠蜜能手
玛恩纳,Młynar,男性,1,立绘_玛恩纳_1.png,https://media.prts.wiki/6/66/%E7%AB%8B%E7%BB%98_%E7%8E%9B%E6%81%A9%E7%BA%B3_1.png,卡西米尔,方舟干员,6,KZ08,近卫,解放者,卡西米尔,卡西米尔,2022-09-08,,
玛恩纳,Młynar,男性,2,立绘_玛恩纳_2.png,https://media.prts.wiki/f/f0/%E7%AB%8B%E7%BB%98_%E7%8E%9B%E6%81%A9%E7%BA%B3_2.png,卡西米尔,方舟干员,6,KZ08,近卫,解放者,卡西米尔,卡西米尔,2022-09-08,,
玛恩纳,Młynar,男性,skin1,立绘_玛恩纳_skin1.png,https://media.prts.wiki/c/c0/%E7%AB%8B%E7%BB%98_%E7%8E%9B%E6%81%A9%E7%BA%B3_skin1.png,卡西米尔,方舟干员,6,KZ08,近卫,解放者,卡西米尔,卡西米尔,2022-09-08,时代,远路
玛恩纳,Młynar,男性,skin2,立绘_玛恩纳_skin2.png,https://media.prts.wiki/a/a2/%E7%AB%8B%E7%BB%98_%E7%8E%9B%E6%81%A9%E7%BA%B3_skin2.png,卡西米尔,方舟干员,6,KZ08,近卫,解放者,卡西米尔,卡西米尔,2022-09-08,命途迭代,苍茫怒号
玛露西尔,Marcille,女性,1,立绘_玛露西尔_1.png,https://media.prts.wiki/c/c0/%E7%AB%8B%E7%BB%98_%E7%8E%9B%E9%9C%B2%E8%A5%BF%E5%B0%94_1.png,罗德岛,方舟干员,6,DD02,术师,扩散术师,莱欧斯小队,北方大陆（自称）,2024-09-02,,
玛露西尔,Marcille,女性,2,立绘_玛露西尔_2.png,https://media.prts.wiki/4/48/%E7%AB%8B%E7%BB%98_%E7%8E%9B%E9%9C%B2%E8%A5%BF%E5%B0%94_2.png,罗德岛,方舟干员,6,DD02,术师,扩散术师,莱欧斯小队,北方大陆（自称）,2024-09-02,,
玛露西尔,Marcille,女性,skin1,立绘_玛露西尔_skin1.png,https://media.prts.wiki/2/2d/%E7%AB%8B%E7%BB%98_%E7%8E%9B%E9%9C%B2%E8%A5%BF%E5%B0%94_skin1.png,罗德岛,方舟干员,6,DD02,术师,扩散术师,莱欧斯小队,北方大陆（自称）,2024-09-02,合作款,泰拉冒险
玫兰莎,Melantha,女性,1,立绘_玫兰莎_1.png,https://media.prts.wiki/0/09/%E7%AB%8B%E7%BB%98_%E7%8E%AB%E5%85%B0%E8%8E%8E_1.png,行动预备组A4,方舟干员,3,PA41,近卫,无畏者,行动预备组A4,维多利亚,2019-04-30,,
玫兰莎,Melantha,女性,skin1,立绘_玫兰莎_skin1.png,https://media.prts.wiki/f/f9/%E7%AB%8B%E7%BB%98_%E7%8E%AB%E5%85%B0%E8%8E%8E_skin1.png,行动预备组A4,方舟干员,3,PA41,近卫,无畏者,行动预备组A4,维多利亚,2019-04-30,时代,威塞克斯的信件
玫拉,Melanite,女性,1,立绘_玫拉_1.png,https://media.prts.wiki/c/c3/%E7%AB%8B%E7%BB%98_%E7%8E%AB%E6%8B%89_1.png,哥伦比亚,方舟干员,5,CB22,狙击,重射手,哥伦比亚,哥伦比亚,2023-05-01,,
玫拉,Melanite,女性,2,立绘_玫拉_2.png,https://media.prts.wiki/f/fc/%E7%AB%8B%E7%BB%98_%E7%8E%AB%E6%8B%89_2.png,哥伦比亚,方舟干员,5,CB22,狙击,重射手,哥伦比亚,哥伦比亚,2023-05-01,,
玫拉,Melanite,女性,skin1,立绘_玫拉_skin1.png,https://media.prts.wiki/8/82/%E7%AB%8B%E7%BB%98_%E7%8E%AB%E6%8B%89_skin1.png,哥伦比亚,方舟干员,5,CB22,狙击,重射手,哥伦比亚,哥伦比亚,2023-05-01,时代,赴宴
琳琅诗怀雅,Swire the Elegant Wit,女性,1,立绘_琳琅诗怀雅_1.png,https://media.prts.wiki/a/a1/%E7%AB%8B%E7%BB%98_%E7%90%B3%E7%90%85%E8%AF%97%E6%80%80%E9%9B%85_1.png,炎-龙门,方舟干员,6,LM22,特种,行商,炎-龙门,龙门,2023-08-01,,
琳琅诗怀雅,Swire the Elegant Wit,女性,2,立绘_琳琅诗怀雅_2.png,https://media.prts.wiki/0/0f/%E7%AB%8B%E7%BB%98_%E7%90%B3%E7%90%85%E8%AF%97%E6%80%80%E9%9B%85_2.png,炎-龙门,方舟干员,6,LM22,特种,行商,炎-龙门,龙门,2023-08-01,,
琳琅诗怀雅,Swire the Elegant Wit,女性,skin1,立绘_琳琅诗怀雅_skin1.png,https://media.prts.wiki/c/c3/%E7%AB%8B%E7%BB%98_%E7%90%B3%E7%90%85%E8%AF%97%E6%80%80%E9%9B%85_skin1.png,炎-龙门,方舟干员,6,LM22,特种,行商,炎-龙门,龙门,2023-08-01,音律联觉,律动方格
琴柳,Saileach,女性,1,立绘_琴柳_1.png,https://media.prts.wiki/3/3c/%E7%AB%8B%E7%BB%98_%E7%90%B4%E6%9F%B3_1.png,维多利亚,方舟干员,6,VC10,先锋,执旗手,维多利亚,维多利亚,2021-09-17,,
琴柳,Saileach,女性,2,立绘_琴柳_2.png,https://media.prts.wiki/0/09/%E7%AB%8B%E7%BB%98_%E7%90%B4%E6%9F%B3_2.png,维多利亚,方舟干员,6,VC10,先锋,执旗手,维多利亚,维多利亚,2021-09-17,,
琴柳,Saileach,女性,skin1,立绘_琴柳_skin1.png,https://media.prts.wiki/5/5d/%E7%AB%8B%E7%BB%98_%E7%90%B4%E6%9F%B3_skin1.png,维多利亚,方舟干员,6,VC10,先锋,执旗手,维多利亚,维多利亚,2021-09-17,时代,识芳
琴柳,Saileach,女性,skin2,立绘_琴柳_skin2.png,https://media.prts.wiki/6/6e/%E7%AB%8B%E7%BB%98_%E7%90%B4%E6%9F%B3_skin2.png,维多利亚,方舟干员,6,VC10,先锋,执旗手,维多利亚,维多利亚,2021-09-17,珊瑚海岸,夏卉 FA317
瑕光,Blemishine,女性,1,立绘_瑕光_1.png,https://media.prts.wiki/c/ce/%E7%AB%8B%E7%BB%98_%E7%91%95%E5%85%89_1.png,卡西米尔,方舟干员,6,KZ09,重装,守护者,卡西米尔,卡西米尔,2020-10-15,,
瑕光,Blemishine,女性,2,立绘_瑕光_2.png,https://media.prts.wiki/2/2e/%E7%AB%8B%E7%BB%98_%E7%91%95%E5%85%89_2.png,卡西米尔,方舟干员,6,KZ09,重装,守护者,卡西米尔,卡西米尔,2020-10-15,,
瑕光,Blemishine,女性,skin1,立绘_瑕光_skin1.png,https://media.prts.wiki/4/43/%E7%AB%8B%E7%BB%98_%E7%91%95%E5%85%89_skin1.png,卡西米尔,方舟干员,6,KZ09,重装,守护者,卡西米尔,卡西米尔,2020-10-15,巫异盛宴,异月灾裔
瑰盐,Rose Salt,女性,1,立绘_瑰盐_1.png,https://media.prts.wiki/9/90/%E7%AB%8B%E7%BB%98_%E7%91%B0%E7%9B%90_1.png,伊比利亚,方舟干员,5,II11,医疗,群愈师,伊比利亚,伊比利亚,2024-12-05,,
瑰盐,Rose Salt,女性,2,立绘_瑰盐_2.png,https://media.prts.wiki/2/24/%E7%AB%8B%E7%BB%98_%E7%91%B0%E7%9B%90_2.png,伊比利亚,方舟干员,5,II11,医疗,群愈师,伊比利亚,伊比利亚,2024-12-05,,
瑰盐,Rose Salt,女性,skin1,立绘_瑰盐_skin1.png,https://media.prts.wiki/0/0f/%E7%AB%8B%E7%BB%98_%E7%91%B0%E7%9B%90_skin1.png,伊比利亚,方舟干员,5,II11,医疗,群愈师,伊比利亚,伊比利亚,2024-12-05,成就之星,冒险启程
电弧,Raidian,女性,1,立绘_电弧_1.png,https://media.prts.wiki/5/5c/%E7%AB%8B%E7%BB%98_%E7%94%B5%E5%BC%A7_1.png,罗德岛-精英干员,方舟干员,6,RE10,辅助,召唤师,罗德岛-精英干员,乌萨斯,2025-07-15,,
电弧,Raidian,女性,2,立绘_电弧_2.png,https://media.prts.wiki/f/f9/%E7%AB%8B%E7%BB%98_%E7%94%B5%E5%BC%A7_2.png,罗德岛-精英干员,方舟干员,6,RE10,辅助,召唤师,罗德岛-精英干员,乌萨斯,2025-07-15,,
电弧,Raidian,女性,skin1,立绘_电弧_skin1.png,https://media.prts.wiki/6/69/%E7%AB%8B%E7%BB%98_%E7%94%B5%E5%BC%A7_skin1.png,罗德岛-精英干员,方舟干员,6,RE10,辅助,召唤师,罗德岛-精英干员,乌萨斯,2025-07-15,成就之星,乱数法则
白金,Platinum,女性,1,立绘_白金_1.png,https://media.prts.wiki/5/56/%E7%AB%8B%E7%BB%98_%E7%99%BD%E9%87%91_1.png,卡西米尔,方舟干员,5,KZ03,狙击,速射手,卡西米尔,卡西米尔,2019-04-30,,
白金,Platinum,女性,2,立绘_白金_2.png,https://media.prts.wiki/7/77/%E7%AB%8B%E7%BB%98_%E7%99%BD%E9%87%91_2.png,卡西米尔,方舟干员,5,KZ03,狙击,速射手,卡西米尔,卡西米尔,2019-04-30,,
白金,Platinum,女性,skin1,立绘_白金_skin1.png,https://media.prts.wiki/a/af/%E7%AB%8B%E7%BB%98_%E7%99%BD%E9%87%91_skin1.png,卡西米尔,方舟干员,5,KZ03,狙击,速射手,卡西米尔,卡西米尔,2019-04-30,珊瑚海岸,灿阳朝露 SD05
白铁,Stainless,男性,1,立绘_白铁_1.png,https://media.prts.wiki/2/28/%E7%AB%8B%E7%BB%98_%E7%99%BD%E9%93%81_1.png,维多利亚,方舟干员,6,VC17,辅助,工匠,维多利亚,维多利亚,2022-10-11,,
白铁,Stainless,男性,2,立绘_白铁_2.png,https://media.prts.wiki/1/1b/%E7%AB%8B%E7%BB%98_%E7%99%BD%E9%93%81_2.png,维多利亚,方舟干员,6,VC17,辅助,工匠,维多利亚,维多利亚,2022-10-11,,
白铁,Stainless,男性,skin1,立绘_白铁_skin1.png,https://media.prts.wiki/e/eb/%E7%AB%8B%E7%BB%98_%E7%99%BD%E9%93%81_skin1.png,维多利亚,方舟干员,6,VC17,辅助,工匠,维多利亚,维多利亚,2022-10-11,珊瑚海岸,沙滩护卫 GT003
白铁,Stainless,男性,skin2,立绘_白铁_skin2.png,https://media.prts.wiki/8/85/%E7%AB%8B%E7%BB%98_%E7%99%BD%E9%93%81_skin2.png,维多利亚,方舟干员,6,VC17,辅助,工匠,维多利亚,维多利亚,2022-10-11,音律联觉,空心王冠
白雪,ShiraYuki,女性,1,立绘_白雪_1.png,https://media.prts.wiki/1/10/%E7%AB%8B%E7%BB%98_%E7%99%BD%E9%9B%AA_1.png,东,方舟干员,4,LM10,狙击,炮手,东,东国,2019-04-30,,
白雪,ShiraYuki,女性,2,立绘_白雪_2.png,https://media.prts.wiki/4/40/%E7%AB%8B%E7%BB%98_%E7%99%BD%E9%9B%AA_2.png,东,方舟干员,4,LM10,狙击,炮手,东,东国,2019-04-30,,
白雪,ShiraYuki,女性,skin1,立绘_白雪_skin1.png,https://media.prts.wiki/6/6f/%E7%AB%8B%E7%BB%98_%E7%99%BD%E9%9B%AA_skin1.png,东,方舟干员,4,LM10,狙击,炮手,东,东国,2019-04-30,斗争血脉,曲刃晴风
白面鸮,Ptilopsis,女性,1,立绘_白面鸮_1.png,https://media.prts.wiki/a/ac/%E7%AB%8B%E7%BB%98_%E7%99%BD%E9%9D%A2%E9%B8%AE_1.png,莱茵生命,方舟干员,5,RL04,医疗,群愈师,莱茵生命,哥伦比亚,2019-04-30,,
白面鸮,Ptilopsis,女性,2,立绘_白面鸮_2.png,https://media.prts.wiki/a/a2/%E7%AB%8B%E7%BB%98_%E7%99%BD%E9%9D%A2%E9%B8%AE_2.png,莱茵生命,方舟干员,5,RL04,医疗,群愈师,莱茵生命,哥伦比亚,2019-04-30,,
白面鸮,Ptilopsis,女性,skin1,立绘_白面鸮_skin1.png,https://media.prts.wiki/3/31/%E7%AB%8B%E7%BB%98_%E7%99%BD%E9%9D%A2%E9%B8%AE_skin1.png,莱茵生命,方舟干员,5,RL04,医疗,群愈师,莱茵生命,哥伦比亚,2019-04-30,时代,幽静
白面鸮,Ptilopsis,女性,skin2,立绘_白面鸮_skin2.png,https://media.prts.wiki/e/ee/%E7%AB%8B%E7%BB%98_%E7%99%BD%E9%9D%A2%E9%B8%AE_skin2.png,莱茵生命,方舟干员,5,RL04,医疗,群愈师,莱茵生命,哥伦比亚,2019-04-30,0011-韵系列,抚云间
百炼嘉维尔,Gavial the Invincible,女性,1,立绘_百炼嘉维尔_1.png,https://media.prts.wiki/d/d8/%E7%AB%8B%E7%BB%98_%E7%99%BE%E7%82%BC%E5%98%89%E7%BB%B4%E5%B0%94_1.png,罗德岛,方舟干员,6,RF22,近卫,强攻手,罗德岛,萨尔贡,2022-08-11,,
百炼嘉维尔,Gavial the Invincible,女性,2,立绘_百炼嘉维尔_2.png,https://media.prts.wiki/7/76/%E7%AB%8B%E7%BB%98_%E7%99%BE%E7%82%BC%E5%98%89%E7%BB%B4%E5%B0%94_2.png,罗德岛,方舟干员,6,RF22,近卫,强攻手,罗德岛,萨尔贡,2022-08-11,,
百炼嘉维尔,Gavial the Invincible,女性,skin1,立绘_百炼嘉维尔_skin1.png,https://media.prts.wiki/4/4e/%E7%AB%8B%E7%BB%98_%E7%99%BE%E7%82%BC%E5%98%89%E7%BB%B4%E5%B0%94_skin1.png,罗德岛,方舟干员,6,RF22,近卫,强攻手,罗德岛,萨尔贡,2022-08-11,珊瑚海岸,悠然假日 HD26
真理,Истина,女性,1,立绘_真理_1.png,https://media.prts.wiki/1/19/%E7%AB%8B%E7%BB%98_%E7%9C%9F%E7%90%86_1.png,乌萨斯学生自治团,方舟干员,5,USS2,辅助,凝滞师,乌萨斯学生自治团,乌萨斯,2019-04-30,,
真理,Истина,女性,2,立绘_真理_2.png,https://media.prts.wiki/3/30/%E7%AB%8B%E7%BB%98_%E7%9C%9F%E7%90%86_2.png,乌萨斯学生自治团,方舟干员,5,USS2,辅助,凝滞师,乌萨斯学生自治团,乌萨斯,2019-04-30,,
真理,Истина,女性,skin1,立绘_真理_skin1.png,https://media.prts.wiki/7/7a/%E7%AB%8B%E7%BB%98_%E7%9C%9F%E7%90%86_skin1.png,乌萨斯学生自治团,方舟干员,5,USS2,辅助,凝滞师,乌萨斯学生自治团,乌萨斯,2019-04-30,罗德厨房,书味
真言,Mantra,女性,1,立绘_真言_1.png,https://media.prts.wiki/e/ef/%E7%AB%8B%E7%BB%98_%E7%9C%9F%E8%A8%80_1.png,罗德岛-精英干员,方舟干员,6,RE06,术师,本源术师,罗德岛-精英干员,萨尔贡,2025-10-09,,
真言,Mantra,女性,2,立绘_真言_2.png,https://media.prts.wiki/8/86/%E7%AB%8B%E7%BB%98_%E7%9C%9F%E8%A8%80_2.png,罗德岛-精英干员,方舟干员,6,RE06,术师,本源术师,罗德岛-精英干员,萨尔贡,2025-10-09,,
矩,Ju,男性,1,立绘_矩_1.png,https://media.prts.wiki/1/13/%E7%AB%8B%E7%BB%98_%E7%9F%A9_1.png,炎,方舟干员,5,YD28,狙击,攻城手,炎,炎,2026-02-10,,
矩,Ju,男性,2,立绘_矩_2.png,https://media.prts.wiki/a/a5/%E7%AB%8B%E7%BB%98_%E7%9F%A9_2.png,炎,方舟干员,5,YD28,狙击,攻城手,炎,炎,2026-02-10,,
石棉,Asbestos,女性,1,立绘_石棉_1.png,https://media.prts.wiki/4/43/%E7%AB%8B%E7%BB%98_%E7%9F%B3%E6%A3%89_1.png,雷姆必拓,方舟干员,5,RB05,重装,驭法铁卫,雷姆必拓,雷姆必拓,2020-06-02,,
石棉,Asbestos,女性,2,立绘_石棉_2.png,https://media.prts.wiki/a/a5/%E7%AB%8B%E7%BB%98_%E7%9F%B3%E6%A3%89_2.png,雷姆必拓,方舟干员,5,RB05,重装,驭法铁卫,雷姆必拓,雷姆必拓,2020-06-02,,
石棉,Asbestos,女性,skin1,立绘_石棉_skin1.png,https://media.prts.wiki/0/0a/%E7%AB%8B%E7%BB%98_%E7%9F%B3%E6%A3%89_skin1.png,雷姆必拓,方舟干员,5,RB05,重装,驭法铁卫,雷姆必拓,雷姆必拓,2020-06-02,0011-飙系列,幽谷奏鸣
石英,Quartz,女性,1,立绘_石英_1.png,https://media.prts.wiki/d/da/%E7%AB%8B%E7%BB%98_%E7%9F%B3%E8%8B%B1_1.png,哥伦比亚,方舟干员,4,CB18,近卫,重剑手,哥伦比亚,哥伦比亚,2022-11-01,,
石英,Quartz,女性,2,立绘_石英_2.png,https://media.prts.wiki/7/78/%E7%AB%8B%E7%BB%98_%E7%9F%B3%E8%8B%B1_2.png,哥伦比亚,方舟干员,4,CB18,近卫,重剑手,哥伦比亚,哥伦比亚,2022-11-01,,
石英,Quartz,女性,skin1,立绘_石英_skin1.png,https://media.prts.wiki/5/5b/%E7%AB%8B%E7%BB%98_%E7%9F%B3%E8%8B%B1_skin1.png,哥伦比亚,方舟干员,4,CB18,近卫,重剑手,哥伦比亚,哥伦比亚,2022-11-01,时代,封面佣兵
砾,Gravel,女性,1,立绘_砾_1.png,https://media.prts.wiki/3/38/%E7%AB%8B%E7%BB%98_%E7%A0%BE_1.png,卡西米尔,方舟干员,4,KZ04,特种,处决者,卡西米尔,卡西米尔,2019-04-30,,
砾,Gravel,女性,2,立绘_砾_2.png,https://media.prts.wiki/6/62/%E7%AB%8B%E7%BB%98_%E7%A0%BE_2.png,卡西米尔,方舟干员,4,KZ04,特种,处决者,卡西米尔,卡西米尔,2019-04-30,,
砾,Gravel,女性,skin1,立绘_砾_skin1.png,https://media.prts.wiki/c/c3/%E7%AB%8B%E7%BB%98_%E7%A0%BE_skin1.png,卡西米尔,方舟干员,4,KZ04,特种,处决者,卡西米尔,卡西米尔,2019-04-30,寒武纪™系列,模特之夜
祐天寺若麦,Yūtenji Nyamu,女性,1,立绘_祐天寺若麦_1.png,https://media.prts.wiki/5/5b/%E7%AB%8B%E7%BB%98_%E7%A5%90%E5%A4%A9%E5%AF%BA%E8%8B%A5%E9%BA%A6_1.png,罗德岛,方舟干员,5,AM04,近卫,撼地者,Ave Mujica,未知,2025-09-04,,
祐天寺若麦,Yūtenji Nyamu,女性,2,立绘_祐天寺若麦_2.png,https://media.prts.wiki/d/d9/%E7%AB%8B%E7%BB%98_%E7%A5%90%E5%A4%A9%E5%AF%BA%E8%8B%A5%E9%BA%A6_2.png,罗德岛,方舟干员,5,AM04,近卫,撼地者,Ave Mujica,未知,2025-09-04,,
祐天寺若麦,Yūtenji Nyamu,女性,skin1,立绘_祐天寺若麦_skin1.png,https://media.prts.wiki/1/1b/%E7%AB%8B%E7%BB%98_%E7%A5%90%E5%A4%A9%E5%AF%BA%E8%8B%A5%E9%BA%A6_skin1.png,罗德岛,方舟干员,5,AM04,近卫,撼地者,Ave Mujica,未知,2025-09-04,合作款,情热魔术师
稀音,Scene,女性,1,立绘_稀音_1.png,https://media.prts.wiki/d/dd/%E7%AB%8B%E7%BB%98_%E7%A8%80%E9%9F%B3_1.png,萨尔贡,方舟干员,5,R162,辅助,召唤师,萨尔贡,萨尔贡,2020-07-28,,
稀音,Scene,女性,2,立绘_稀音_2.png,https://media.prts.wiki/f/f5/%E7%AB%8B%E7%BB%98_%E7%A8%80%E9%9F%B3_2.png,萨尔贡,方舟干员,5,R162,辅助,召唤师,萨尔贡,萨尔贡,2020-07-28,,
稀音,Scene,女性,skin1,立绘_稀音_skin1.png,https://media.prts.wiki/1/14/%E7%AB%8B%E7%BB%98_%E7%A8%80%E9%9F%B3_skin1.png,萨尔贡,方舟干员,5,R162,辅助,召唤师,萨尔贡,萨尔贡,2020-07-28,时代,别枝
空,Sora,女性,1,立绘_空_1.png,https://media.prts.wiki/f/f0/%E7%AB%8B%E7%BB%98_%E7%A9%BA_1.png,企鹅物流,方舟干员,5,PL05,辅助,吟游者,企鹅物流,因经纪公司要求不公开,2019-04-30,,
空,Sora,女性,2,立绘_空_2.png,https://media.prts.wiki/4/46/%E7%AB%8B%E7%BB%98_%E7%A9%BA_2.png,企鹅物流,方舟干员,5,PL05,辅助,吟游者,企鹅物流,因经纪公司要求不公开,2019-04-30,,
空,Sora,女性,skin1,立绘_空_skin1.png,https://media.prts.wiki/1/1b/%E7%AB%8B%E7%BB%98_%E7%A9%BA_skin1.png,企鹅物流,方舟干员,5,PL05,辅助,吟游者,企鹅物流,因经纪公司要求不公开,2019-04-30,珊瑚海岸,夏卉 FA361
空,Sora,女性,skin2,立绘_空_skin2.png,https://media.prts.wiki/8/8b/%E7%AB%8B%E7%BB%98_%E7%A9%BA_skin2.png,企鹅物流,方舟干员,5,PL05,辅助,吟游者,企鹅物流,因经纪公司要求不公开,2019-04-30,时代,如歌
空弦,Archetto,女性,1,立绘_空弦_1.png,https://media.prts.wiki/d/da/%E7%AB%8B%E7%BB%98_%E7%A9%BA%E5%BC%A6_1.png,拉特兰,方舟干员,6,LT08,狙击,速射手,拉特兰,拉特兰,2021-01-05,,
空弦,Archetto,女性,2,立绘_空弦_2.png,https://media.prts.wiki/4/46/%E7%AB%8B%E7%BB%98_%E7%A9%BA%E5%BC%A6_2.png,拉特兰,方舟干员,6,LT08,狙击,速射手,拉特兰,拉特兰,2021-01-05,,
空弦,Archetto,女性,skin1,立绘_空弦_skin1.png,https://media.prts.wiki/8/81/%E7%AB%8B%E7%BB%98_%E7%A9%BA%E5%BC%A6_skin1.png,拉特兰,方舟干员,6,LT08,狙击,速射手,拉特兰,拉特兰,2021-01-05,闪耀阶梯,宣传策略
空弦,Archetto,女性,skin2,立绘_空弦_skin2.png,https://media.prts.wiki/f/f8/%E7%AB%8B%E7%BB%98_%E7%A9%BA%E5%BC%A6_skin2.png,拉特兰,方舟干员,6,LT08,狙击,速射手,拉特兰,拉特兰,2021-01-05,忒斯特收藏,至虔者荣光
空构,Spuria,女性,1,立绘_空构_1.png,https://media.prts.wiki/2/2d/%E7%AB%8B%E7%BB%98_%E7%A9%BA%E6%9E%84_1.png,拉特兰,方舟干员,5,LT12,特种,怪杰,拉特兰,拉特兰,2023-06-08,,
空构,Spuria,女性,2,立绘_空构_2.png,https://media.prts.wiki/2/24/%E7%AB%8B%E7%BB%98_%E7%A9%BA%E6%9E%84_2.png,拉特兰,方舟干员,5,LT12,特种,怪杰,拉特兰,拉特兰,2023-06-08,,
空爆,Catapult,女性,1,立绘_空爆_1.png,https://media.prts.wiki/8/87/%E7%AB%8B%E7%BB%98_%E7%A9%BA%E7%88%86_1.png,行动预备组A6,方舟干员,3,PA63,狙击,炮手,行动预备组A6,卡西米尔,2019-05-23,,
空爆,Catapult,女性,skin1,立绘_空爆_skin1.png,https://media.prts.wiki/4/4c/%E7%AB%8B%E7%BB%98_%E7%A9%BA%E7%88%86_skin1.png,行动预备组A6,方舟干员,3,PA63,狙击,炮手,行动预备组A6,卡西米尔,2019-05-23,珊瑚海岸,悠然假日 HD66
米格鲁,Beagle,女性,1,立绘_米格鲁_1.png,https://media.prts.wiki/4/44/%E7%AB%8B%E7%BB%98_%E7%B1%B3%E6%A0%BC%E9%B2%81_1.png,行动预备组A1,方舟干员,3,PA14,重装,铁卫,行动预备组A1,玻利瓦尔,2019-04-30,,
米格鲁,Beagle,女性,skin1,立绘_米格鲁_skin1.png,https://media.prts.wiki/d/d3/%E7%AB%8B%E7%BB%98_%E7%B1%B3%E6%A0%BC%E9%B2%81_skin1.png,行动预备组A1,方舟干员,3,PA14,重装,铁卫,行动预备组A1,玻利瓦尔,2019-04-30,斗争血脉,无畏
絮雨,Whisperain,女性,1,立绘_絮雨_1.png,https://media.prts.wiki/3/38/%E7%AB%8B%E7%BB%98_%E7%B5%AE%E9%9B%A8_1.png,伊比利亚,方舟干员,5,R163,医疗,疗养师,伊比利亚,伊比利亚,2020-11-01,,
絮雨,Whisperain,女性,2,立绘_絮雨_2.png,https://media.prts.wiki/8/87/%E7%AB%8B%E7%BB%98_%E7%B5%AE%E9%9B%A8_2.png,伊比利亚,方舟干员,5,R163,医疗,疗养师,伊比利亚,伊比利亚,2020-11-01,,
絮雨,Whisperain,女性,skin1,立绘_絮雨_skin1.png,https://media.prts.wiki/f/fc/%E7%AB%8B%E7%BB%98_%E7%B5%AE%E9%9B%A8_skin1.png,伊比利亚,方舟干员,5,R163,医疗,疗养师,伊比利亚,伊比利亚,2020-11-01,0011™制造,孤寒峭
絮雨,Whisperain,女性,skin2,立绘_絮雨_skin2.png,https://media.prts.wiki/6/6e/%E7%AB%8B%E7%BB%98_%E7%B5%AE%E9%9B%A8_skin2.png,伊比利亚,方舟干员,5,R163,医疗,疗养师,伊比利亚,伊比利亚,2020-11-01,巫异盛宴,幽邃隐修
红,Projekt Red,女性,1,立绘_红_1.png,https://media.prts.wiki/c/c4/%E7%AB%8B%E7%BB%98_%E7%BA%A2_1.png,S.W.E.E.P.,方舟干员,5,SW01,特种,处决者,S.W.E.E.P.,未公开,2019-04-30,,
红,Projekt Red,女性,2,立绘_红_2.png,https://media.prts.wiki/a/ab/%E7%AB%8B%E7%BB%98_%E7%BA%A2_2.png,S.W.E.E.P.,方舟干员,5,SW01,特种,处决者,S.W.E.E.P.,未公开,2019-04-30,,
红,Projekt Red,女性,skin1,立绘_红_skin1.png,https://media.prts.wiki/d/d5/%E7%AB%8B%E7%BB%98_%E7%BA%A2_skin1.png,S.W.E.E.P.,方舟干员,5,SW01,特种,处决者,S.W.E.E.P.,未公开,2019-04-30,珊瑚海岸,轻风 LB01
红云,Vermeil,女性,1,立绘_红云_1.png,https://media.prts.wiki/3/3d/%E7%AB%8B%E7%BB%98_%E7%BA%A2%E4%BA%91_1.png,叙拉古,方舟干员,4,R122,狙击,速射手,叙拉古,不明,2019-10-15,,
红云,Vermeil,女性,2,立绘_红云_2.png,https://media.prts.wiki/d/d9/%E7%AB%8B%E7%BB%98_%E7%BA%A2%E4%BA%91_2.png,叙拉古,方舟干员,4,R122,狙击,速射手,叙拉古,不明,2019-10-15,,
红云,Vermeil,女性,skin1,立绘_红云_skin1.png,https://media.prts.wiki/4/49/%E7%AB%8B%E7%BB%98_%E7%BA%A2%E4%BA%91_skin1.png,叙拉古,方舟干员,4,R122,狙击,速射手,叙拉古,不明,2019-10-15,时代,玩伴
红豆,Vigna,女性,1,立绘_红豆_1.png,https://media.prts.wiki/7/70/%E7%AB%8B%E7%BB%98_%E7%BA%A2%E8%B1%86_1.png,哥伦比亚,方舟干员,4,R105,先锋,冲锋手,哥伦比亚,卡兹戴尔,2019-04-30,,
红豆,Vigna,女性,2,立绘_红豆_2.png,https://media.prts.wiki/2/26/%E7%AB%8B%E7%BB%98_%E7%BA%A2%E8%B1%86_2.png,哥伦比亚,方舟干员,4,R105,先锋,冲锋手,哥伦比亚,卡兹戴尔,2019-04-30,,
红豆,Vigna,女性,skin1,立绘_红豆_skin1.png,https://media.prts.wiki/d/df/%E7%AB%8B%E7%BB%98_%E7%BA%A2%E8%B1%86_skin1.png,哥伦比亚,方舟干员,4,R105,先锋,冲锋手,哥伦比亚,卡兹戴尔,2019-04-30,珊瑚海岸,悠然假日 HD01
红豆,Vigna,女性,skin2,立绘_红豆_skin2.png,https://media.prts.wiki/d/d7/%E7%AB%8B%E7%BB%98_%E7%BA%A2%E8%B1%86_skin2.png,哥伦比亚,方舟干员,4,R105,先锋,冲锋手,哥伦比亚,卡兹戴尔,2019-04-30,音律联觉,漆黑热浪
红隼,Kestrel,女性,1,立绘_红隼_1.png,https://media.prts.wiki/9/94/%E7%AB%8B%E7%BB%98_%E7%BA%A2%E9%9A%BC_1.png,萨尔贡,方舟干员,5,SG12,先锋,尖兵,萨尔贡,萨尔贡,2024-02-03,,
红隼,Kestrel,女性,2,立绘_红隼_2.png,https://media.prts.wiki/1/19/%E7%AB%8B%E7%BB%98_%E7%BA%A2%E9%9A%BC_2.png,萨尔贡,方舟干员,5,SG12,先锋,尖兵,萨尔贡,萨尔贡,2024-02-03,,
红隼,Kestrel,女性,skin1,立绘_红隼_skin1.png,https://media.prts.wiki/c/c1/%E7%AB%8B%E7%BB%98_%E7%BA%A2%E9%9A%BC_skin1.png,萨尔贡,方舟干员,5,SG12,先锋,尖兵,萨尔贡,萨尔贡,2024-02-03,时代,三元风情
纯烬艾雅法拉,Eyjafjalla the Hvít Aska,女性,1,立绘_纯烬艾雅法拉_1.png,https://media.prts.wiki/5/50/%E7%AB%8B%E7%BB%98_%E7%BA%AF%E7%83%AC%E8%89%BE%E9%9B%85%E6%B3%95%E6%8B%89_1.png,莱塔尼亚,方舟干员,6,LN10,医疗,行医,莱塔尼亚,莱塔尼亚,2023-08-01,,
纯烬艾雅法拉,Eyjafjalla the Hvít Aska,女性,2,立绘_纯烬艾雅法拉_2.png,https://media.prts.wiki/0/04/%E7%AB%8B%E7%BB%98_%E7%BA%AF%E7%83%AC%E8%89%BE%E9%9B%85%E6%B3%95%E6%8B%89_2.png,莱塔尼亚,方舟干员,6,LN10,医疗,行医,莱塔尼亚,莱塔尼亚,2023-08-01,,
纯烬艾雅法拉,Eyjafjalla the Hvít Aska,女性,skin1,立绘_纯烬艾雅法拉_skin1.png,https://media.prts.wiki/e/e8/%E7%AB%8B%E7%BB%98_%E7%BA%AF%E7%83%AC%E8%89%BE%E9%9B%85%E6%B3%95%E6%8B%89_skin1.png,莱塔尼亚,方舟干员,6,LN10,医疗,行医,莱塔尼亚,莱塔尼亚,2023-08-01,时代,远行前的野餐
绮良,Kirara,女性,1,立绘_绮良_1.png,https://media.prts.wiki/7/78/%E7%AB%8B%E7%BB%98_%E7%BB%AE%E8%89%AF_1.png,东,方舟干员,5,HK05,特种,伏击客,东,东国,2021-06-01,,
绮良,Kirara,女性,2,立绘_绮良_2.png,https://media.prts.wiki/c/ce/%E7%AB%8B%E7%BB%98_%E7%BB%AE%E8%89%AF_2.png,东,方舟干员,5,HK05,特种,伏击客,东,东国,2021-06-01,,
绮良,Kirara,女性,skin1,立绘_绮良_skin1.png,https://media.prts.wiki/3/33/%E7%AB%8B%E7%BB%98_%E7%BB%AE%E8%89%AF_skin1.png,东,方舟干员,5,HK05,特种,伏击客,东,东国,2021-06-01,成就之星,前沿玩家
维什戴尔,Wiš'adel,女性,1,立绘_维什戴尔_1.png,https://media.prts.wiki/7/70/%E7%AB%8B%E7%BB%98_%E7%BB%B4%E4%BB%80%E6%88%B4%E5%B0%94_1.png,巴别塔,方舟干员,6,B00W,狙击,投掷手,巴别塔,卡兹戴尔,2024-05-01,,
维什戴尔,Wiš'adel,女性,2,立绘_维什戴尔_2.png,https://media.prts.wiki/9/94/%E7%AB%8B%E7%BB%98_%E7%BB%B4%E4%BB%80%E6%88%B4%E5%B0%94_2.png,巴别塔,方舟干员,6,B00W,狙击,投掷手,巴别塔,卡兹戴尔,2024-05-01,,
维什戴尔,Wiš'adel,女性,skin1,立绘_维什戴尔_skin1.png,https://media.prts.wiki/b/b2/%E7%AB%8B%E7%BB%98_%E7%BB%B4%E4%BB%80%E6%88%B4%E5%B0%94_skin1.png,巴别塔,方舟干员,6,B00W,狙击,投掷手,巴别塔,卡兹戴尔,2024-05-01,忒斯特收藏,超新星
维什戴尔,Wiš'adel,女性,skin2,立绘_维什戴尔_skin2.png,https://media.prts.wiki/f/f6/%E7%AB%8B%E7%BB%98_%E7%BB%B4%E4%BB%80%E6%88%B4%E5%B0%94_skin2.png,巴别塔,方舟干员,6,B00W,狙击,投掷手,巴别塔,卡兹戴尔,2024-05-01,成就之星,绝对主角
维娜·维多利亚,Vina Victoria,女性,1,立绘_维娜·维多利亚_1.png,https://media.prts.wiki/4/4c/%E7%AB%8B%E7%BB%98_%E7%BB%B4%E5%A8%9C%C2%B7%E7%BB%B4%E5%A4%9A%E5%88%A9%E4%BA%9A_1.png,维多利亚,方舟干员,6,VC00,近卫,术战者,维多利亚,维多利亚,2024-10-09,,
维娜·维多利亚,Vina Victoria,女性,2,立绘_维娜·维多利亚_2.png,https://media.prts.wiki/8/8e/%E7%AB%8B%E7%BB%98_%E7%BB%B4%E5%A8%9C%C2%B7%E7%BB%B4%E5%A4%9A%E5%88%A9%E4%BA%9A_2.png,维多利亚,方舟干员,6,VC00,近卫,术战者,维多利亚,维多利亚,2024-10-09,,
维娜·维多利亚,Vina Victoria,女性,skin1,立绘_维娜·维多利亚_skin1.png,https://media.prts.wiki/b/b3/%E7%AB%8B%E7%BB%98_%E7%BB%B4%E5%A8%9C%C2%B7%E7%BB%B4%E5%A4%9A%E5%88%A9%E4%BA%9A_skin1.png,维多利亚,方舟干员,6,VC00,近卫,术战者,维多利亚,维多利亚,2024-10-09,时代,光耀之途
维荻,Verdant,男性,1,立绘_维荻_1.png,https://media.prts.wiki/e/e6/%E7%AB%8B%E7%BB%98_%E7%BB%B4%E8%8D%BB_1.png,维多利亚,方舟干员,4,VC25,特种,傀儡师,维多利亚,维多利亚,2023-10-08,,
维荻,Verdant,男性,2,立绘_维荻_2.png,https://media.prts.wiki/7/76/%E7%AB%8B%E7%BB%98_%E7%BB%B4%E8%8D%BB_2.png,维多利亚,方舟干员,4,VC25,特种,傀儡师,维多利亚,维多利亚,2023-10-08,,
维荻,Verdant,男性,skin1,立绘_维荻_skin1.png,https://media.prts.wiki/3/3e/%E7%AB%8B%E7%BB%98_%E7%BB%B4%E8%8D%BB_skin1.png,维多利亚,方舟干员,4,VC25,特种,傀儡师,维多利亚,维多利亚,2023-10-08,待予花冠,玫瑰骑手
缄默德克萨斯,Texas the Omertosa,女性,1,立绘_缄默德克萨斯_1.png,https://media.prts.wiki/6/65/%E7%AB%8B%E7%BB%98_%E7%BC%84%E9%BB%98%E5%BE%B7%E5%85%8B%E8%90%A8%E6%96%AF_1.png,企鹅物流,方舟干员,6,PL07,特种,处决者,企鹅物流,哥伦比亚,2022-11-01,,
缄默德克萨斯,Texas the Omertosa,女性,2,立绘_缄默德克萨斯_2.png,https://media.prts.wiki/f/f2/%E7%AB%8B%E7%BB%98_%E7%BC%84%E9%BB%98%E5%BE%B7%E5%85%8B%E8%90%A8%E6%96%AF_2.png,企鹅物流,方舟干员,6,PL07,特种,处决者,企鹅物流,哥伦比亚,2022-11-01,,
缄默德克萨斯,Texas the Omertosa,女性,skin1,立绘_缄默德克萨斯_skin1.png,https://media.prts.wiki/b/b9/%E7%AB%8B%E7%BB%98_%E7%BC%84%E9%BB%98%E5%BE%B7%E5%85%8B%E8%90%A8%E6%96%AF_skin1.png,企鹅物流,方舟干员,6,PL07,特种,处决者,企鹅物流,哥伦比亚,2022-11-01,命途迭代,破翼者
缄默德克萨斯,Texas the Omertosa,女性,skin2,立绘_缄默德克萨斯_skin2.png,https://media.prts.wiki/f/f1/%E7%AB%8B%E7%BB%98_%E7%BC%84%E9%BB%98%E5%BE%B7%E5%85%8B%E8%90%A8%E6%96%AF_skin2.png,企鹅物流,方舟干员,6,PL07,特种,处决者,企鹅物流,哥伦比亚,2022-11-01,时代,幽兰秘辛
缇缇,Titi,女性,1,立绘_缇缇_1.png,https://media.prts.wiki/c/ca/%E7%AB%8B%E7%BB%98_%E7%BC%87%E7%BC%87_1.png,萨尔贡,方舟干员,6,SG15,医疗,咒愈师,萨尔贡,萨尔贡,2026-01-09,,
缇缇,Titi,女性,2,立绘_缇缇_2.png,https://media.prts.wiki/2/2e/%E7%AB%8B%E7%BB%98_%E7%BC%87%E7%BC%87_2.png,萨尔贡,方舟干员,6,SG15,医疗,咒愈师,萨尔贡,萨尔贡,2026-01-09,,
缠丸,Matoimaru,女性,1,立绘_缠丸_1.png,https://media.prts.wiki/1/11/%E7%AB%8B%E7%BB%98_%E7%BC%A0%E4%B8%B8_1.png,东,方舟干员,4,HK01,近卫,无畏者,东,东国,2019-04-30,,
缠丸,Matoimaru,女性,2,立绘_缠丸_2.png,https://media.prts.wiki/2/22/%E7%AB%8B%E7%BB%98_%E7%BC%A0%E4%B8%B8_2.png,东,方舟干员,4,HK01,近卫,无畏者,东,东国,2019-04-30,,
缠丸,Matoimaru,女性,skin1,立绘_缠丸_skin1.png,https://media.prts.wiki/6/6f/%E7%AB%8B%E7%BB%98_%E7%BC%A0%E4%B8%B8_skin1.png,东,方舟干员,4,HK01,近卫,无畏者,东,东国,2019-04-30,时代,繁霜满阶
缪尔赛思,Muelsyse,女性,1,立绘_缪尔赛思_1.png,https://media.prts.wiki/2/24/%E7%AB%8B%E7%BB%98_%E7%BC%AA%E5%B0%94%E8%B5%9B%E6%80%9D_1.png,莱茵生命,方舟干员,6,RL09,先锋,战术家,莱茵生命,未公开,2023-05-01,,
缪尔赛思,Muelsyse,女性,2,立绘_缪尔赛思_2.png,https://media.prts.wiki/c/c7/%E7%AB%8B%E7%BB%98_%E7%BC%AA%E5%B0%94%E8%B5%9B%E6%80%9D_2.png,莱茵生命,方舟干员,6,RL09,先锋,战术家,莱茵生命,未公开,2023-05-01,,
缪尔赛思,Muelsyse,女性,skin1,立绘_缪尔赛思_skin1.png,https://media.prts.wiki/4/4f/%E7%AB%8B%E7%BB%98_%E7%BC%AA%E5%B0%94%E8%B5%9B%E6%80%9D_skin1.png,莱茵生命,方舟干员,6,RL09,先锋,战术家,莱茵生命,未公开,2023-05-01,斗争血脉,新枝
缪尔赛思,Muelsyse,女性,skin2,立绘_缪尔赛思_skin2.png,https://media.prts.wiki/e/e9/%E7%AB%8B%E7%BB%98_%E7%BC%AA%E5%B0%94%E8%B5%9B%E6%80%9D_skin2.png,莱茵生命,方舟干员,6,RL09,先锋,战术家,莱茵生命,未公开,2023-05-01,音律联觉,漫步于黄金之梦
罗宾,Robin,女性,1,立绘_罗宾_1.png,https://media.prts.wiki/8/88/%E7%AB%8B%E7%BB%98_%E7%BD%97%E5%AE%BE_1.png,哥伦比亚,方舟干员,5,CB08,特种,陷阱师,哥伦比亚,哥伦比亚,2020-12-17,,
罗宾,Robin,女性,2,立绘_罗宾_2.png,https://media.prts.wiki/8/8d/%E7%AB%8B%E7%BB%98_%E7%BD%97%E5%AE%BE_2.png,哥伦比亚,方舟干员,5,CB08,特种,陷阱师,哥伦比亚,哥伦比亚,2020-12-17,,
罗宾,Robin,女性,skin1,立绘_罗宾_skin1.png,https://media.prts.wiki/b/b6/%E7%AB%8B%E7%BB%98_%E7%BD%97%E5%AE%BE_skin1.png,哥伦比亚,方舟干员,5,CB08,特种,陷阱师,哥伦比亚,哥伦比亚,2020-12-17,时代,原野的馈赠
罗小黑,Luo Xiaohei,男性,1,立绘_罗小黑_1.png,https://media.prts.wiki/5/5b/%E7%AB%8B%E7%BB%98_%E7%BD%97%E5%B0%8F%E9%BB%91_1.png,炎,方舟干员,4,R161,近卫,领主,炎,未知,2022-09-15,,
罗小黑,Luo Xiaohei,男性,2,立绘_罗小黑_2.png,https://media.prts.wiki/8/88/%E7%AB%8B%E7%BB%98_%E7%BD%97%E5%B0%8F%E9%BB%91_2.png,炎,方舟干员,4,R161,近卫,领主,炎,未知,2022-09-15,,
罗比菈塔,Roberta,女性,1,立绘_罗比菈塔_1.png,https://media.prts.wiki/9/9d/%E7%AB%8B%E7%BB%98_%E7%BD%97%E6%AF%94%E8%8F%88%E5%A1%94_1.png,哥伦比亚,方舟干员,4,CB11,辅助,工匠,哥伦比亚,哥伦比亚,2021-09-17,,
罗比菈塔,Roberta,女性,2,立绘_罗比菈塔_2.png,https://media.prts.wiki/c/c4/%E7%AB%8B%E7%BB%98_%E7%BD%97%E6%AF%94%E8%8F%88%E5%A1%94_2.png,哥伦比亚,方舟干员,4,CB11,辅助,工匠,哥伦比亚,哥伦比亚,2021-09-17,,
罗比菈塔,Roberta,女性,skin1,立绘_罗比菈塔_skin1.png,https://media.prts.wiki/9/9e/%E7%AB%8B%E7%BB%98_%E7%BD%97%E6%AF%94%E8%8F%88%E5%A1%94_skin1.png,哥伦比亚,方舟干员,4,CB11,辅助,工匠,哥伦比亚,哥伦比亚,2021-09-17,珊瑚海岸,夏卉 FA374
罗比菈塔,Roberta,女性,skin2,立绘_罗比菈塔_skin2.png,https://media.prts.wiki/6/69/%E7%AB%8B%E7%BB%98_%E7%BD%97%E6%AF%94%E8%8F%88%E5%A1%94_skin2.png,哥伦比亚,方舟干员,4,CB11,辅助,工匠,哥伦比亚,哥伦比亚,2021-09-17,音律联觉,待绘的作品
羽毛笔,La Pluma,女性,1,立绘_羽毛笔_1.png,https://media.prts.wiki/3/37/%E7%AB%8B%E7%BB%98_%E7%BE%BD%E6%AF%9B%E7%AC%94_1.png,玻利瓦尔,方舟干员,5,BV13,近卫,收割者,玻利瓦尔,玻利瓦尔,2021-08-03,,
羽毛笔,La Pluma,女性,2,立绘_羽毛笔_2.png,https://media.prts.wiki/b/be/%E7%AB%8B%E7%BB%98_%E7%BE%BD%E6%AF%9B%E7%AC%94_2.png,玻利瓦尔,方舟干员,5,BV13,近卫,收割者,玻利瓦尔,玻利瓦尔,2021-08-03,,
羽毛笔,La Pluma,女性,skin1,立绘_羽毛笔_skin1.png,https://media.prts.wiki/b/be/%E7%AB%8B%E7%BB%98_%E7%BE%BD%E6%AF%9B%E7%AC%94_skin1.png,玻利瓦尔,方舟干员,5,BV13,近卫,收割者,玻利瓦尔,玻利瓦尔,2021-08-03,珊瑚海岸,夏卉 FA210
翎羽,Plume,女性,1,立绘_翎羽_1.png,https://media.prts.wiki/8/84/%E7%AB%8B%E7%BB%98_%E7%BF%8E%E7%BE%BD_1.png,拉特兰,方舟干员,3,LT05,先锋,冲锋手,拉特兰,拉特兰,2019-04-30,,
翎羽,Plume,女性,skin1,立绘_翎羽_skin1.png,https://media.prts.wiki/a/ae/%E7%AB%8B%E7%BB%98_%E7%BF%8E%E7%BE%BD_skin1.png,拉特兰,方舟干员,3,LT05,先锋,冲锋手,拉特兰,拉特兰,2019-04-30,玛尔特,从容时刻
耀骑士临光,Nearl the Radiant Knight,女性,1,立绘_耀骑士临光_1.png,https://media.prts.wiki/9/91/%E7%AB%8B%E7%BB%98_%E8%80%80%E9%AA%91%E5%A3%AB%E4%B8%B4%E5%85%89_1.png,卡西米尔,方舟干员,6,KZ01,近卫,无畏者,卡西米尔,卡西米尔,2021-11-01,,
耀骑士临光,Nearl the Radiant Knight,女性,2,立绘_耀骑士临光_2.png,https://media.prts.wiki/e/ec/%E7%AB%8B%E7%BB%98_%E8%80%80%E9%AA%91%E5%A3%AB%E4%B8%B4%E5%85%89_2.png,卡西米尔,方舟干员,6,KZ01,近卫,无畏者,卡西米尔,卡西米尔,2021-11-01,,
耀骑士临光,Nearl the Radiant Knight,女性,skin1,立绘_耀骑士临光_skin1.png,https://media.prts.wiki/5/5d/%E7%AB%8B%E7%BB%98_%E8%80%80%E9%AA%91%E5%A3%AB%E4%B8%B4%E5%85%89_skin1.png,卡西米尔,方舟干员,6,KZ01,近卫,无畏者,卡西米尔,卡西米尔,2021-11-01,时代,复现荣光
老鲤,Lee,男性,1,立绘_老鲤_1.png,https://media.prts.wiki/5/57/%E7%AB%8B%E7%BB%98_%E8%80%81%E9%B2%A4_1.png,鲤氏侦探事务所,方舟干员,6,LM18,特种,行商,鲤氏侦探事务所,炎,2022-01-25,,
老鲤,Lee,男性,2,立绘_老鲤_2.png,https://media.prts.wiki/1/1f/%E7%AB%8B%E7%BB%98_%E8%80%81%E9%B2%A4_2.png,鲤氏侦探事务所,方舟干员,6,LM18,特种,行商,鲤氏侦探事务所,炎,2022-01-25,,
老鲤,Lee,男性,skin1,立绘_老鲤_skin1.png,https://media.prts.wiki/0/00/%E7%AB%8B%E7%BB%98_%E8%80%81%E9%B2%A4_skin1.png,鲤氏侦探事务所,方舟干员,6,LM18,特种,行商,鲤氏侦探事务所,炎,2022-01-25,巫异盛宴,手到牌来
老鲤,Lee,男性,skin2,立绘_老鲤_skin2.png,https://media.prts.wiki/7/77/%E7%AB%8B%E7%BB%98_%E8%80%81%E9%B2%A4_skin2.png,鲤氏侦探事务所,方舟干员,6,LM18,特种,行商,鲤氏侦探事务所,炎,2022-01-25,合作款,坊间凉茶铺
老鲤,Lee,男性,skin3,立绘_老鲤_skin3.png,https://media.prts.wiki/e/ed/%E7%AB%8B%E7%BB%98_%E8%80%81%E9%B2%A4_skin3.png,鲤氏侦探事务所,方舟干员,6,LM18,特种,行商,鲤氏侦探事务所,炎,2022-01-25,0011-飙系列,鉴浮生
耶拉,Kjera,女性,1,立绘_耶拉_1.png,https://media.prts.wiki/0/03/%E7%AB%8B%E7%BB%98_%E8%80%B6%E6%8B%89_1.png,谢拉格,方舟干员,5,JC00,术师,驭械术师,谢拉格,谢拉格,2021-12-21,,
耶拉,Kjera,女性,2,立绘_耶拉_2.png,https://media.prts.wiki/7/75/%E7%AB%8B%E7%BB%98_%E8%80%B6%E6%8B%89_2.png,谢拉格,方舟干员,5,JC00,术师,驭械术师,谢拉格,谢拉格,2021-12-21,,
耶拉,Kjera,女性,skin1,立绘_耶拉_skin1.png,https://media.prts.wiki/8/80/%E7%AB%8B%E7%BB%98_%E8%80%B6%E6%8B%89_skin1.png,谢拉格,方舟干员,5,JC00,术师,驭械术师,谢拉格,谢拉格,2021-12-21,时代,灵巧侍者
聆音,Gracebearer,女性,1,立绘_聆音_1.png,https://media.prts.wiki/8/8b/%E7%AB%8B%E7%BB%98_%E8%81%86%E9%9F%B3_1.png,玻利瓦尔,方舟干员,5,BV27,近卫,本源近卫,玻利瓦尔,玻利瓦尔,2025-05-01,,
聆音,Gracebearer,女性,2,立绘_聆音_2.png,https://media.prts.wiki/b/bd/%E7%AB%8B%E7%BB%98_%E8%81%86%E9%9F%B3_2.png,玻利瓦尔,方舟干员,5,BV27,近卫,本源近卫,玻利瓦尔,玻利瓦尔,2025-05-01,,
能天使,Exusiai,女性,1,立绘_能天使_1.png,https://media.prts.wiki/b/bd/%E7%AB%8B%E7%BB%98_%E8%83%BD%E5%A4%A9%E4%BD%BF_1.png,企鹅物流,方舟干员,6,PL03,狙击,速射手,企鹅物流,拉特兰,2019-04-30,,
能天使,Exusiai,女性,2,立绘_能天使_2.png,https://media.prts.wiki/1/19/%E7%AB%8B%E7%BB%98_%E8%83%BD%E5%A4%A9%E4%BD%BF_2.png,企鹅物流,方舟干员,6,PL03,狙击,速射手,企鹅物流,拉特兰,2019-04-30,,
能天使,Exusiai,女性,skin1,立绘_能天使_skin1.png,https://media.prts.wiki/1/13/%E7%AB%8B%E7%BB%98_%E8%83%BD%E5%A4%A9%E4%BD%BF_skin1.png,企鹅物流,方舟干员,6,PL03,狙击,速射手,企鹅物流,拉特兰,2019-04-30,生命之地,野地秘行
能天使,Exusiai,女性,skin2,立绘_能天使_skin2.png,https://media.prts.wiki/1/14/%E7%AB%8B%E7%BB%98_%E8%83%BD%E5%A4%A9%E4%BD%BF_skin2.png,企鹅物流,方舟干员,6,PL03,狙击,速射手,企鹅物流,拉特兰,2019-04-30,合作款,城市骑手
能天使,Exusiai,女性,skin3,立绘_能天使_skin3.png,https://media.prts.wiki/7/78/%E7%AB%8B%E7%BB%98_%E8%83%BD%E5%A4%A9%E4%BD%BF_skin3.png,企鹅物流,方舟干员,6,PL03,狙击,速射手,企鹅物流,拉特兰,2019-04-30,忒斯特收藏,午夜邮差
至简,Minimalist,男性,1,立绘_至简_1.png,https://media.prts.wiki/d/d5/%E7%AB%8B%E7%BB%98_%E8%87%B3%E7%AE%80_1.png,萨尔贡,方舟干员,5,SG09,术师,驭械术师,萨尔贡,杜林,2022-08-11,,
至简,Minimalist,男性,2,立绘_至简_2.png,https://media.prts.wiki/f/fb/%E7%AB%8B%E7%BB%98_%E8%87%B3%E7%AE%80_2.png,萨尔贡,方舟干员,5,SG09,术师,驭械术师,萨尔贡,杜林,2022-08-11,,
至简,Minimalist,男性,skin1,立绘_至简_skin1.png,https://media.prts.wiki/f/ff/%E7%AB%8B%E7%BB%98_%E8%87%B3%E7%AE%80_skin1.png,萨尔贡,方舟干员,5,SG09,术师,驭械术师,萨尔贡,杜林,2022-08-11,珊瑚海岸,悠然假日 HDm74
艾丝黛尔,Estelle,女性,1,立绘_艾丝黛尔_1.png,https://media.prts.wiki/a/a3/%E7%AB%8B%E7%BB%98_%E8%89%BE%E4%B8%9D%E9%BB%9B%E5%B0%94_1.png,萨尔贡,方舟干员,4,IU04,近卫,强攻手,萨尔贡,未公开,2019-04-30,,
艾丝黛尔,Estelle,女性,2,立绘_艾丝黛尔_2.png,https://media.prts.wiki/e/e8/%E7%AB%8B%E7%BB%98_%E8%89%BE%E4%B8%9D%E9%BB%9B%E5%B0%94_2.png,萨尔贡,方舟干员,4,IU04,近卫,强攻手,萨尔贡,未公开,2019-04-30,,
艾丝黛尔,Estelle,女性,skin1,立绘_艾丝黛尔_skin1.png,https://media.prts.wiki/9/96/%E7%AB%8B%E7%BB%98_%E8%89%BE%E4%B8%9D%E9%BB%9B%E5%B0%94_skin1.png,萨尔贡,方舟干员,4,IU04,近卫,强攻手,萨尔贡,未公开,2019-04-30,时代,花冕圆舞曲
艾丽妮,Irene,女性,1,立绘_艾丽妮_1.png,https://media.prts.wiki/5/55/%E7%AB%8B%E7%BB%98_%E8%89%BE%E4%B8%BD%E5%A6%AE_1.png,伊比利亚,方舟干员,6,II07,近卫,剑豪,伊比利亚,伊比利亚,2022-05-01,,
艾丽妮,Irene,女性,2,立绘_艾丽妮_2.png,https://media.prts.wiki/4/40/%E7%AB%8B%E7%BB%98_%E8%89%BE%E4%B8%BD%E5%A6%AE_2.png,伊比利亚,方舟干员,6,II07,近卫,剑豪,伊比利亚,伊比利亚,2022-05-01,,
艾丽妮,Irene,女性,skin1,立绘_艾丽妮_skin1.png,https://media.prts.wiki/2/2e/%E7%AB%8B%E7%BB%98_%E8%89%BE%E4%B8%BD%E5%A6%AE_skin1.png,伊比利亚,方舟干员,6,II07,近卫,剑豪,伊比利亚,伊比利亚,2022-05-01,音律联觉,飞羽
艾丽妮,Irene,女性,skin2,立绘_艾丽妮_skin2.png,https://media.prts.wiki/3/32/%E7%AB%8B%E7%BB%98_%E8%89%BE%E4%B8%BD%E5%A6%AE_skin2.png,伊比利亚,方舟干员,6,II07,近卫,剑豪,伊比利亚,伊比利亚,2022-05-01,成就之星,至高判决
艾拉,Ela,女性,1,立绘_艾拉_1.png,https://media.prts.wiki/6/61/%E7%AB%8B%E7%BB%98_%E8%89%BE%E6%8B%89_1.png,彩虹小队,方舟干员,6,RS05,特种,陷阱师,彩虹小队,未知,2024-03-07,,
艾拉,Ela,女性,2,立绘_艾拉_2.png,https://media.prts.wiki/b/b7/%E7%AB%8B%E7%BB%98_%E8%89%BE%E6%8B%89_2.png,彩虹小队,方舟干员,6,RS05,特种,陷阱师,彩虹小队,未知,2024-03-07,,
艾拉,Ela,女性,skin1,立绘_艾拉_skin1.png,https://media.prts.wiki/6/6a/%E7%AB%8B%E7%BB%98_%E8%89%BE%E6%8B%89_skin1.png,彩虹小队,方舟干员,6,RS05,特种,陷阱师,彩虹小队,未知,2024-03-07,合作款,密室
艾雅法拉,Eyjafjalla,女性,1,立绘_艾雅法拉_1.png,https://media.prts.wiki/c/c0/%E7%AB%8B%E7%BB%98_%E8%89%BE%E9%9B%85%E6%B3%95%E6%8B%89_1.png,莱塔尼亚,方舟干员,6,LN02,术师,中坚术师,莱塔尼亚,莱塔尼亚,2019-04-30,,
艾雅法拉,Eyjafjalla,女性,2,立绘_艾雅法拉_2.png,https://media.prts.wiki/2/21/%E7%AB%8B%E7%BB%98_%E8%89%BE%E9%9B%85%E6%B3%95%E6%8B%89_2.png,莱塔尼亚,方舟干员,6,LN02,术师,中坚术师,莱塔尼亚,莱塔尼亚,2019-04-30,,
艾雅法拉,Eyjafjalla,女性,skin1,立绘_艾雅法拉_skin1.png,https://media.prts.wiki/e/e8/%E7%AB%8B%E7%BB%98_%E8%89%BE%E9%9B%85%E6%B3%95%E6%8B%89_skin1.png,莱塔尼亚,方舟干员,6,LN02,术师,中坚术师,莱塔尼亚,莱塔尼亚,2019-04-30,珊瑚海岸,夏卉 FA018
艾雅法拉,Eyjafjalla,女性,skin2,立绘_艾雅法拉_skin2.png,https://media.prts.wiki/8/86/%E7%AB%8B%E7%BB%98_%E8%89%BE%E9%9B%85%E6%B3%95%E6%8B%89_skin2.png,莱塔尼亚,方舟干员,6,LN02,术师,中坚术师,莱塔尼亚,莱塔尼亚,2019-04-30,合作款,绵绒小魔女
芙兰卡,Franka,女性,1,立绘_芙兰卡_1.png,https://media.prts.wiki/6/6c/%E7%AB%8B%E7%BB%98_%E8%8A%99%E5%85%B0%E5%8D%A1_1.png,黑钢国际,方舟干员,5,BS01,近卫,无畏者,黑钢国际,哥伦比亚,2019-04-30,,
芙兰卡,Franka,女性,2,立绘_芙兰卡_2.png,https://media.prts.wiki/5/50/%E7%AB%8B%E7%BB%98_%E8%8A%99%E5%85%B0%E5%8D%A1_2.png,黑钢国际,方舟干员,5,BS01,近卫,无畏者,黑钢国际,哥伦比亚,2019-04-30,,
芙兰卡,Franka,女性,skin1,立绘_芙兰卡_skin1.png,https://media.prts.wiki/f/f5/%E7%AB%8B%E7%BB%98_%E8%8A%99%E5%85%B0%E5%8D%A1_skin1.png,黑钢国际,方舟干员,5,BS01,近卫,无畏者,黑钢国际,哥伦比亚,2019-04-30,合作款,林虹之间
芙蓉,Hibiscus,女性,1,立绘_芙蓉_1.png,https://media.prts.wiki/b/b9/%E7%AB%8B%E7%BB%98_%E8%8A%99%E8%93%89_1.png,行动预备组A1,方舟干员,3,PA13,医疗,医师,行动预备组A1,维多利亚,2019-04-30,,
芙蓉,Hibiscus,女性,skin1,立绘_芙蓉_skin1.png,https://media.prts.wiki/9/9f/%E7%AB%8B%E7%BB%98_%E8%8A%99%E8%93%89_skin1.png,行动预备组A1,方舟干员,3,PA13,医疗,医师,行动预备组A1,维多利亚,2019-04-30,0011™制造,守岁人
芬,Fang,女性,1,立绘_芬_1.png,https://media.prts.wiki/a/af/%E7%AB%8B%E7%BB%98_%E8%8A%AC_1.png,行动预备组A1,方舟干员,3,PA11,先锋,尖兵,行动预备组A1,卡西米尔,2019-04-30,,
芬,Fang,女性,skin1,立绘_芬_skin1.png,https://media.prts.wiki/d/de/%E7%AB%8B%E7%BB%98_%E8%8A%AC_skin1.png,行动预备组A1,方舟干员,3,PA11,先锋,尖兵,行动预备组A1,卡西米尔,2019-04-30,寒武纪™系列,十字郡
芳汀,Arene,男性,1,立绘_芳汀_1.png,https://media.prts.wiki/6/6c/%E7%AB%8B%E7%BB%98_%E8%8A%B3%E6%B1%80_1.png,拉特兰,方舟干员,4,LT06,近卫,领主,拉特兰,拉特兰,2020-09-24,,
芳汀,Arene,男性,2,立绘_芳汀_2.png,https://media.prts.wiki/e/ee/%E7%AB%8B%E7%BB%98_%E8%8A%B3%E6%B1%80_2.png,拉特兰,方舟干员,4,LT06,近卫,领主,拉特兰,拉特兰,2020-09-24,,
芳汀,Arene,男性,skin1,立绘_芳汀_skin1.png,https://media.prts.wiki/f/ff/%E7%AB%8B%E7%BB%98_%E8%8A%B3%E6%B1%80_skin1.png,拉特兰,方舟干员,4,LT06,近卫,领主,拉特兰,拉特兰,2020-09-24,寒武纪™系列,随性
芳汀,Arene,男性,skin2,立绘_芳汀_skin2.png,https://media.prts.wiki/f/fd/%E7%AB%8B%E7%BB%98_%E8%8A%B3%E6%B1%80_skin2.png,拉特兰,方舟干员,4,LT06,近卫,领主,拉特兰,拉特兰,2020-09-24,待予花冠,危险邀约
苇草,Reed,女性,1,立绘_苇草_1.png,https://media.prts.wiki/0/0a/%E7%AB%8B%E7%BB%98_%E8%8B%87%E8%8D%89_1.png,维多利亚,方舟干员,5,HT03,先锋,冲锋手,维多利亚,维多利亚,2019-12-10,,
苇草,Reed,女性,2,立绘_苇草_2.png,https://media.prts.wiki/5/59/%E7%AB%8B%E7%BB%98_%E8%8B%87%E8%8D%89_2.png,维多利亚,方舟干员,5,HT03,先锋,冲锋手,维多利亚,维多利亚,2019-12-10,,
苇草,Reed,女性,skin1,立绘_苇草_skin1.png,https://media.prts.wiki/8/8a/%E7%AB%8B%E7%BB%98_%E8%8B%87%E8%8D%89_skin1.png,维多利亚,方舟干员,5,HT03,先锋,冲锋手,维多利亚,维多利亚,2019-12-10,音律联觉,翡翠假日
苍苔,Bryophyta,男性,1,立绘_苍苔_1.png,https://media.prts.wiki/a/a8/%E7%AB%8B%E7%BB%98_%E8%8B%8D%E8%8B%94_1.png,汐斯塔,方舟干员,5,SS03,近卫,教官,汐斯塔,汐斯塔,2023-08-01,,
苍苔,Bryophyta,男性,2,立绘_苍苔_2.png,https://media.prts.wiki/a/a6/%E7%AB%8B%E7%BB%98_%E8%8B%8D%E8%8B%94_2.png,汐斯塔,方舟干员,5,SS03,近卫,教官,汐斯塔,汐斯塔,2023-08-01,,
苍苔,Bryophyta,男性,skin1,立绘_苍苔_skin1.png,https://media.prts.wiki/8/8a/%E7%AB%8B%E7%BB%98_%E8%8B%8D%E8%8B%94_skin1.png,汐斯塔,方舟干员,5,SS03,近卫,教官,汐斯塔,汐斯塔,2023-08-01,时代,动感
苏苏洛,Sussurro,女性,1,立绘_苏苏洛_1.png,https://media.prts.wiki/1/1c/%E7%AB%8B%E7%BB%98_%E8%8B%8F%E8%8B%8F%E6%B4%9B_1.png,罗德岛,方舟干员,4,R107,医疗,医师,罗德岛,叙拉古,2019-08-27,,
苏苏洛,Sussurro,女性,2,立绘_苏苏洛_2.png,https://media.prts.wiki/6/6e/%E7%AB%8B%E7%BB%98_%E8%8B%8F%E8%8B%8F%E6%B4%9B_2.png,罗德岛,方舟干员,4,R107,医疗,医师,罗德岛,叙拉古,2019-08-27,,
苏苏洛,Sussurro,女性,skin1,立绘_苏苏洛_skin1.png,https://media.prts.wiki/7/7c/%E7%AB%8B%E7%BB%98_%E8%8B%8F%E8%8B%8F%E6%B4%9B_skin1.png,罗德岛,方舟干员,4,R107,医疗,医师,罗德岛,叙拉古,2019-08-27,珊瑚海岸,夏卉 FA026
苏苏洛,Sussurro,女性,skin2,立绘_苏苏洛_skin2.png,https://media.prts.wiki/b/bd/%E7%AB%8B%E7%BB%98_%E8%8B%8F%E8%8B%8F%E6%B4%9B_skin2.png,罗德岛,方舟干员,4,R107,医疗,医师,罗德岛,叙拉古,2019-08-27,寒武纪™系列,随意而行
若叶睦,Wakaba Mutsumi,女性,1,立绘_若叶睦_1.png,https://media.prts.wiki/c/c3/%E7%AB%8B%E7%BB%98_%E8%8B%A5%E5%8F%B6%E7%9D%A6_1.png,罗德岛,方舟干员,5,AM05,特种,傀儡师,Ave Mujica,未知,2025-09-04,,
若叶睦,Wakaba Mutsumi,女性,2,立绘_若叶睦_2.png,https://media.prts.wiki/6/67/%E7%AB%8B%E7%BB%98_%E8%8B%A5%E5%8F%B6%E7%9D%A6_2.png,罗德岛,方舟干员,5,AM05,特种,傀儡师,Ave Mujica,未知,2025-09-04,,
若叶睦,Wakaba Mutsumi,女性,skin1,立绘_若叶睦_skin1.png,https://media.prts.wiki/8/88/%E7%AB%8B%E7%BB%98_%E8%8B%A5%E5%8F%B6%E7%9D%A6_skin1.png,罗德岛,方舟干员,5,AM05,特种,傀儡师,Ave Mujica,未知,2025-09-04,合作款,提线的本我
苦艾,Absinthe,女性,1,立绘_苦艾_1.png,https://media.prts.wiki/9/9f/%E7%AB%8B%E7%BB%98_%E8%8B%A6%E8%89%BE_1.png,乌萨斯学生自治团,方舟干员,5,US11,术师,中坚术师,乌萨斯学生自治团,乌萨斯,2020-06-18,,
苦艾,Absinthe,女性,2,立绘_苦艾_2.png,https://media.prts.wiki/a/a8/%E7%AB%8B%E7%BB%98_%E8%8B%A6%E8%89%BE_2.png,乌萨斯学生自治团,方舟干员,5,US11,术师,中坚术师,乌萨斯学生自治团,乌萨斯,2020-06-18,,
苦艾,Absinthe,女性,skin1,立绘_苦艾_skin1.png,https://media.prts.wiki/9/94/%E7%AB%8B%E7%BB%98_%E8%8B%A6%E8%89%BE_skin1.png,乌萨斯学生自治团,方舟干员,5,US11,术师,中坚术师,乌萨斯学生自治团,乌萨斯,2020-06-18,时代,正午余光
荒芜拉普兰德,Lappland the Decadenza,女性,1,立绘_荒芜拉普兰德_1.png,https://media.prts.wiki/9/99/%E7%AB%8B%E7%BB%98_%E8%8D%92%E8%8A%9C%E6%8B%89%E6%99%AE%E5%85%B0%E5%BE%B7_1.png,叙拉古,方舟干员,6,SR04,术师,驭械术师,叙拉古,叙拉古,2024-11-01,,
荒芜拉普兰德,Lappland the Decadenza,女性,2,立绘_荒芜拉普兰德_2.png,https://media.prts.wiki/0/0b/%E7%AB%8B%E7%BB%98_%E8%8D%92%E8%8A%9C%E6%8B%89%E6%99%AE%E5%85%B0%E5%BE%B7_2.png,叙拉古,方舟干员,6,SR04,术师,驭械术师,叙拉古,叙拉古,2024-11-01,,
荒芜拉普兰德,Lappland the Decadenza,女性,skin1,立绘_荒芜拉普兰德_skin1.png,https://media.prts.wiki/f/f6/%E7%AB%8B%E7%BB%98_%E8%8D%92%E8%8A%9C%E6%8B%89%E6%99%AE%E5%85%B0%E5%BE%B7_skin1.png,叙拉古,方舟干员,6,SR04,术师,驭械术师,叙拉古,叙拉古,2024-11-01,忒斯特收藏,无序的谦卑
莎草,Papyrus,女性,1,立绘_莎草_1.png,https://media.prts.wiki/5/51/%E7%AB%8B%E7%BB%98_%E8%8E%8E%E8%8D%89_1.png,萨尔贡,方舟干员,5,SG19,医疗,链愈师,萨尔贡,萨尔贡,2024-08-01,,
莎草,Papyrus,女性,2,立绘_莎草_2.png,https://media.prts.wiki/b/b6/%E7%AB%8B%E7%BB%98_%E8%8E%8E%E8%8D%89_2.png,萨尔贡,方舟干员,5,SG19,医疗,链愈师,萨尔贡,萨尔贡,2024-08-01,,
莎草,Papyrus,女性,skin1,立绘_莎草_skin1.png,https://media.prts.wiki/e/e9/%E7%AB%8B%E7%BB%98_%E8%8E%8E%E8%8D%89_skin1.png,萨尔贡,方舟干员,5,SG19,医疗,链愈师,萨尔贡,萨尔贡,2024-08-01,成就之星,下一个任务
莫斯提马,Mostima,女性,1,立绘_莫斯提马_1.png,https://media.prts.wiki/c/cd/%E7%AB%8B%E7%BB%98_%E8%8E%AB%E6%96%AF%E6%8F%90%E9%A9%AC_1.png,拉特兰,方舟干员,6,LT77,术师,扩散术师,拉特兰,拉特兰,2019-11-19,,
莫斯提马,Mostima,女性,2,立绘_莫斯提马_2.png,https://media.prts.wiki/8/85/%E7%AB%8B%E7%BB%98_%E8%8E%AB%E6%96%AF%E6%8F%90%E9%A9%AC_2.png,拉特兰,方舟干员,6,LT77,术师,扩散术师,拉特兰,拉特兰,2019-11-19,,
莫斯提马,Mostima,女性,skin1,立绘_莫斯提马_skin1.png,https://media.prts.wiki/4/40/%E7%AB%8B%E7%BB%98_%E8%8E%AB%E6%96%AF%E6%8F%90%E9%A9%AC_skin1.png,拉特兰,方舟干员,6,LT77,术师,扩散术师,拉特兰,拉特兰,2019-11-19,时代,除魅
莫斯提马,Mostima,女性,skin2,立绘_莫斯提马_skin2.png,https://media.prts.wiki/b/b7/%E7%AB%8B%E7%BB%98_%E8%8E%AB%E6%96%AF%E6%8F%90%E9%A9%AC_skin2.png,拉特兰,方舟干员,6,LT77,术师,扩散术师,拉特兰,拉特兰,2019-11-19,音律联觉,幻语乐痕
莱伊,Ray,女性,1,立绘_莱伊_1.png,https://media.prts.wiki/6/6c/%E7%AB%8B%E7%BB%98_%E8%8E%B1%E4%BC%8A_1.png,雷姆必拓,方舟干员,6,RB15,狙击,猎手,雷姆必拓,雷姆必拓,2024-01-09,,
莱伊,Ray,女性,2,立绘_莱伊_2.png,https://media.prts.wiki/3/39/%E7%AB%8B%E7%BB%98_%E8%8E%B1%E4%BC%8A_2.png,雷姆必拓,方舟干员,6,RB15,狙击,猎手,雷姆必拓,雷姆必拓,2024-01-09,,
莱伊,Ray,女性,skin1,立绘_莱伊_skin1.png,https://media.prts.wiki/3/37/%E7%AB%8B%E7%BB%98_%E8%8E%B1%E4%BC%8A_skin1.png,雷姆必拓,方舟干员,6,RB15,狙击,猎手,雷姆必拓,雷姆必拓,2024-01-09,闪耀阶梯,梦幻高空
莱恩哈特,Leonhardt,男性,1,立绘_莱恩哈特_1.png,https://media.prts.wiki/b/bf/%E7%AB%8B%E7%BB%98_%E8%8E%B1%E6%81%A9%E5%93%88%E7%89%B9_1.png,雷姆必拓,方舟干员,5,RB03,术师,扩散术师,雷姆必拓,雷姆必拓,2020-06-18,,
莱恩哈特,Leonhardt,男性,2,立绘_莱恩哈特_2.png,https://media.prts.wiki/6/61/%E7%AB%8B%E7%BB%98_%E8%8E%B1%E6%81%A9%E5%93%88%E7%89%B9_2.png,雷姆必拓,方舟干员,5,RB03,术师,扩散术师,雷姆必拓,雷姆必拓,2020-06-18,,
莱恩哈特,Leonhardt,男性,skin1,立绘_莱恩哈特_skin1.png,https://media.prts.wiki/f/f0/%E7%AB%8B%E7%BB%98_%E8%8E%B1%E6%81%A9%E5%93%88%E7%89%B9_skin1.png,雷姆必拓,方舟干员,5,RB03,术师,扩散术师,雷姆必拓,雷姆必拓,2020-06-18,生命之地,宝藏行家
莱恩哈特,Leonhardt,男性,skin2,立绘_莱恩哈特_skin2.png,https://media.prts.wiki/6/6f/%E7%AB%8B%E7%BB%98_%E8%8E%B1%E6%81%A9%E5%93%88%E7%89%B9_skin2.png,雷姆必拓,方舟干员,5,RB03,术师,扩散术师,雷姆必拓,雷姆必拓,2020-06-18,冰原信使,希望巡游
莱欧斯,Laios,男性,1,立绘_莱欧斯_1.png,https://media.prts.wiki/2/2c/%E7%AB%8B%E7%BB%98_%E8%8E%B1%E6%AC%A7%E6%96%AF_1.png,罗德岛,方舟干员,5,DD01,近卫,无畏者,莱欧斯小队,北方大陆（自称）,2024-09-02,,
莱欧斯,Laios,男性,2,立绘_莱欧斯_2.png,https://media.prts.wiki/e/e3/%E7%AB%8B%E7%BB%98_%E8%8E%B1%E6%AC%A7%E6%96%AF_2.png,罗德岛,方舟干员,5,DD01,近卫,无畏者,莱欧斯小队,北方大陆（自称）,2024-09-02,,
菲亚梅塔,Fiammetta,女性,1,立绘_菲亚梅塔_1.png,https://media.prts.wiki/9/9c/%E7%AB%8B%E7%BB%98_%E8%8F%B2%E4%BA%9A%E6%A2%85%E5%A1%94_1.png,拉特兰,方舟干员,6,LT11,狙击,炮手,拉特兰,拉特兰,2022-03-15,,
菲亚梅塔,Fiammetta,女性,2,立绘_菲亚梅塔_2.png,https://media.prts.wiki/4/47/%E7%AB%8B%E7%BB%98_%E8%8F%B2%E4%BA%9A%E6%A2%85%E5%A1%94_2.png,拉特兰,方舟干员,6,LT11,狙击,炮手,拉特兰,拉特兰,2022-03-15,,
菲亚梅塔,Fiammetta,女性,skin1,立绘_菲亚梅塔_skin1.png,https://media.prts.wiki/1/16/%E7%AB%8B%E7%BB%98_%E8%8F%B2%E4%BA%9A%E6%A2%85%E5%A1%94_skin1.png,拉特兰,方舟干员,6,LT11,狙击,炮手,拉特兰,拉特兰,2022-03-15,巫异盛宴,至圣誓言
菲亚梅塔,Fiammetta,女性,skin2,立绘_菲亚梅塔_skin2.png,https://media.prts.wiki/a/a6/%E7%AB%8B%E7%BB%98_%E8%8F%B2%E4%BA%9A%E6%A2%85%E5%A1%94_skin2.png,拉特兰,方舟干员,6,LT11,狙击,炮手,拉特兰,拉特兰,2022-03-15,斗争血脉,审判日
菲莱,Philae,女性,1,立绘_菲莱_1.png,https://media.prts.wiki/4/4d/%E7%AB%8B%E7%BB%98_%E8%8F%B2%E8%8E%B1_1.png,萨尔贡,方舟干员,5,SG10,重装,本源铁卫,萨尔贡,萨尔贡,2024-11-01,,
菲莱,Philae,女性,2,立绘_菲莱_2.png,https://media.prts.wiki/2/22/%E7%AB%8B%E7%BB%98_%E8%8F%B2%E8%8E%B1_2.png,萨尔贡,方舟干员,5,SG10,重装,本源铁卫,萨尔贡,萨尔贡,2024-11-01,,
菲莱,Philae,女性,skin1,立绘_菲莱_skin1.png,https://media.prts.wiki/5/57/%E7%AB%8B%E7%BB%98_%E8%8F%B2%E8%8E%B1_skin1.png,萨尔贡,方舟干员,5,SG10,重装,本源铁卫,萨尔贡,萨尔贡,2024-11-01,0011™制造,花绸曲
蒂比,Tippi,女性,1,立绘_蒂比_1.png,https://media.prts.wiki/c/cb/%E7%AB%8B%E7%BB%98_%E8%92%82%E6%AF%94_1.png,哥伦比亚,方舟干员,5,CB25,特种,巡空者,哥伦比亚,哥伦比亚,2025-06-05,,
蒂比,Tippi,女性,2,立绘_蒂比_2.png,https://media.prts.wiki/f/f3/%E7%AB%8B%E7%BB%98_%E8%92%82%E6%AF%94_2.png,哥伦比亚,方舟干员,5,CB25,特种,巡空者,哥伦比亚,哥伦比亚,2025-06-05,,
蓝毒,Blue Poison,女性,1,立绘_蓝毒_1.png,https://media.prts.wiki/6/66/%E7%AB%8B%E7%BB%98_%E8%93%9D%E6%AF%92_1.png,伊比利亚,方舟干员,5,AA03,狙击,速射手,伊比利亚,未公开,2019-04-30,,
蓝毒,Blue Poison,女性,2,立绘_蓝毒_2.png,https://media.prts.wiki/3/36/%E7%AB%8B%E7%BB%98_%E8%93%9D%E6%AF%92_2.png,伊比利亚,方舟干员,5,AA03,狙击,速射手,伊比利亚,未公开,2019-04-30,,
蓝毒,Blue Poison,女性,skin1,立绘_蓝毒_skin1.png,https://media.prts.wiki/e/ea/%E7%AB%8B%E7%BB%98_%E8%93%9D%E6%AF%92_skin1.png,伊比利亚,方舟干员,5,AA03,狙击,速射手,伊比利亚,未公开,2019-04-30,玛尔特,浅滩律动
蓝毒,Blue Poison,女性,skin2,立绘_蓝毒_skin2.png,https://media.prts.wiki/d/d8/%E7%AB%8B%E7%BB%98_%E8%93%9D%E6%AF%92_skin2.png,伊比利亚,方舟干员,5,AA03,狙击,速射手,伊比利亚,未公开,2019-04-30,命途迭代,哀律西昂夜曲
蕾缪安,Lemuen,女性,1,立绘_蕾缪安_1.png,https://media.prts.wiki/7/76/%E7%AB%8B%E7%BB%98_%E8%95%BE%E7%BC%AA%E5%AE%89_1.png,拉特兰,方舟干员,6,LT17,狙击,神射手,拉特兰,拉特兰,2025-05-01,,
蕾缪安,Lemuen,女性,2,立绘_蕾缪安_2.png,https://media.prts.wiki/4/4f/%E7%AB%8B%E7%BB%98_%E8%95%BE%E7%BC%AA%E5%AE%89_2.png,拉特兰,方舟干员,6,LT17,狙击,神射手,拉特兰,拉特兰,2025-05-01,,
蕾缪安,Lemuen,女性,skin1,立绘_蕾缪安_skin1.png,https://media.prts.wiki/3/32/%E7%AB%8B%E7%BB%98_%E8%95%BE%E7%BC%AA%E5%AE%89_skin1.png,拉特兰,方舟干员,6,LT17,狙击,神射手,拉特兰,拉特兰,2025-05-01,音律联觉,暮星安魂曲
薄绿,Mint,女性,1,立绘_薄绿_1.png,https://media.prts.wiki/d/d8/%E7%AB%8B%E7%BB%98_%E8%96%84%E7%BB%BF_1.png,维多利亚,方舟干员,5,VC08,术师,阵法术师,维多利亚,维多利亚,2020-09-24,,
薄绿,Mint,女性,2,立绘_薄绿_2.png,https://media.prts.wiki/2/20/%E7%AB%8B%E7%BB%98_%E8%96%84%E7%BB%BF_2.png,维多利亚,方舟干员,5,VC08,术师,阵法术师,维多利亚,维多利亚,2020-09-24,,
薄绿,Mint,女性,skin1,立绘_薄绿_skin1.png,https://media.prts.wiki/e/e4/%E7%AB%8B%E7%BB%98_%E8%96%84%E7%BB%BF_skin1.png,维多利亚,方舟干员,5,VC08,术师,阵法术师,维多利亚,维多利亚,2020-09-24,时代,月宵
薄绿,Mint,女性,skin2,立绘_薄绿_skin2.png,https://media.prts.wiki/6/62/%E7%AB%8B%E7%BB%98_%E8%96%84%E7%BB%BF_skin2.png,维多利亚,方舟干员,5,VC08,术师,阵法术师,维多利亚,维多利亚,2020-09-24,时代,私人书房
薇薇安娜,Viviana,女性,1,立绘_薇薇安娜_1.png,https://media.prts.wiki/6/60/%E7%AB%8B%E7%BB%98_%E8%96%87%E8%96%87%E5%AE%89%E5%A8%9C_1.png,莱塔尼亚,方舟干员,6,LN11,近卫,术战者,莱塔尼亚,莱塔尼亚,2023-11-01,,
薇薇安娜,Viviana,女性,2,立绘_薇薇安娜_2.png,https://media.prts.wiki/6/62/%E7%AB%8B%E7%BB%98_%E8%96%87%E8%96%87%E5%AE%89%E5%A8%9C_2.png,莱塔尼亚,方舟干员,6,LN11,近卫,术战者,莱塔尼亚,莱塔尼亚,2023-11-01,,
薇薇安娜,Viviana,女性,skin1,立绘_薇薇安娜_skin1.png,https://media.prts.wiki/6/66/%E7%AB%8B%E7%BB%98_%E8%96%87%E8%96%87%E5%AE%89%E5%A8%9C_skin1.png,莱塔尼亚,方舟干员,6,LN11,近卫,术战者,莱塔尼亚,莱塔尼亚,2023-11-01,时代,寄自奥格尼斯科
蚀清,Corroserum,男性,1,立绘_蚀清_1.png,https://media.prts.wiki/f/f2/%E7%AB%8B%E7%BB%98_%E8%9A%80%E6%B8%85_1.png,哥伦比亚,方舟干员,5,CB12,术师,轰击术师,哥伦比亚,哥伦比亚,2021-11-01,,
蚀清,Corroserum,男性,2,立绘_蚀清_2.png,https://media.prts.wiki/2/2b/%E7%AB%8B%E7%BB%98_%E8%9A%80%E6%B8%85_2.png,哥伦比亚,方舟干员,5,CB12,术师,轰击术师,哥伦比亚,哥伦比亚,2021-11-01,,
蚀清,Corroserum,男性,skin1,立绘_蚀清_skin1.png,https://media.prts.wiki/e/e5/%E7%AB%8B%E7%BB%98_%E8%9A%80%E6%B8%85_skin1.png,哥伦比亚,方舟干员,5,CB12,术师,轰击术师,哥伦比亚,哥伦比亚,2021-11-01,时代,逸趣
蛇屠箱,Cuora,女性,1,立绘_蛇屠箱_1.png,https://media.prts.wiki/c/c7/%E7%AB%8B%E7%BB%98_%E8%9B%87%E5%B1%A0%E7%AE%B1_1.png,哥伦比亚,方舟干员,4,IU05,重装,铁卫,哥伦比亚,未公开,2019-04-30,,
蛇屠箱,Cuora,女性,2,立绘_蛇屠箱_2.png,https://media.prts.wiki/e/eb/%E7%AB%8B%E7%BB%98_%E8%9B%87%E5%B1%A0%E7%AE%B1_2.png,哥伦比亚,方舟干员,4,IU05,重装,铁卫,哥伦比亚,未公开,2019-04-30,,
蛇屠箱,Cuora,女性,skin1,立绘_蛇屠箱_skin1.png,https://media.prts.wiki/0/08/%E7%AB%8B%E7%BB%98_%E8%9B%87%E5%B1%A0%E7%AE%B1_skin1.png,哥伦比亚,方舟干员,4,IU05,重装,铁卫,哥伦比亚,未公开,2019-04-30,生命之地,四边形
蛇屠箱,Cuora,女性,skin2,立绘_蛇屠箱_skin2.png,https://media.prts.wiki/a/ad/%E7%AB%8B%E7%BB%98_%E8%9B%87%E5%B1%A0%E7%AE%B1_skin2.png,哥伦比亚,方舟干员,4,IU05,重装,铁卫,哥伦比亚,未公开,2019-04-30,0011-韵系列,与荷
蜜莓,Honeyberry,女性,1,立绘_蜜莓_1.png,https://media.prts.wiki/f/f3/%E7%AB%8B%E7%BB%98_%E8%9C%9C%E8%8E%93_1.png,雷姆必拓,方舟干员,5,RB06,医疗,行医,雷姆必拓,雷姆必拓,2021-11-01,,
蜜莓,Honeyberry,女性,2,立绘_蜜莓_2.png,https://media.prts.wiki/f/fa/%E7%AB%8B%E7%BB%98_%E8%9C%9C%E8%8E%93_2.png,雷姆必拓,方舟干员,5,RB06,医疗,行医,雷姆必拓,雷姆必拓,2021-11-01,,
蜜莓,Honeyberry,女性,skin1,立绘_蜜莓_skin1.png,https://media.prts.wiki/7/73/%E7%AB%8B%E7%BB%98_%E8%9C%9C%E8%8E%93_skin1.png,雷姆必拓,方舟干员,5,RB06,医疗,行医,雷姆必拓,雷姆必拓,2021-11-01,时代,荒野之后
蜜莓,Honeyberry,女性,skin2,立绘_蜜莓_skin2.png,https://media.prts.wiki/6/6d/%E7%AB%8B%E7%BB%98_%E8%9C%9C%E8%8E%93_skin2.png,雷姆必拓,方舟干员,5,RB06,医疗,行医,雷姆必拓,雷姆必拓,2021-11-01,0011™制造,洇灵雨
蜜蜡,Beeswax,女性,1,立绘_蜜蜡_1.png,https://media.prts.wiki/3/3d/%E7%AB%8B%E7%BB%98_%E8%9C%9C%E8%9C%A1_1.png,萨尔贡,方舟干员,5,R147,术师,阵法术师,萨尔贡,萨尔贡,2020-07-28,,
蜜蜡,Beeswax,女性,2,立绘_蜜蜡_2.png,https://media.prts.wiki/2/2d/%E7%AB%8B%E7%BB%98_%E8%9C%9C%E8%9C%A1_2.png,萨尔贡,方舟干员,5,R147,术师,阵法术师,萨尔贡,萨尔贡,2020-07-28,,
蜜蜡,Beeswax,女性,skin1,立绘_蜜蜡_skin1.png,https://media.prts.wiki/b/b8/%E7%AB%8B%E7%BB%98_%E8%9C%9C%E8%9C%A1_skin1.png,萨尔贡,方舟干员,5,R147,术师,阵法术师,萨尔贡,萨尔贡,2020-07-28,时代,白沙
蜜蜡,Beeswax,女性,skin2,立绘_蜜蜡_skin2.png,https://media.prts.wiki/1/19/%E7%AB%8B%E7%BB%98_%E8%9C%9C%E8%9C%A1_skin2.png,萨尔贡,方舟干员,5,R147,术师,阵法术师,萨尔贡,萨尔贡,2020-07-28,珊瑚海岸,悠然假日 HD61
行箸,Xingzhu,女性,1,立绘_行箸_1.png,https://media.prts.wiki/a/a3/%E7%AB%8B%E7%BB%98_%E8%A1%8C%E7%AE%B8_1.png,炎,方舟干员,5,YD18,辅助,护佑者,炎,炎,2025-01-22,,
行箸,Xingzhu,女性,2,立绘_行箸_2.png,https://media.prts.wiki/3/3b/%E7%AB%8B%E7%BB%98_%E8%A1%8C%E7%AE%B8_2.png,炎,方舟干员,5,YD18,辅助,护佑者,炎,炎,2025-01-22,,
行箸,Xingzhu,女性,skin1,立绘_行箸_skin1.png,https://media.prts.wiki/3/36/%E7%AB%8B%E7%BB%98_%E8%A1%8C%E7%AE%B8_skin1.png,炎,方舟干员,5,YD18,辅助,护佑者,炎,炎,2025-01-22,时代,留影
衡沙,Sand Reckoner,男性,1,立绘_衡沙_1.png,https://media.prts.wiki/7/77/%E7%AB%8B%E7%BB%98_%E8%A1%A1%E6%B2%99_1.png,萨尔贡,方舟干员,5,SG23,辅助,召唤师,萨尔贡,萨尔贡,2024-08-01,,
衡沙,Sand Reckoner,男性,2,立绘_衡沙_2.png,https://media.prts.wiki/a/a1/%E7%AB%8B%E7%BB%98_%E8%A1%A1%E6%B2%99_2.png,萨尔贡,方舟干员,5,SG23,辅助,召唤师,萨尔贡,萨尔贡,2024-08-01,,
衡沙,Sand Reckoner,男性,skin1,立绘_衡沙_skin1.png,https://media.prts.wiki/3/3c/%E7%AB%8B%E7%BB%98_%E8%A1%A1%E6%B2%99_skin1.png,萨尔贡,方舟干员,5,SG23,辅助,召唤师,萨尔贡,萨尔贡,2024-08-01,错位巡礼,憩羽
裁度,Figurino,男性,1,立绘_裁度_1.png,https://media.prts.wiki/1/10/%E7%AB%8B%E7%BB%98_%E8%A3%81%E5%BA%A6_1.png,叙拉古,方舟干员,5,SR41,特种,行商,叙拉古,叙拉古,2024-11-01,,
裁度,Figurino,男性,2,立绘_裁度_2.png,https://media.prts.wiki/2/29/%E7%AB%8B%E7%BB%98_%E8%A3%81%E5%BA%A6_2.png,叙拉古,方舟干员,5,SR41,特种,行商,叙拉古,叙拉古,2024-11-01,,
裁度,Figurino,男性,skin1,立绘_裁度_skin1.png,https://media.prts.wiki/1/1b/%E7%AB%8B%E7%BB%98_%E8%A3%81%E5%BA%A6_skin1.png,叙拉古,方舟干员,5,SR41,特种,行商,叙拉古,叙拉古,2024-11-01,0011-韵系列,桂影窗
褐果,Chestnut,男性,1,立绘_褐果_1.png,https://media.prts.wiki/0/04/%E7%AB%8B%E7%BB%98_%E8%A4%90%E6%9E%9C_1.png,罗德岛,方舟干员,4,R134,医疗,行医,罗德岛,未公开,2022-04-14,,
褐果,Chestnut,男性,2,立绘_褐果_2.png,https://media.prts.wiki/1/1b/%E7%AB%8B%E7%BB%98_%E8%A4%90%E6%9E%9C_2.png,罗德岛,方舟干员,4,R134,医疗,行医,罗德岛,未公开,2022-04-14,,
褐果,Chestnut,男性,skin1,立绘_褐果_skin1.png,https://media.prts.wiki/8/8d/%E7%AB%8B%E7%BB%98_%E8%A4%90%E6%9E%9C_skin1.png,罗德岛,方舟干员,4,R134,医疗,行医,罗德岛,未公开,2022-04-14,珊瑚海岸,悠然假日 HDm57
见行者,Enforcer,男性,1,立绘_见行者_1.png,https://media.prts.wiki/5/54/%E7%AB%8B%E7%BB%98_%E8%A7%81%E8%A1%8C%E8%80%85_1.png,拉特兰,方舟干员,5,LT10,特种,推击手,拉特兰,拉特兰,2022-03-15,,
见行者,Enforcer,男性,2,立绘_见行者_2.png,https://media.prts.wiki/9/95/%E7%AB%8B%E7%BB%98_%E8%A7%81%E8%A1%8C%E8%80%85_2.png,拉特兰,方舟干员,5,LT10,特种,推击手,拉特兰,拉特兰,2022-03-15,,
见行者,Enforcer,男性,skin1,立绘_见行者_skin1.png,https://media.prts.wiki/6/6a/%E7%AB%8B%E7%BB%98_%E8%A7%81%E8%A1%8C%E8%80%85_skin1.png,拉特兰,方舟干员,5,LT10,特种,推击手,拉特兰,拉特兰,2022-03-15,时代,拾翼
角峰,Matterhorn,男性,1,立绘_角峰_1.png,https://media.prts.wiki/6/6c/%E7%AB%8B%E7%BB%98_%E8%A7%92%E5%B3%B0_1.png,喀兰贸易,方舟干员,4,JC03,重装,铁卫,喀兰贸易,谢拉格,2019-04-30,,
角峰,Matterhorn,男性,2,立绘_角峰_2.png,https://media.prts.wiki/4/47/%E7%AB%8B%E7%BB%98_%E8%A7%92%E5%B3%B0_2.png,喀兰贸易,方舟干员,4,JC03,重装,铁卫,喀兰贸易,谢拉格,2019-04-30,,
角峰,Matterhorn,男性,skin1,立绘_角峰_skin1.png,https://media.prts.wiki/c/cb/%E7%AB%8B%E7%BB%98_%E8%A7%92%E5%B3%B0_skin1.png,喀兰贸易,方舟干员,4,JC03,重装,铁卫,喀兰贸易,谢拉格,2019-04-30,珊瑚海岸,沙滩护卫 GT.001
讯使,Courier,男性,1,立绘_讯使_1.png,https://media.prts.wiki/1/16/%E7%AB%8B%E7%BB%98_%E8%AE%AF%E4%BD%BF_1.png,喀兰贸易,方舟干员,4,JC04,先锋,尖兵,喀兰贸易,谢拉格,2019-04-30,,
讯使,Courier,男性,2,立绘_讯使_2.png,https://media.prts.wiki/c/cf/%E7%AB%8B%E7%BB%98_%E8%AE%AF%E4%BD%BF_2.png,喀兰贸易,方舟干员,4,JC04,先锋,尖兵,喀兰贸易,谢拉格,2019-04-30,,
讯使,Courier,男性,skin1,立绘_讯使_skin1.png,https://media.prts.wiki/3/39/%E7%AB%8B%E7%BB%98_%E8%AE%AF%E4%BD%BF_skin1.png,喀兰贸易,方舟干员,4,JC04,先锋,尖兵,喀兰贸易,谢拉格,2019-04-30,寒武纪™系列,新航线
讯使,Courier,男性,skin2,立绘_讯使_skin2.png,https://media.prts.wiki/7/7e/%E7%AB%8B%E7%BB%98_%E8%AE%AF%E4%BD%BF_skin2.png,喀兰贸易,方舟干员,4,JC04,先锋,尖兵,喀兰贸易,谢拉格,2019-04-30,音律联觉,无言狂响
诗怀雅,Swire,女性,1,立绘_诗怀雅_1.png,https://media.prts.wiki/b/bc/%E7%AB%8B%E7%BB%98_%E8%AF%97%E6%80%80%E9%9B%85_1.png,龙门近卫局,方舟干员,5,LM08,近卫,教官,龙门近卫局,龙门,2019-07-09,,
诗怀雅,Swire,女性,2,立绘_诗怀雅_2.png,https://media.prts.wiki/b/b8/%E7%AB%8B%E7%BB%98_%E8%AF%97%E6%80%80%E9%9B%85_2.png,龙门近卫局,方舟干员,5,LM08,近卫,教官,龙门近卫局,龙门,2019-07-09,,
诗怀雅,Swire,女性,skin1,立绘_诗怀雅_skin1.png,https://media.prts.wiki/b/b3/%E7%AB%8B%E7%BB%98_%E8%AF%97%E6%80%80%E9%9B%85_skin1.png,龙门近卫局,方舟干员,5,LM08,近卫,教官,龙门近卫局,龙门,2019-07-09,0011™制造,富贵荣华
诺威尔,Nowell,男性,1,立绘_诺威尔_1.png,https://media.prts.wiki/4/47/%E7%AB%8B%E7%BB%98_%E8%AF%BA%E5%A8%81%E5%B0%94_1.png,维多利亚,方舟干员,5,VC29,医疗,疗养师,维多利亚,维多利亚,2025-02-14,,
诺威尔,Nowell,男性,2,立绘_诺威尔_2.png,https://media.prts.wiki/d/dd/%E7%AB%8B%E7%BB%98_%E8%AF%BA%E5%A8%81%E5%B0%94_2.png,维多利亚,方舟干员,5,VC29,医疗,疗养师,维多利亚,维多利亚,2025-02-14,,
调香师,Perfumer,女性,1,立绘_调香师_1.png,https://media.prts.wiki/5/5c/%E7%AB%8B%E7%BB%98_%E8%B0%83%E9%A6%99%E5%B8%88_1.png,罗德岛,方舟干员,4,MN03,医疗,群愈师,罗德岛,米诺斯,2019-04-30,,
调香师,Perfumer,女性,2,立绘_调香师_2.png,https://media.prts.wiki/b/b0/%E7%AB%8B%E7%BB%98_%E8%B0%83%E9%A6%99%E5%B8%88_2.png,罗德岛,方舟干员,4,MN03,医疗,群愈师,罗德岛,米诺斯,2019-04-30,,
调香师,Perfumer,女性,skin1,立绘_调香师_skin1.png,https://media.prts.wiki/a/a3/%E7%AB%8B%E7%BB%98_%E8%B0%83%E9%A6%99%E5%B8%88_skin1.png,罗德岛,方舟干员,4,MN03,医疗,群愈师,罗德岛,米诺斯,2019-04-30,忒斯特收藏,植物种志
调香师,Perfumer,女性,skin2,立绘_调香师_skin2.png,https://media.prts.wiki/a/a4/%E7%AB%8B%E7%BB%98_%E8%B0%83%E9%A6%99%E5%B8%88_skin2.png,罗德岛,方舟干员,4,MN03,医疗,群愈师,罗德岛,米诺斯,2019-04-30,时代,闲适午后
谜图,Puzzle,男性,1,立绘_谜图_1.png,https://media.prts.wiki/1/1e/%E7%AB%8B%E7%BB%98_%E8%B0%9C%E5%9B%BE_1.png,维多利亚,方舟干员,5,VC21,先锋,情报官,维多利亚,维多利亚,2022-12-15,,
谜图,Puzzle,男性,2,立绘_谜图_2.png,https://media.prts.wiki/d/d7/%E7%AB%8B%E7%BB%98_%E8%B0%9C%E5%9B%BE_2.png,维多利亚,方舟干员,5,VC21,先锋,情报官,维多利亚,维多利亚,2022-12-15,,
谜图,Puzzle,男性,skin1,立绘_谜图_skin1.png,https://media.prts.wiki/0/0e/%E7%AB%8B%E7%BB%98_%E8%B0%9C%E5%9B%BE_skin1.png,维多利亚,方舟干员,5,VC21,先锋,情报官,维多利亚,维多利亚,2022-12-15,时代,碎片之间
谜图,Puzzle,男性,skin2,立绘_谜图_skin2.png,https://media.prts.wiki/f/ff/%E7%AB%8B%E7%BB%98_%E8%B0%9C%E5%9B%BE_skin2.png,维多利亚,方舟干员,5,VC21,先锋,情报官,维多利亚,维多利亚,2022-12-15,闪耀阶梯,冷色摇滚
豆苗,Beanstalk,女性,1,立绘_豆苗_1.png,https://media.prts.wiki/4/4b/%E7%AB%8B%E7%BB%98_%E8%B1%86%E8%8B%97_1.png,哥伦比亚,方舟干员,4,CB16,先锋,战术家,哥伦比亚,哥伦比亚,2021-01-05,,
豆苗,Beanstalk,女性,2,立绘_豆苗_2.png,https://media.prts.wiki/8/87/%E7%AB%8B%E7%BB%98_%E8%B1%86%E8%8B%97_2.png,哥伦比亚,方舟干员,4,CB16,先锋,战术家,哥伦比亚,哥伦比亚,2021-01-05,,
豆苗,Beanstalk,女性,skin1,立绘_豆苗_skin1.png,https://media.prts.wiki/5/58/%E7%AB%8B%E7%BB%98_%E8%B1%86%E8%8B%97_skin1.png,哥伦比亚,方舟干员,4,CB16,先锋,战术家,哥伦比亚,哥伦比亚,2021-01-05,冰原信使,未完成的礼物
豆苗,Beanstalk,女性,skin2,立绘_豆苗_skin2.png,https://media.prts.wiki/c/cb/%E7%AB%8B%E7%BB%98_%E8%B1%86%E8%8B%97_skin2.png,哥伦比亚,方舟干员,4,CB16,先锋,战术家,哥伦比亚,哥伦比亚,2021-01-05,待予花冠,红丝带之约
贝娜,Bena,女性,1,立绘_贝娜_1.png,https://media.prts.wiki/f/f5/%E7%AB%8B%E7%BB%98_%E8%B4%9D%E5%A8%9C_1.png,维多利亚,方舟干员,5,VC14,特种,傀儡师,维多利亚,维多利亚,2021-06-01,,
贝娜,Bena,女性,2,立绘_贝娜_2.png,https://media.prts.wiki/b/b1/%E7%AB%8B%E7%BB%98_%E8%B4%9D%E5%A8%9C_2.png,维多利亚,方舟干员,5,VC14,特种,傀儡师,维多利亚,维多利亚,2021-06-01,,
贝娜,Bena,女性,skin1,立绘_贝娜_skin1.png,https://media.prts.wiki/4/4a/%E7%AB%8B%E7%BB%98_%E8%B4%9D%E5%A8%9C_skin1.png,维多利亚,方舟干员,5,VC14,特种,傀儡师,维多利亚,维多利亚,2021-06-01,0011™制造,草原小帮手
贝洛内,Bellone,男性,1,立绘_贝洛内_1.png,https://media.prts.wiki/5/52/%E7%AB%8B%E7%BB%98_%E8%B4%9D%E6%B4%9B%E5%86%85_1.png,叙拉古,方舟干员,6,SR42,近卫,斗士,叙拉古,叙拉古,2026-03-10,,
贝洛内,Bellone,男性,2,立绘_贝洛内_2.png,https://media.prts.wiki/0/0a/%E7%AB%8B%E7%BB%98_%E8%B4%9D%E6%B4%9B%E5%86%85_2.png,叙拉古,方舟干员,6,SR42,近卫,斗士,叙拉古,叙拉古,2026-03-10,,
贾维,Chiave,男性,1,立绘_贾维_1.png,https://media.prts.wiki/2/2d/%E7%AB%8B%E7%BB%98_%E8%B4%BE%E7%BB%B4_1.png,贾维团伙,方舟干员,5,SR26,先锋,尖兵,贾维团伙,叙拉古,2020-07-28,,
贾维,Chiave,男性,2,立绘_贾维_2.png,https://media.prts.wiki/8/80/%E7%AB%8B%E7%BB%98_%E8%B4%BE%E7%BB%B4_2.png,贾维团伙,方舟干员,5,SR26,先锋,尖兵,贾维团伙,叙拉古,2020-07-28,,
贾维,Chiave,男性,skin1,立绘_贾维_skin1.png,https://media.prts.wiki/8/80/%E7%AB%8B%E7%BB%98_%E8%B4%BE%E7%BB%B4_skin1.png,贾维团伙,方舟干员,5,SR26,先锋,尖兵,贾维团伙,叙拉古,2020-07-28,啸风,一人车队
赤冬,Akafuyu,女性,1,立绘_赤冬_1.png,https://media.prts.wiki/b/b2/%E7%AB%8B%E7%BB%98_%E8%B5%A4%E5%86%AC_1.png,东,方舟干员,5,HK04,近卫,武者,东,东国,2021-05-01,,
赤冬,Akafuyu,女性,2,立绘_赤冬_2.png,https://media.prts.wiki/0/07/%E7%AB%8B%E7%BB%98_%E8%B5%A4%E5%86%AC_2.png,东,方舟干员,5,HK04,近卫,武者,东,东国,2021-05-01,,
赤冬,Akafuyu,女性,skin1,立绘_赤冬_skin1.png,https://media.prts.wiki/7/73/%E7%AB%8B%E7%BB%98_%E8%B5%A4%E5%86%AC_skin1.png,东,方舟干员,5,HK04,近卫,武者,东,东国,2021-05-01,时代,心性
赤刃明霄陈,Ch'en the Dawnstreak,女性,1,立绘_赤刃明霄陈_1.png,https://media.prts.wiki/9/96/%E7%AB%8B%E7%BB%98_%E8%B5%A4%E5%88%83%E6%98%8E%E9%9C%84%E9%99%88_1.png,炎,方舟干员,6,YD30,近卫,术战者,炎,龙门,2026-02-10,,
赤刃明霄陈,Ch'en the Dawnstreak,女性,2,立绘_赤刃明霄陈_2.png,https://media.prts.wiki/1/12/%E7%AB%8B%E7%BB%98_%E8%B5%A4%E5%88%83%E6%98%8E%E9%9C%84%E9%99%88_2.png,炎,方舟干员,6,YD30,近卫,术战者,炎,龙门,2026-02-10,,
赫德雷,Hoederer,男性,1,立绘_赫德雷_1.png,https://media.prts.wiki/5/51/%E7%AB%8B%E7%BB%98_%E8%B5%AB%E5%BE%B7%E9%9B%B7_1.png,巴别塔,方舟干员,6,B216,近卫,重剑手,巴别塔,卡兹戴尔,2023-10-08,,
赫德雷,Hoederer,男性,2,立绘_赫德雷_2.png,https://media.prts.wiki/1/1d/%E7%AB%8B%E7%BB%98_%E8%B5%AB%E5%BE%B7%E9%9B%B7_2.png,巴别塔,方舟干员,6,B216,近卫,重剑手,巴别塔,卡兹戴尔,2023-10-08,,
赫德雷,Hoederer,男性,skin1,立绘_赫德雷_skin1.png,https://media.prts.wiki/e/ed/%E7%AB%8B%E7%BB%98_%E8%B5%AB%E5%BE%B7%E9%9B%B7_skin1.png,巴别塔,方舟干员,6,B216,近卫,重剑手,巴别塔,卡兹戴尔,2023-10-08,错位巡礼,沉思之庭
赫拉格,Hellagur,男性,1,立绘_赫拉格_1.png,https://media.prts.wiki/4/48/%E7%AB%8B%E7%BB%98_%E8%B5%AB%E6%8B%89%E6%A0%BC_1.png,乌萨斯,方舟干员,6,AZ01,近卫,武者,乌萨斯,乌萨斯,2019-09-10,,
赫拉格,Hellagur,男性,2,立绘_赫拉格_2.png,https://media.prts.wiki/1/10/%E7%AB%8B%E7%BB%98_%E8%B5%AB%E6%8B%89%E6%A0%BC_2.png,乌萨斯,方舟干员,6,AZ01,近卫,武者,乌萨斯,乌萨斯,2019-09-10,,
赫拉格,Hellagur,男性,skin1,立绘_赫拉格_skin1.png,https://media.prts.wiki/8/8c/%E7%AB%8B%E7%BB%98_%E8%B5%AB%E6%8B%89%E6%A0%BC_skin1.png,乌萨斯,方舟干员,6,AZ01,近卫,武者,乌萨斯,乌萨斯,2019-09-10,斗争血脉,歧路幻影
赫默,Silence,女性,1,立绘_赫默_1.png,https://media.prts.wiki/7/7f/%E7%AB%8B%E7%BB%98_%E8%B5%AB%E9%BB%98_1.png,莱茵生命,方舟干员,5,RL01,医疗,医师,莱茵生命,哥伦比亚,2019-04-30,,
赫默,Silence,女性,2,立绘_赫默_2.png,https://media.prts.wiki/e/e2/%E7%AB%8B%E7%BB%98_%E8%B5%AB%E9%BB%98_2.png,莱茵生命,方舟干员,5,RL01,医疗,医师,莱茵生命,哥伦比亚,2019-04-30,,
赫默,Silence,女性,skin1,立绘_赫默_skin1.png,https://media.prts.wiki/2/22/%E7%AB%8B%E7%BB%98_%E8%B5%AB%E9%BB%98_skin1.png,莱茵生命,方舟干员,5,RL01,医疗,医师,莱茵生命,哥伦比亚,2019-04-30,雷神开拓者,漆匠
赫默,Silence,女性,skin2,立绘_赫默_skin2.png,https://media.prts.wiki/a/a3/%E7%AB%8B%E7%BB%98_%E8%B5%AB%E9%BB%98_skin2.png,莱茵生命,方舟干员,5,RL01,医疗,医师,莱茵生命,哥伦比亚,2019-04-30,寒武纪™系列,霜息
跃跃,Caper,女性,1,立绘_跃跃_1.png,https://media.prts.wiki/d/d6/%E7%AB%8B%E7%BB%98_%E8%B7%83%E8%B7%83_1.png,玻利瓦尔,方舟干员,4,BV32,狙击,回环射手,玻利瓦尔,玻利瓦尔,2023-11-01,,
跃跃,Caper,女性,2,立绘_跃跃_2.png,https://media.prts.wiki/f/f1/%E7%AB%8B%E7%BB%98_%E8%B7%83%E8%B7%83_2.png,玻利瓦尔,方舟干员,4,BV32,狙击,回环射手,玻利瓦尔,玻利瓦尔,2023-11-01,,
跃跃,Caper,女性,skin1,立绘_跃跃_skin1.png,https://media.prts.wiki/7/78/%E7%AB%8B%E7%BB%98_%E8%B7%83%E8%B7%83_skin1.png,玻利瓦尔,方舟干员,4,BV32,狙击,回环射手,玻利瓦尔,玻利瓦尔,2023-11-01,珊瑚海岸,夏卉 FA083
车尔尼,Czerny,男性,1,立绘_车尔尼_1.png,https://media.prts.wiki/8/8a/%E7%AB%8B%E7%BB%98_%E8%BD%A6%E5%B0%94%E5%B0%BC_1.png,莱塔尼亚,方舟干员,5,LN06,重装,驭法铁卫,莱塔尼亚,莱塔尼亚,2022-06-09,,
车尔尼,Czerny,男性,2,立绘_车尔尼_2.png,https://media.prts.wiki/6/6e/%E7%AB%8B%E7%BB%98_%E8%BD%A6%E5%B0%94%E5%B0%BC_2.png,莱塔尼亚,方舟干员,5,LN06,重装,驭法铁卫,莱塔尼亚,莱塔尼亚,2022-06-09,,
车尔尼,Czerny,男性,skin1,立绘_车尔尼_skin1.png,https://media.prts.wiki/8/87/%E7%AB%8B%E7%BB%98_%E8%BD%A6%E5%B0%94%E5%B0%BC_skin1.png,莱塔尼亚,方舟干员,5,LN06,重装,驭法铁卫,莱塔尼亚,莱塔尼亚,2022-06-09,生命之地,荒野寻音
达格达,Dagda,女性,1,立绘_达格达_1.png,https://media.prts.wiki/c/c8/%E7%AB%8B%E7%BB%98_%E8%BE%BE%E6%A0%BC%E8%BE%BE_1.png,格拉斯哥帮,方舟干员,5,GG04,近卫,斗士,格拉斯哥帮,维多利亚,2022-10-11,,
达格达,Dagda,女性,2,立绘_达格达_2.png,https://media.prts.wiki/6/65/%E7%AB%8B%E7%BB%98_%E8%BE%BE%E6%A0%BC%E8%BE%BE_2.png,格拉斯哥帮,方舟干员,5,GG04,近卫,斗士,格拉斯哥帮,维多利亚,2022-10-11,,
远山,Gitano,女性,1,立绘_远山_1.png,https://media.prts.wiki/4/4a/%E7%AB%8B%E7%BB%98_%E8%BF%9C%E5%B1%B1_1.png,萨米,方舟干员,4,SI01,术师,扩散术师,萨米,萨米,2019-04-30,,
远山,Gitano,女性,2,立绘_远山_2.png,https://media.prts.wiki/f/f3/%E7%AB%8B%E7%BB%98_%E8%BF%9C%E5%B1%B1_2.png,萨米,方舟干员,4,SI01,术师,扩散术师,萨米,萨米,2019-04-30,,
远山,Gitano,女性,skin1,立绘_远山_skin1.png,https://media.prts.wiki/7/71/%E7%AB%8B%E7%BB%98_%E8%BF%9C%E5%B1%B1_skin1.png,萨米,方舟干员,4,SI01,术师,扩散术师,萨米,萨米,2019-04-30,时代,未知的旅行
远牙,Fartooth,女性,1,立绘_远牙_1.png,https://media.prts.wiki/d/d6/%E7%AB%8B%E7%BB%98_%E8%BF%9C%E7%89%99_1.png,红松骑士团,方舟干员,6,KZ13,狙击,神射手,红松骑士团,卡西米尔,2021-10-15,,
远牙,Fartooth,女性,2,立绘_远牙_2.png,https://media.prts.wiki/2/24/%E7%AB%8B%E7%BB%98_%E8%BF%9C%E7%89%99_2.png,红松骑士团,方舟干员,6,KZ13,狙击,神射手,红松骑士团,卡西米尔,2021-10-15,,
远牙,Fartooth,女性,skin1,立绘_远牙_skin1.png,https://media.prts.wiki/9/9d/%E7%AB%8B%E7%BB%98_%E8%BF%9C%E7%89%99_skin1.png,红松骑士团,方舟干员,6,KZ13,狙击,神射手,红松骑士团,卡西米尔,2021-10-15,0011-飙系列,捉风
迷迭香,Rosmontis,女性,1,立绘_迷迭香_1.png,https://media.prts.wiki/5/59/%E7%AB%8B%E7%BB%98_%E8%BF%B7%E8%BF%AD%E9%A6%99_1.png,罗德岛-精英干员,方舟干员,6,RE45,狙击,投掷手,罗德岛-精英干员,哥伦比亚,2020-11-01,,
迷迭香,Rosmontis,女性,2,立绘_迷迭香_2.png,https://media.prts.wiki/0/07/%E7%AB%8B%E7%BB%98_%E8%BF%B7%E8%BF%AD%E9%A6%99_2.png,罗德岛-精英干员,方舟干员,6,RE45,狙击,投掷手,罗德岛-精英干员,哥伦比亚,2020-11-01,,
迷迭香,Rosmontis,女性,skin1,立绘_迷迭香_skin1.png,https://media.prts.wiki/b/ba/%E7%AB%8B%E7%BB%98_%E8%BF%B7%E8%BF%AD%E9%A6%99_skin1.png,罗德岛-精英干员,方舟干员,6,RE45,狙击,投掷手,罗德岛-精英干员,哥伦比亚,2020-11-01,时代,拥抱新生
迷迭香,Rosmontis,女性,skin2,立绘_迷迭香_skin2.png,https://media.prts.wiki/f/ff/%E7%AB%8B%E7%BB%98_%E8%BF%B7%E8%BF%AD%E9%A6%99_skin2.png,罗德岛-精英干员,方舟干员,6,RE45,狙击,投掷手,罗德岛-精英干员,哥伦比亚,2020-11-01,忒斯特收藏,轻盈一梦
送葬人,Executor,男性,1,立绘_送葬人_1.png,https://media.prts.wiki/7/76/%E7%AB%8B%E7%BB%98_%E9%80%81%E8%91%AC%E4%BA%BA_1.png,拉特兰,方舟干员,5,LT01,狙击,散射手,拉特兰,拉特兰,2019-10-15,,
送葬人,Executor,男性,2,立绘_送葬人_2.png,https://media.prts.wiki/f/fa/%E7%AB%8B%E7%BB%98_%E9%80%81%E8%91%AC%E4%BA%BA_2.png,拉特兰,方舟干员,5,LT01,狙击,散射手,拉特兰,拉特兰,2019-10-15,,
送葬人,Executor,男性,skin1,立绘_送葬人_skin1.png,https://media.prts.wiki/9/99/%E7%AB%8B%E7%BB%98_%E9%80%81%E8%91%AC%E4%BA%BA_skin1.png,拉特兰,方舟干员,5,LT01,狙击,散射手,拉特兰,拉特兰,2019-10-15,斗争血脉,无题密令
逻各斯,Logos,男性,1,立绘_逻各斯_1.png,https://media.prts.wiki/b/b9/%E7%AB%8B%E7%BB%98_%E9%80%BB%E5%90%84%E6%96%AF_1.png,罗德岛-精英干员,方舟干员,6,RE03,术师,中坚术师,罗德岛-精英干员,卡兹戴尔,2024-05-01,,
逻各斯,Logos,男性,2,立绘_逻各斯_2.png,https://media.prts.wiki/5/5f/%E7%AB%8B%E7%BB%98_%E9%80%BB%E5%90%84%E6%96%AF_2.png,罗德岛-精英干员,方舟干员,6,RE03,术师,中坚术师,罗德岛-精英干员,卡兹戴尔,2024-05-01,,
逻各斯,Logos,男性,skin1,立绘_逻各斯_skin1.png,https://media.prts.wiki/d/dd/%E7%AB%8B%E7%BB%98_%E9%80%BB%E5%90%84%E6%96%AF_skin1.png,罗德岛-精英干员,方舟干员,6,RE03,术师,中坚术师,罗德岛-精英干员,卡兹戴尔,2024-05-01,音律联觉,辉煌的静谧
遥,Haruka,女性,1,立绘_遥_1.png,https://media.prts.wiki/a/a0/%E7%AB%8B%E7%BB%98_%E9%81%A5_1.png,东,方舟干员,6,HK15,辅助,护佑者,东,东国,2025-08-02,,
遥,Haruka,女性,2,立绘_遥_2.png,https://media.prts.wiki/d/d1/%E7%AB%8B%E7%BB%98_%E9%81%A5_2.png,东,方舟干员,6,HK15,辅助,护佑者,东,东国,2025-08-02,,
酒神,Tragodia,男性,1,立绘_酒神_1.png,https://media.prts.wiki/2/23/%E7%AB%8B%E7%BB%98_%E9%85%92%E7%A5%9E_1.png,维多利亚,方舟干员,6,CT01,辅助,巫役,维多利亚,维多利亚,2025-06-05,,
酒神,Tragodia,男性,2,立绘_酒神_2.png,https://media.prts.wiki/a/a5/%E7%AB%8B%E7%BB%98_%E9%85%92%E7%A5%9E_2.png,维多利亚,方舟干员,6,CT01,辅助,巫役,维多利亚,维多利亚,2025-06-05,,
酸糖,Aciddrop,女性,1,立绘_酸糖_1.png,https://media.prts.wiki/b/bd/%E7%AB%8B%E7%BB%98_%E9%85%B8%E7%B3%96_1.png,哥伦比亚,方舟干员,4,R139,狙击,重射手,哥伦比亚,哥伦比亚,2020-08-25,,
酸糖,Aciddrop,女性,2,立绘_酸糖_2.png,https://media.prts.wiki/2/2e/%E7%AB%8B%E7%BB%98_%E9%85%B8%E7%B3%96_2.png,哥伦比亚,方舟干员,4,R139,狙击,重射手,哥伦比亚,哥伦比亚,2020-08-25,,
酸糖,Aciddrop,女性,skin1,立绘_酸糖_skin1.png,https://media.prts.wiki/3/3d/%E7%AB%8B%E7%BB%98_%E9%85%B8%E7%B3%96_skin1.png,哥伦比亚,方舟干员,4,R139,狙击,重射手,哥伦比亚,哥伦比亚,2020-08-25,0011-飙系列,“下午茶时光”
酸糖,Aciddrop,女性,skin2,立绘_酸糖_skin2.png,https://media.prts.wiki/a/a4/%E7%AB%8B%E7%BB%98_%E9%85%B8%E7%B3%96_skin2.png,哥伦比亚,方舟干员,4,R139,狙击,重射手,哥伦比亚,哥伦比亚,2020-08-25,珊瑚海岸,悠然假日 HD75
重岳,Chongyue,男性,1,立绘_重岳_1.png,https://media.prts.wiki/0/04/%E7%AB%8B%E7%BB%98_%E9%87%8D%E5%B2%B3_1.png,炎-岁,方舟干员,6,NM04,近卫,斗士,炎-岁,炎,2023-01-17,,
重岳,Chongyue,男性,2,立绘_重岳_2.png,https://media.prts.wiki/a/a8/%E7%AB%8B%E7%BB%98_%E9%87%8D%E5%B2%B3_2.png,炎-岁,方舟干员,6,NM04,近卫,斗士,炎-岁,炎,2023-01-17,,
重岳,Chongyue,男性,skin1,立绘_重岳_skin1.png,https://media.prts.wiki/a/a5/%E7%AB%8B%E7%BB%98_%E9%87%8D%E5%B2%B3_skin1.png,炎-岁,方舟干员,6,NM04,近卫,斗士,炎-岁,炎,2023-01-17,0011™制造,何处栖
重岳,Chongyue,男性,skin2,立绘_重岳_skin2.png,https://media.prts.wiki/6/6e/%E7%AB%8B%E7%BB%98_%E9%87%8D%E5%B2%B3_skin2.png,炎-岁,方舟干员,6,NM04,近卫,斗士,炎-岁,炎,2023-01-17,合作款,全能演员
野鬃,Wild Mane,女性,1,立绘_野鬃_1.png,https://media.prts.wiki/b/bc/%E7%AB%8B%E7%BB%98_%E9%87%8E%E9%AC%83_1.png,红松骑士团,方舟干员,5,KZ14,先锋,冲锋手,红松骑士团,卡西米尔,2021-11-01,,
野鬃,Wild Mane,女性,2,立绘_野鬃_2.png,https://media.prts.wiki/4/4d/%E7%AB%8B%E7%BB%98_%E9%87%8E%E9%AC%83_2.png,红松骑士团,方舟干员,5,KZ14,先锋,冲锋手,红松骑士团,卡西米尔,2021-11-01,,
野鬃,Wild Mane,女性,skin1,立绘_野鬃_skin1.png,https://media.prts.wiki/9/97/%E7%AB%8B%E7%BB%98_%E9%87%8E%E9%AC%83_skin1.png,红松骑士团,方舟干员,5,KZ14,先锋,冲锋手,红松骑士团,卡西米尔,2021-11-01,时代,正义缔造者
钼铅,Wulfenite,女性,1,立绘_钼铅_1.png,https://media.prts.wiki/a/af/%E7%AB%8B%E7%BB%98_%E9%92%BC%E9%93%85_1.png,萨尔贡,方舟干员,5,SG27,特种,陷阱师,萨尔贡,萨尔贡,2025-03-07,,
钼铅,Wulfenite,女性,2,立绘_钼铅_2.png,https://media.prts.wiki/e/ef/%E7%AB%8B%E7%BB%98_%E9%92%BC%E9%93%85_2.png,萨尔贡,方舟干员,5,SG27,特种,陷阱师,萨尔贡,萨尔贡,2025-03-07,,
铃兰,Suzuran,女性,1,立绘_铃兰_1.png,https://media.prts.wiki/f/f5/%E7%AB%8B%E7%BB%98_%E9%93%83%E5%85%B0_1.png,叙拉古,方舟干员,6,R172,辅助,凝滞师,叙拉古,东国,2020-07-09,,
铃兰,Suzuran,女性,2,立绘_铃兰_2.png,https://media.prts.wiki/8/87/%E7%AB%8B%E7%BB%98_%E9%93%83%E5%85%B0_2.png,叙拉古,方舟干员,6,R172,辅助,凝滞师,叙拉古,东国,2020-07-09,,
铃兰,Suzuran,女性,skin1,立绘_铃兰_skin1.png,https://media.prts.wiki/7/7c/%E7%AB%8B%E7%BB%98_%E9%93%83%E5%85%B0_skin1.png,叙拉古,方舟干员,6,R172,辅助,凝滞师,叙拉古,东国,2020-07-09,生命之地,弃土花开
铃兰,Suzuran,女性,skin2,立绘_铃兰_skin2.png,https://media.prts.wiki/e/e0/%E7%AB%8B%E7%BB%98_%E9%93%83%E5%85%B0_skin2.png,叙拉古,方舟干员,6,R172,辅助,凝滞师,叙拉古,东国,2020-07-09,合作款,春之颂
铃兰,Suzuran,女性,skin3,立绘_铃兰_skin3.png,https://media.prts.wiki/6/60/%E7%AB%8B%E7%BB%98_%E9%93%83%E5%85%B0_skin3.png,叙拉古,方舟干员,6,R172,辅助,凝滞师,叙拉古,东国,2020-07-09,时代,雪霁
铅踝,Totter,男性,1,立绘_铅踝_1.png,https://media.prts.wiki/4/42/%E7%AB%8B%E7%BB%98_%E9%93%85%E8%B8%9D_1.png,萨尔贡,方舟干员,4,SG11,狙击,攻城手,萨尔贡,萨尔贡,2022-10-11,,
铅踝,Totter,男性,2,立绘_铅踝_2.png,https://media.prts.wiki/c/c7/%E7%AB%8B%E7%BB%98_%E9%93%85%E8%B8%9D_2.png,萨尔贡,方舟干员,4,SG11,狙击,攻城手,萨尔贡,萨尔贡,2022-10-11,,
铅踝,Totter,男性,skin1,立绘_铅踝_skin1.png,https://media.prts.wiki/e/ef/%E7%AB%8B%E7%BB%98_%E9%93%85%E8%B8%9D_skin1.png,萨尔贡,方舟干员,4,SG11,狙击,攻城手,萨尔贡,萨尔贡,2022-10-11,珊瑚海岸,灿阳朝露 SDm09
铎铃,Wind Chimes,女性,1,立绘_铎铃_1.png,https://media.prts.wiki/9/96/%E7%AB%8B%E7%BB%98_%E9%93%8E%E9%93%83_1.png,炎,方舟干员,5,YD17,近卫,重剑手,炎,炎,2023-02-14,,
铎铃,Wind Chimes,女性,2,立绘_铎铃_2.png,https://media.prts.wiki/3/36/%E7%AB%8B%E7%BB%98_%E9%93%8E%E9%93%83_2.png,炎,方舟干员,5,YD17,近卫,重剑手,炎,炎,2023-02-14,,
铎铃,Wind Chimes,女性,skin1,立绘_铎铃_skin1.png,https://media.prts.wiki/3/36/%E7%AB%8B%E7%BB%98_%E9%93%8E%E9%93%83_skin1.png,炎,方舟干员,5,YD17,近卫,重剑手,炎,炎,2023-02-14,0011-韵系列,松间月
银灰,SilverAsh,男性,1,立绘_银灰_1.png,https://media.prts.wiki/0/03/%E7%AB%8B%E7%BB%98_%E9%93%B6%E7%81%B0_1.png,喀兰贸易,方舟干员,6,JC01,近卫,领主,喀兰贸易,谢拉格,2019-04-30,,
银灰,SilverAsh,男性,2,立绘_银灰_2.png,https://media.prts.wiki/5/5f/%E7%AB%8B%E7%BB%98_%E9%93%B6%E7%81%B0_2.png,喀兰贸易,方舟干员,6,JC01,近卫,领主,喀兰贸易,谢拉格,2019-04-30,,
银灰,SilverAsh,男性,skin1,立绘_银灰_skin1.png,https://media.prts.wiki/2/2d/%E7%AB%8B%E7%BB%98_%E9%93%B6%E7%81%B0_skin1.png,喀兰贸易,方舟干员,6,JC01,近卫,领主,喀兰贸易,谢拉格,2019-04-30,冰原信使,约克的寒风
银灰,SilverAsh,男性,skin2,立绘_银灰_skin2.png,https://media.prts.wiki/3/3d/%E7%AB%8B%E7%BB%98_%E9%93%B6%E7%81%B0_skin2.png,喀兰贸易,方舟干员,6,JC01,近卫,领主,喀兰贸易,谢拉格,2019-04-30,珊瑚海岸,探寻者 SKm01
银灰,SilverAsh,男性,skin3,立绘_银灰_skin3.png,https://media.prts.wiki/6/62/%E7%AB%8B%E7%BB%98_%E9%93%B6%E7%81%B0_skin3.png,喀兰贸易,方舟干员,6,JC01,近卫,领主,喀兰贸易,谢拉格,2019-04-30,音律联觉,不融冰
铸铁,Sideroca,女性,1,立绘_铸铁_1.png,https://media.prts.wiki/1/16/%E7%AB%8B%E7%BB%98_%E9%93%B8%E9%93%81_1.png,米诺斯,方舟干员,5,R126,近卫,术战者,米诺斯,米诺斯,2020-04-21,,
铸铁,Sideroca,女性,2,立绘_铸铁_2.png,https://media.prts.wiki/8/81/%E7%AB%8B%E7%BB%98_%E9%93%B8%E9%93%81_2.png,米诺斯,方舟干员,5,R126,近卫,术战者,米诺斯,米诺斯,2020-04-21,,
铸铁,Sideroca,女性,skin1,立绘_铸铁_skin1.png,https://media.prts.wiki/4/47/%E7%AB%8B%E7%BB%98_%E9%93%B8%E9%93%81_skin1.png,米诺斯,方舟干员,5,R126,近卫,术战者,米诺斯,米诺斯,2020-04-21,珊瑚海岸,轻风 LB03
锏,Degenbrecher,女性,1,立绘_锏_1.png,https://media.prts.wiki/5/58/%E7%AB%8B%E7%BB%98_%E9%94%8F_1.png,喀兰贸易,方舟干员,6,JC07,近卫,剑豪,喀兰贸易,莱塔尼亚,2023-12-05,,
锏,Degenbrecher,女性,2,立绘_锏_2.png,https://media.prts.wiki/9/95/%E7%AB%8B%E7%BB%98_%E9%94%8F_2.png,喀兰贸易,方舟干员,6,JC07,近卫,剑豪,喀兰贸易,莱塔尼亚,2023-12-05,,
锏,Degenbrecher,女性,skin1,立绘_锏_skin1.png,https://media.prts.wiki/3/3d/%E7%AB%8B%E7%BB%98_%E9%94%8F_skin1.png,喀兰贸易,方舟干员,6,JC07,近卫,剑豪,喀兰贸易,莱塔尼亚,2023-12-05,巫异盛宴,暗月的影子
锡人,Tin Man,男性,1,立绘_锡人_1.png,https://media.prts.wiki/a/a7/%E7%AB%8B%E7%BB%98_%E9%94%A1%E4%BA%BA_1.png,哥伦比亚,方舟干员,5,CB30,特种,炼金师,哥伦比亚,未公开,2024-07-16,,
锡人,Tin Man,男性,2,立绘_锡人_2.png,https://media.prts.wiki/f/fd/%E7%AB%8B%E7%BB%98_%E9%94%A1%E4%BA%BA_2.png,哥伦比亚,方舟干员,5,CB30,特种,炼金师,哥伦比亚,未公开,2024-07-16,,
锡人,Tin Man,男性,skin1,立绘_锡人_skin1.png,https://media.prts.wiki/c/c6/%E7%AB%8B%E7%BB%98_%E9%94%A1%E4%BA%BA_skin1.png,哥伦比亚,方舟干员,5,CB30,特种,炼金师,哥伦比亚,未公开,2024-07-16,忒斯特收藏,相位面容
锡兰,Ceylon,女性,1,立绘_锡兰_1.png,https://media.prts.wiki/c/c2/%E7%AB%8B%E7%BB%98_%E9%94%A1%E5%85%B0_1.png,汐斯塔,方舟干员,5,SS01,医疗,疗养师,汐斯塔,汐斯塔（独立城邦）,2019-08-27,,
锡兰,Ceylon,女性,2,立绘_锡兰_2.png,https://media.prts.wiki/c/c6/%E7%AB%8B%E7%BB%98_%E9%94%A1%E5%85%B0_2.png,汐斯塔,方舟干员,5,SS01,医疗,疗养师,汐斯塔,汐斯塔（独立城邦）,2019-08-27,,
锡兰,Ceylon,女性,skin1,立绘_锡兰_skin1.png,https://media.prts.wiki/9/93/%E7%AB%8B%E7%BB%98_%E9%94%A1%E5%85%B0_skin1.png,汐斯塔,方舟干员,5,SS01,医疗,疗养师,汐斯塔,汐斯塔（独立城邦）,2019-08-27,珊瑚海岸,悠然假日 HD49
闪击,Blitz,男性,1,立绘_闪击_1.png,https://media.prts.wiki/d/df/%E7%AB%8B%E7%BB%98_%E9%97%AA%E5%87%BB_1.png,彩虹小队,方舟干员,5,RS02,重装,哨戒铁卫,彩虹小队,未知,2021-03-09,,
闪击,Blitz,男性,2,立绘_闪击_2.png,https://media.prts.wiki/9/96/%E7%AB%8B%E7%BB%98_%E9%97%AA%E5%87%BB_2.png,彩虹小队,方舟干员,5,RS02,重装,哨戒铁卫,彩虹小队,未知,2021-03-09,,
闪灵,Shining,女性,1,立绘_闪灵_1.png,https://media.prts.wiki/e/e9/%E7%AB%8B%E7%BB%98_%E9%97%AA%E7%81%B5_1.png,使徒,方舟干员,6,FO01,医疗,医师,使徒,卡兹戴尔,2019-04-30,,
闪灵,Shining,女性,2,立绘_闪灵_2.png,https://media.prts.wiki/c/c7/%E7%AB%8B%E7%BB%98_%E9%97%AA%E7%81%B5_2.png,使徒,方舟干员,6,FO01,医疗,医师,使徒,卡兹戴尔,2019-04-30,,
闪灵,Shining,女性,skin1,立绘_闪灵_skin1.png,https://media.prts.wiki/5/50/%E7%AB%8B%E7%BB%98_%E9%97%AA%E7%81%B5_skin1.png,使徒,方舟干员,6,FO01,医疗,医师,使徒,卡兹戴尔,2019-04-30,珊瑚海岸,静谧午夜 DN02
阿,Aak,男性,1,立绘_阿_1.png,https://media.prts.wiki/6/67/%E7%AB%8B%E7%BB%98_%E9%98%BF_1.png,鲤氏侦探事务所,方舟干员,6,LM20,特种,怪杰,鲤氏侦探事务所,龙门,2020-01-16,,
阿,Aak,男性,2,立绘_阿_2.png,https://media.prts.wiki/a/ac/%E7%AB%8B%E7%BB%98_%E9%98%BF_2.png,鲤氏侦探事务所,方舟干员,6,LM20,特种,怪杰,鲤氏侦探事务所,龙门,2020-01-16,,
阿,Aak,男性,skin1,立绘_阿_skin1.png,https://media.prts.wiki/7/76/%E7%AB%8B%E7%BB%98_%E9%98%BF_skin1.png,鲤氏侦探事务所,方舟干员,6,LM20,特种,怪杰,鲤氏侦探事务所,龙门,2020-01-16,0011™制造,百面郎中
阿,Aak,男性,skin2,立绘_阿_skin2.png,https://media.prts.wiki/a/a7/%E7%AB%8B%E7%BB%98_%E9%98%BF_skin2.png,鲤氏侦探事务所,方舟干员,6,LM20,特种,怪杰,鲤氏侦探事务所,龙门,2020-01-16,0011™制造,妙手玄心
阿兰娜,Alanna,女性,1,立绘_阿兰娜_1.png,https://media.prts.wiki/0/06/%E7%AB%8B%E7%BB%98_%E9%98%BF%E5%85%B0%E5%A8%9C_1.png,雷姆必拓,方舟干员,5,RB17,辅助,工匠,雷姆必拓,雷姆必拓,2025-04-07,,
阿兰娜,Alanna,女性,2,立绘_阿兰娜_2.png,https://media.prts.wiki/9/9f/%E7%AB%8B%E7%BB%98_%E9%98%BF%E5%85%B0%E5%A8%9C_2.png,雷姆必拓,方舟干员,5,RB17,辅助,工匠,雷姆必拓,雷姆必拓,2025-04-07,,
阿斯卡纶,Ascalon,女性,1,立绘_阿斯卡纶_1.png,https://media.prts.wiki/c/cc/%E7%AB%8B%E7%BB%98_%E9%98%BF%E6%96%AF%E5%8D%A1%E7%BA%B6_1.png,S.W.E.E.P.,方舟干员,6,SW00,特种,伏击客,S.W.E.E.P.,卡兹戴尔,2024-04-11,,
阿斯卡纶,Ascalon,女性,2,立绘_阿斯卡纶_2.png,https://media.prts.wiki/f/f9/%E7%AB%8B%E7%BB%98_%E9%98%BF%E6%96%AF%E5%8D%A1%E7%BA%B6_2.png,S.W.E.E.P.,方舟干员,6,SW00,特种,伏击客,S.W.E.E.P.,卡兹戴尔,2024-04-11,,
阿斯卡纶,Ascalon,女性,skin1,立绘_阿斯卡纶_skin1.png,https://media.prts.wiki/0/0b/%E7%AB%8B%E7%BB%98_%E9%98%BF%E6%96%AF%E5%8D%A1%E7%BA%B6_skin1.png,S.W.E.E.P.,方舟干员,6,SW00,特种,伏击客,S.W.E.E.P.,卡兹戴尔,2024-04-11,命途迭代,趋光之暗
阿消,Shaw,女性,1,立绘_阿消_1.png,https://media.prts.wiki/c/c6/%E7%AB%8B%E7%BB%98_%E9%98%BF%E6%B6%88_1.png,炎-龙门,方舟干员,4,LM11,特种,推击手,炎-龙门,龙门,2019-04-30,,
阿消,Shaw,女性,2,立绘_阿消_2.png,https://media.prts.wiki/e/e1/%E7%AB%8B%E7%BB%98_%E9%98%BF%E6%B6%88_2.png,炎-龙门,方舟干员,4,LM11,特种,推击手,炎-龙门,龙门,2019-04-30,,
阿消,Shaw,女性,skin1,立绘_阿消_skin1.png,https://media.prts.wiki/5/52/%E7%AB%8B%E7%BB%98_%E9%98%BF%E6%B6%88_skin1.png,炎-龙门,方舟干员,4,LM11,特种,推击手,炎-龙门,龙门,2019-04-30,缠梦古堡,古堡清洁专家
阿米娅,Amiya,女性,1,立绘_阿米娅_1.png,https://media.prts.wiki/d/dd/%E7%AB%8B%E7%BB%98_%E9%98%BF%E7%B1%B3%E5%A8%85_1.png,罗德岛,方舟干员,5,R001,术师,中坚术师,罗德岛,雷姆必拓,2019-04-30,,
阿米娅,Amiya,女性,1+,立绘_阿米娅_1+.png,https://media.prts.wiki/3/34/%E7%AB%8B%E7%BB%98_%E9%98%BF%E7%B1%B3%E5%A8%85_1%2B.png,罗德岛,方舟干员,5,R001,术师,中坚术师,罗德岛,雷姆必拓,2019-04-30,,
阿米娅,Amiya,女性,2,立绘_阿米娅_2.png,https://media.prts.wiki/3/3f/%E7%AB%8B%E7%BB%98_%E9%98%BF%E7%B1%B3%E5%A8%85_2.png,罗德岛,方舟干员,5,R001,术师,中坚术师,罗德岛,雷姆必拓,2019-04-30,,
阿米娅,Amiya,女性,skin1,立绘_阿米娅_skin1.png,https://media.prts.wiki/0/0c/%E7%AB%8B%E7%BB%98_%E9%98%BF%E7%B1%B3%E5%A8%85_skin1.png,罗德岛,方舟干员,5,R001,术师,中坚术师,罗德岛,雷姆必拓,2019-04-30,忒斯特收藏,报童
阿米娅,Amiya,女性,skin2,立绘_阿米娅_skin2.png,https://media.prts.wiki/3/3f/%E7%AB%8B%E7%BB%98_%E9%98%BF%E7%B1%B3%E5%A8%85_skin2.png,罗德岛,方舟干员,5,R001,术师,中坚术师,罗德岛,雷姆必拓,2019-04-30,忒斯特收藏,见习联结者
阿米娅,Amiya,女性,skin3,立绘_阿米娅_skin3.png,https://media.prts.wiki/1/1d/%E7%AB%8B%E7%BB%98_%E9%98%BF%E7%B1%B3%E5%A8%85_skin3.png,罗德岛,方舟干员,5,R001,术师,中坚术师,罗德岛,雷姆必拓,2019-04-30,忒斯特收藏,播种者
阿米娅(医疗),Amiya,女性,2,立绘_阿米娅(医疗)_2.png,https://media.prts.wiki/e/e1/%E7%AB%8B%E7%BB%98_%E9%98%BF%E7%B1%B3%E5%A8%85%28%E5%8C%BB%E7%96%97%29_2.png,罗德岛,方舟干员,5,R001,医疗,咒愈师,罗德岛,雷姆必拓,2024-05-01,,
阿米娅(医疗),Amiya,女性,skin1,立绘_阿米娅(医疗)_skin1.png,https://media.prts.wiki/e/eb/%E7%AB%8B%E7%BB%98_%E9%98%BF%E7%B1%B3%E5%A8%85%28%E5%8C%BB%E7%96%97%29_skin1.png,罗德岛,方舟干员,5,R001,医疗,咒愈师,罗德岛,雷姆必拓,2024-05-01,忒斯特收藏,寰宇独奏
阿米娅(近卫),Amiya,女性,2,立绘_阿米娅(近卫)_2.png,https://media.prts.wiki/9/95/%E7%AB%8B%E7%BB%98_%E9%98%BF%E7%B1%B3%E5%A8%85%28%E8%BF%91%E5%8D%AB%29_2.png,罗德岛,方舟干员,5,R001,近卫,术战者,罗德岛,雷姆必拓,2020-11-01,,
阿米娅(近卫),Amiya,女性,skin1,立绘_阿米娅(近卫)_skin1.png,https://media.prts.wiki/2/2e/%E7%AB%8B%E7%BB%98_%E9%98%BF%E7%B1%B3%E5%A8%85%28%E8%BF%91%E5%8D%AB%29_skin1.png,罗德岛,方舟干员,5,R001,近卫,术战者,罗德岛,雷姆必拓,2020-11-01,合作款,触及星辰
阿米娅(近卫),Amiya,女性,skin2,立绘_阿米娅(近卫)_skin2.png,https://media.prts.wiki/d/d8/%E7%AB%8B%E7%BB%98_%E9%98%BF%E7%B1%B3%E5%A8%85%28%E8%BF%91%E5%8D%AB%29_skin2.png,罗德岛,方舟干员,5,R001,近卫,术战者,罗德岛,雷姆必拓,2020-11-01,忒斯特收藏,于万千宇宙之中
阿罗玛,Aroma,女性,1,立绘_阿罗玛_1.png,https://media.prts.wiki/4/47/%E7%AB%8B%E7%BB%98_%E9%98%BF%E7%BD%97%E7%8E%9B_1.png,叙拉古,方舟干员,5,SR39,术师,轰击术师,叙拉古,叙拉古,2024-04-11,,
阿罗玛,Aroma,女性,2,立绘_阿罗玛_2.png,https://media.prts.wiki/d/d8/%E7%AB%8B%E7%BB%98_%E9%98%BF%E7%BD%97%E7%8E%9B_2.png,叙拉古,方舟干员,5,SR39,术师,轰击术师,叙拉古,叙拉古,2024-04-11,,
陈,Ch'en,女性,1,立绘_陈_1.png,https://media.prts.wiki/b/bc/%E7%AB%8B%E7%BB%98_%E9%99%88_1.png,龙门近卫局,方舟干员,6,LM04,近卫,剑豪,龙门近卫局,龙门,2019-07-09,,
陈,Ch'en,女性,2,立绘_陈_2.png,https://media.prts.wiki/d/d0/%E7%AB%8B%E7%BB%98_%E9%99%88_2.png,龙门近卫局,方舟干员,6,LM04,近卫,剑豪,龙门近卫局,龙门,2019-07-09,,
陈,Ch'en,女性,skin1,立绘_陈_skin1.png,https://media.prts.wiki/5/53/%E7%AB%8B%E7%BB%98_%E9%99%88_skin1.png,龙门近卫局,方舟干员,6,LM04,近卫,剑豪,龙门近卫局,龙门,2019-07-09,0011™制造,岁红霞
陈,Ch'en,女性,skin2,立绘_陈_skin2.png,https://media.prts.wiki/c/c5/%E7%AB%8B%E7%BB%98_%E9%99%88_skin2.png,龙门近卫局,方舟干员,6,LM04,近卫,剑豪,龙门近卫局,龙门,2019-07-09,忒斯特收藏,初晴
陨星,Meteorite,女性,1,立绘_陨星_1.png,https://media.prts.wiki/f/f8/%E7%AB%8B%E7%BB%98_%E9%99%A8%E6%98%9F_1.png,罗德岛,方舟干员,5,ST03,狙击,炮手,罗德岛,卡兹戴尔,2019-04-30,,
陨星,Meteorite,女性,2,立绘_陨星_2.png,https://media.prts.wiki/9/9b/%E7%AB%8B%E7%BB%98_%E9%99%A8%E6%98%9F_2.png,罗德岛,方舟干员,5,ST03,狙击,炮手,罗德岛,卡兹戴尔,2019-04-30,,
陨星,Meteorite,女性,skin1,立绘_陨星_skin1.png,https://media.prts.wiki/a/ad/%E7%AB%8B%E7%BB%98_%E9%99%A8%E6%98%9F_skin1.png,罗德岛,方舟干员,5,ST03,狙击,炮手,罗德岛,卡兹戴尔,2019-04-30,雷神开拓者,石墨
隐德来希,Entelechia,女性,1,立绘_隐德来希_1.png,https://media.prts.wiki/2/2d/%E7%AB%8B%E7%BB%98_%E9%9A%90%E5%BE%B7%E6%9D%A5%E5%B8%8C_1.png,罗德岛,方舟干员,6,R169,近卫,收割者,罗德岛,卡兹戴尔,2025-02-14,,
隐德来希,Entelechia,女性,2,立绘_隐德来希_2.png,https://media.prts.wiki/6/61/%E7%AB%8B%E7%BB%98_%E9%9A%90%E5%BE%B7%E6%9D%A5%E5%B8%8C_2.png,罗德岛,方舟干员,6,R169,近卫,收割者,罗德岛,卡兹戴尔,2025-02-14,,
隐德来希,Entelechia,女性,skin1,立绘_隐德来希_skin1.png,https://media.prts.wiki/9/9d/%E7%AB%8B%E7%BB%98_%E9%9A%90%E5%BE%B7%E6%9D%A5%E5%B8%8C_skin1.png,罗德岛,方舟干员,6,R169,近卫,收割者,罗德岛,卡兹戴尔,2025-02-14,寒武纪™系列,耀目之蓝
隐现,Insider,男性,1,立绘_隐现_1.png,https://media.prts.wiki/b/bf/%E7%AB%8B%E7%BB%98_%E9%9A%90%E7%8E%B0_1.png,拉特兰,方舟干员,5,LT13,狙击,速射手,拉特兰,拉特兰,2023-06-08,,
隐现,Insider,男性,2,立绘_隐现_2.png,https://media.prts.wiki/d/d6/%E7%AB%8B%E7%BB%98_%E9%9A%90%E7%8E%B0_2.png,拉特兰,方舟干员,5,LT13,狙击,速射手,拉特兰,拉特兰,2023-06-08,,
隐现,Insider,男性,skin1,立绘_隐现_skin1.png,https://media.prts.wiki/c/c8/%E7%AB%8B%E7%BB%98_%E9%9A%90%E7%8E%B0_skin1.png,拉特兰,方舟干员,5,LT13,狙击,速射手,拉特兰,拉特兰,2023-06-08,罗德厨房,甜品大奖
雪猎,Snow Hunter,女性,1,立绘_雪猎_1.png,https://media.prts.wiki/2/27/%E7%AB%8B%E7%BB%98_%E9%9B%AA%E7%8C%8E_1.png,谢拉格,方舟干员,5,KJ07,狙击,猎手,谢拉格,谢拉格,2025-11-01,,
雪猎,Snow Hunter,女性,2,立绘_雪猎_2.png,https://media.prts.wiki/7/74/%E7%AB%8B%E7%BB%98_%E9%9B%AA%E7%8C%8E_2.png,谢拉格,方舟干员,5,KJ07,狙击,猎手,谢拉格,谢拉格,2025-11-01,,
雪绒,Qanipalaat,男性,1,立绘_雪绒_1.png,https://media.prts.wiki/a/ab/%E7%AB%8B%E7%BB%98_%E9%9B%AA%E7%BB%92_1.png,萨米,方舟干员,5,SI03,术师,中坚术师,萨米,萨米,2022-11-01,,
雪绒,Qanipalaat,男性,2,立绘_雪绒_2.png,https://media.prts.wiki/9/92/%E7%AB%8B%E7%BB%98_%E9%9B%AA%E7%BB%92_2.png,萨米,方舟干员,5,SI03,术师,中坚术师,萨米,萨米,2022-11-01,,
雪绒,Qanipalaat,男性,skin1,立绘_雪绒_skin1.png,https://media.prts.wiki/5/50/%E7%AB%8B%E7%BB%98_%E9%9B%AA%E7%BB%92_skin1.png,萨米,方舟干员,5,SI03,术师,中坚术师,萨米,萨米,2022-11-01,冰原信使,回礼
雪雉,Snowsant,女性,1,立绘_雪雉_1.png,https://media.prts.wiki/8/89/%E7%AB%8B%E7%BB%98_%E9%9B%AA%E9%9B%89_1.png,炎-龙门,方舟干员,5,LM16,特种,钩索师,炎-龙门,龙门,2020-01-09,,
雪雉,Snowsant,女性,2,立绘_雪雉_2.png,https://media.prts.wiki/2/24/%E7%AB%8B%E7%BB%98_%E9%9B%AA%E9%9B%89_2.png,炎-龙门,方舟干员,5,LM16,特种,钩索师,炎-龙门,龙门,2020-01-09,,
雪雉,Snowsant,女性,skin1,立绘_雪雉_skin1.png,https://media.prts.wiki/e/e0/%E7%AB%8B%E7%BB%98_%E9%9B%AA%E9%9B%89_skin1.png,炎-龙门,方舟干员,5,LM16,特种,钩索师,炎-龙门,龙门,2020-01-09,巫异盛宴,天命勇者
雷蛇,Liskarm,女性,1,立绘_雷蛇_1.png,https://media.prts.wiki/3/39/%E7%AB%8B%E7%BB%98_%E9%9B%B7%E8%9B%87_1.png,黑钢国际,方舟干员,5,BS02,重装,哨戒铁卫,黑钢国际,瓦伊凡,2019-04-30,,
雷蛇,Liskarm,女性,2,立绘_雷蛇_2.png,https://media.prts.wiki/b/b5/%E7%AB%8B%E7%BB%98_%E9%9B%B7%E8%9B%87_2.png,黑钢国际,方舟干员,5,BS02,重装,哨戒铁卫,黑钢国际,瓦伊凡,2019-04-30,,
雷蛇,Liskarm,女性,skin1,立绘_雷蛇_skin1.png,https://media.prts.wiki/3/3d/%E7%AB%8B%E7%BB%98_%E9%9B%B7%E8%9B%87_skin1.png,黑钢国际,方舟干员,5,BS02,重装,哨戒铁卫,黑钢国际,瓦伊凡,2019-04-30,0011™制造,春竜
雷蛇,Liskarm,女性,skin2,立绘_雷蛇_skin2.png,https://media.prts.wiki/2/2c/%E7%AB%8B%E7%BB%98_%E9%9B%B7%E8%9B%87_skin2.png,黑钢国际,方舟干员,5,BS02,重装,哨戒铁卫,黑钢国际,瓦伊凡,2019-04-30,雷神推进者,超载
霍尔海雅,Ho'olheyak,女性,1,立绘_霍尔海雅_1.png,https://media.prts.wiki/4/4f/%E7%AB%8B%E7%BB%98_%E9%9C%8D%E5%B0%94%E6%B5%B7%E9%9B%85_1.png,哥伦比亚,方舟干员,6,CB88,术师,中坚术师,哥伦比亚,哥伦比亚,2023-05-01,,
霍尔海雅,Ho'olheyak,女性,2,立绘_霍尔海雅_2.png,https://media.prts.wiki/2/27/%E7%AB%8B%E7%BB%98_%E9%9C%8D%E5%B0%94%E6%B5%B7%E9%9B%85_2.png,哥伦比亚,方舟干员,6,CB88,术师,中坚术师,哥伦比亚,哥伦比亚,2023-05-01,,
霍尔海雅,Ho'olheyak,女性,skin1,立绘_霍尔海雅_skin1.png,https://media.prts.wiki/5/5c/%E7%AB%8B%E7%BB%98_%E9%9C%8D%E5%B0%94%E6%B5%B7%E9%9B%85_skin1.png,哥伦比亚,方舟干员,6,CB88,术师,中坚术师,哥伦比亚,哥伦比亚,2023-05-01,音律联觉,历世流风
霍尔海雅,Ho'olheyak,女性,skin2,立绘_霍尔海雅_skin2.png,https://media.prts.wiki/5/52/%E7%AB%8B%E7%BB%98_%E9%9C%8D%E5%B0%94%E6%B5%B7%E9%9B%85_skin2.png,哥伦比亚,方舟干员,6,CB88,术师,中坚术师,哥伦比亚,哥伦比亚,2023-05-01,时代,恒久祭礼
霜华,Frost,女性,1,立绘_霜华_1.png,https://media.prts.wiki/8/82/%E7%AB%8B%E7%BB%98_%E9%9C%9C%E5%8D%8E_1.png,彩虹小队,方舟干员,5,RS03,特种,陷阱师,彩虹小队,未知,2021-03-09,,
霜华,Frost,女性,2,立绘_霜华_2.png,https://media.prts.wiki/d/d8/%E7%AB%8B%E7%BB%98_%E9%9C%9C%E5%8D%8E_2.png,彩虹小队,方舟干员,5,RS03,特种,陷阱师,彩虹小队,未知,2021-03-09,,
霜叶,Frostleaf,女性,1,立绘_霜叶_1.png,https://media.prts.wiki/5/50/%E7%AB%8B%E7%BB%98_%E9%9C%9C%E5%8F%B6_1.png,罗德岛,方舟干员,4,R123,近卫,领主,罗德岛,哥伦比亚,2019-04-30,,
霜叶,Frostleaf,女性,2,立绘_霜叶_2.png,https://media.prts.wiki/7/7a/%E7%AB%8B%E7%BB%98_%E9%9C%9C%E5%8F%B6_2.png,罗德岛,方舟干员,4,R123,近卫,领主,罗德岛,哥伦比亚,2019-04-30,,
霜叶,Frostleaf,女性,skin1,立绘_霜叶_skin1.png,https://media.prts.wiki/8/8c/%E7%AB%8B%E7%BB%98_%E9%9C%9C%E5%8F%B6_skin1.png,罗德岛,方舟干员,4,R123,近卫,领主,罗德岛,哥伦比亚,2019-04-30,斗争血脉,破冰
露托,Lutonada,女性,1,立绘_露托_1.png,https://media.prts.wiki/e/ec/%E7%AB%8B%E7%BB%98_%E9%9C%B2%E6%89%98_1.png,玻利瓦尔,方舟干员,4,BV33,重装,不屈者,玻利瓦尔,玻利瓦尔,2024-04-11,,
露托,Lutonada,女性,2,立绘_露托_2.png,https://media.prts.wiki/d/d8/%E7%AB%8B%E7%BB%98_%E9%9C%B2%E6%89%98_2.png,玻利瓦尔,方舟干员,4,BV33,重装,不屈者,玻利瓦尔,玻利瓦尔,2024-04-11,,
露托,Lutonada,女性,skin1,立绘_露托_skin1.png,https://media.prts.wiki/d/d9/%E7%AB%8B%E7%BB%98_%E9%9C%B2%E6%89%98_skin1.png,玻利瓦尔,方舟干员,4,BV33,重装,不屈者,玻利瓦尔,玻利瓦尔,2024-04-11,0011-韵系列,寄遥思
青枳,Poncirus,女性,1,立绘_青枳_1.png,https://media.prts.wiki/f/f7/%E7%AB%8B%E7%BB%98_%E9%9D%92%E6%9E%B3_1.png,汐斯塔,方舟干员,5,SS04,先锋,尖兵,汐斯塔,汐斯塔,2023-08-01,,
青枳,Poncirus,女性,2,立绘_青枳_2.png,https://media.prts.wiki/1/1a/%E7%AB%8B%E7%BB%98_%E9%9D%92%E6%9E%B3_2.png,汐斯塔,方舟干员,5,SS04,先锋,尖兵,汐斯塔,汐斯塔,2023-08-01,,
青枳,Poncirus,女性,skin1,立绘_青枳_skin1.png,https://media.prts.wiki/d/d3/%E7%AB%8B%E7%BB%98_%E9%9D%92%E6%9E%B3_skin1.png,汐斯塔,方舟干员,5,SS04,先锋,尖兵,汐斯塔,汐斯塔,2023-08-01,时代,晚风休憩
鞭刃,Whislash,女性,1,立绘_鞭刃_1.png,https://media.prts.wiki/7/7a/%E7%AB%8B%E7%BB%98_%E9%9E%AD%E5%88%83_1.png,卡西米尔,方舟干员,5,KZ07,近卫,教官,卡西米尔,卡西米尔,2020-10-15,,
鞭刃,Whislash,女性,2,立绘_鞭刃_2.png,https://media.prts.wiki/4/4a/%E7%AB%8B%E7%BB%98_%E9%9E%AD%E5%88%83_2.png,卡西米尔,方舟干员,5,KZ07,近卫,教官,卡西米尔,卡西米尔,2020-10-15,,
鞭刃,Whislash,女性,skin1,立绘_鞭刃_skin1.png,https://media.prts.wiki/5/51/%E7%AB%8B%E7%BB%98_%E9%9E%AD%E5%88%83_skin1.png,卡西米尔,方舟干员,5,KZ07,近卫,教官,卡西米尔,卡西米尔,2020-10-15,时代,荣耀之紫
风丸,Kazemaru,女性,1,立绘_风丸_1.png,https://media.prts.wiki/8/88/%E7%AB%8B%E7%BB%98_%E9%A3%8E%E4%B8%B8_1.png,东,方舟干员,5,HK09,特种,傀儡师,东,东国,2022-03-15,,
风丸,Kazemaru,女性,2,立绘_风丸_2.png,https://media.prts.wiki/b/b8/%E7%AB%8B%E7%BB%98_%E9%A3%8E%E4%B8%B8_2.png,东,方舟干员,5,HK09,特种,傀儡师,东,东国,2022-03-15,,
风丸,Kazemaru,女性,skin1,立绘_风丸_skin1.png,https://media.prts.wiki/f/fd/%E7%AB%8B%E7%BB%98_%E9%A3%8E%E4%B8%B8_skin1.png,东,方舟干员,5,HK09,特种,傀儡师,东,东国,2022-03-15,巫异盛宴,幻影轻悄
风笛,Bagpipe,女性,1,立绘_风笛_1.png,https://media.prts.wiki/5/5e/%E7%AB%8B%E7%BB%98_%E9%A3%8E%E7%AC%9B_1.png,维多利亚,方舟干员,6,RV02,先锋,冲锋手,维多利亚,维多利亚,2020-03-17,,
风笛,Bagpipe,女性,2,立绘_风笛_2.png,https://media.prts.wiki/9/9d/%E7%AB%8B%E7%BB%98_%E9%A3%8E%E7%AC%9B_2.png,维多利亚,方舟干员,6,RV02,先锋,冲锋手,维多利亚,维多利亚,2020-03-17,,
风笛,Bagpipe,女性,skin1,立绘_风笛_skin1.png,https://media.prts.wiki/d/d8/%E7%AB%8B%E7%BB%98_%E9%A3%8E%E7%AC%9B_skin1.png,维多利亚,方舟干员,6,RV02,先锋,冲锋手,维多利亚,维多利亚,2020-03-17,啸风,皇后一号
风笛,Bagpipe,女性,skin2,立绘_风笛_skin2.png,https://media.prts.wiki/7/73/%E7%AB%8B%E7%BB%98_%E9%A3%8E%E7%AC%9B_skin2.png,维多利亚,方舟干员,6,RV02,先锋,冲锋手,维多利亚,维多利亚,2020-03-17,时代,皇家近卫
风笛,Bagpipe,女性,skin3,立绘_风笛_skin3.png,https://media.prts.wiki/7/7d/%E7%AB%8B%E7%BB%98_%E9%A3%8E%E7%AC%9B_skin3.png,维多利亚,方舟干员,6,RV02,先锋,冲锋手,维多利亚,维多利亚,2020-03-17,时代,风笛声声
风絮,Taraxacum,男性,1,立绘_风絮_1.png,https://media.prts.wiki/d/d4/%E7%AB%8B%E7%BB%98_%E9%A3%8E%E7%B5%AE_1.png,炎,方舟干员,5,YD29,医疗,守望者,炎,萨尔贡,2026-02-10,,
风絮,Taraxacum,男性,2,立绘_风絮_2.png,https://media.prts.wiki/0/0b/%E7%AB%8B%E7%BB%98_%E9%A3%8E%E7%B5%AE_2.png,炎,方舟干员,5,YD29,医疗,守望者,炎,萨尔贡,2026-02-10,,
食铁兽,FEater,女性,1,立绘_食铁兽_1.png,https://media.prts.wiki/e/ef/%E7%AB%8B%E7%BB%98_%E9%A3%9F%E9%93%81%E5%85%BD_1.png,炎-龙门,方舟干员,5,YD01,特种,推击手,炎-龙门,炎,2019-04-30,,
食铁兽,FEater,女性,2,立绘_食铁兽_2.png,https://media.prts.wiki/8/81/%E7%AB%8B%E7%BB%98_%E9%A3%9F%E9%93%81%E5%85%BD_2.png,炎-龙门,方舟干员,5,YD01,特种,推击手,炎-龙门,炎,2019-04-30,,
食铁兽,FEater,女性,skin1,立绘_食铁兽_skin1.png,https://media.prts.wiki/2/20/%E7%AB%8B%E7%BB%98_%E9%A3%9F%E9%93%81%E5%85%BD_skin1.png,炎-龙门,方舟干员,5,YD01,特种,推击手,炎-龙门,炎,2019-04-30,玛尔特,片场一角
食铁兽,FEater,女性,skin2,立绘_食铁兽_skin2.png,https://media.prts.wiki/f/fa/%E7%AB%8B%E7%BB%98_%E9%A3%9F%E9%93%81%E5%85%BD_skin2.png,炎-龙门,方舟干员,5,YD01,特种,推击手,炎-龙门,炎,2019-04-30,0011™制造,且试箸
香草,Vanilla,女性,1,立绘_香草_1.png,https://media.prts.wiki/a/a0/%E7%AB%8B%E7%BB%98_%E9%A6%99%E8%8D%89_1.png,黑钢国际,方舟干员,3,BS04,先锋,尖兵,黑钢国际,瓦伊凡,2019-04-30,,
香草,Vanilla,女性,skin1,立绘_香草_skin1.png,https://media.prts.wiki/0/0c/%E7%AB%8B%E7%BB%98_%E9%A6%99%E8%8D%89_skin1.png,黑钢国际,方舟干员,3,BS04,先锋,尖兵,黑钢国际,瓦伊凡,2019-04-30,成就之星,平原驯虫士
骋风,Windscoot,男性,1,立绘_骋风_1.png,https://media.prts.wiki/2/23/%E7%AB%8B%E7%BB%98_%E9%AA%8B%E9%A3%8E_1.png,炎,方舟干员,4,YD22,近卫,解放者,炎,炎,2025-04-07,,
骋风,Windscoot,男性,2,立绘_骋风_2.png,https://media.prts.wiki/4/48/%E7%AB%8B%E7%BB%98_%E9%AA%8B%E9%A3%8E_2.png,炎,方舟干员,4,YD22,近卫,解放者,炎,炎,2025-04-07,,
骋风,Windscoot,男性,skin1,立绘_骋风_skin1.png,https://media.prts.wiki/8/8e/%E7%AB%8B%E7%BB%98_%E9%AA%8B%E9%A3%8E_skin1.png,炎,方舟干员,4,YD22,近卫,解放者,炎,炎,2025-04-07,时代,异乡的云
魔王,Civilight Eterna,女性,1,立绘_魔王_1.png,https://media.prts.wiki/a/a8/%E7%AB%8B%E7%BB%98_%E9%AD%94%E7%8E%8B_1.png,罗德岛,方舟干员,6,DWDB,辅助,吟游者,罗德岛,卡兹戴尔,2024-05-01,,
魔王,Civilight Eterna,女性,2,立绘_魔王_2.png,https://media.prts.wiki/6/60/%E7%AB%8B%E7%BB%98_%E9%AD%94%E7%8E%8B_2.png,罗德岛,方舟干员,6,DWDB,辅助,吟游者,罗德岛,卡兹戴尔,2024-05-01,,
魔王,Civilight Eterna,女性,skin1,立绘_魔王_skin1.png,https://media.prts.wiki/8/82/%E7%AB%8B%E7%BB%98_%E9%AD%94%E7%8E%8B_skin1.png,罗德岛,方舟干员,6,DWDB,辅助,吟游者,罗德岛,卡兹戴尔,2024-05-01,时代,追悼
鸿雪,Позёмка,女性,1,立绘_鸿雪_1.png,https://media.prts.wiki/5/54/%E7%AB%8B%E7%BB%98_%E9%B8%BF%E9%9B%AA_1.png,罗德岛,方舟干员,6,R145,狙击,重射手,罗德岛,乌萨斯,2022-08-11,,
鸿雪,Позёмка,女性,2,立绘_鸿雪_2.png,https://media.prts.wiki/0/0f/%E7%AB%8B%E7%BB%98_%E9%B8%BF%E9%9B%AA_2.png,罗德岛,方舟干员,6,R145,狙击,重射手,罗德岛,乌萨斯,2022-08-11,,
鸿雪,Позёмка,女性,skin1,立绘_鸿雪_skin1.png,https://media.prts.wiki/9/9d/%E7%AB%8B%E7%BB%98_%E9%B8%BF%E9%9B%AA_skin1.png,罗德岛,方舟干员,6,R145,狙击,重射手,罗德岛,乌萨斯,2022-08-11,生命之地,字句中的雪原
鸿雪,Позёмка,女性,skin2,立绘_鸿雪_skin2.png,https://media.prts.wiki/2/26/%E7%AB%8B%E7%BB%98_%E9%B8%BF%E9%9B%AA_skin2.png,罗德岛,方舟干员,6,R145,狙击,重射手,罗德岛,乌萨斯,2022-08-11,0011-韵系列,行梦侧畔
麒麟R夜刀,Kirin R Yato,女性,1,立绘_麒麟R夜刀_1.png,https://media.prts.wiki/f/f4/%E7%AB%8B%E7%BB%98_%E9%BA%92%E9%BA%9FR%E5%A4%9C%E5%88%80_1.png,行动组A4,方舟干员,6,MH02,特种,处决者,行动组A4,东国,2023-03-07,,
麒麟R夜刀,Kirin R Yato,女性,2,立绘_麒麟R夜刀_2.png,https://media.prts.wiki/9/9a/%E7%AB%8B%E7%BB%98_%E9%BA%92%E9%BA%9FR%E5%A4%9C%E5%88%80_2.png,行动组A4,方舟干员,6,MH02,特种,处决者,行动组A4,东国,2023-03-07,,
麦哲伦,Magallan,女性,1,立绘_麦哲伦_1.png,https://media.prts.wiki/9/93/%E7%AB%8B%E7%BB%98_%E9%BA%A6%E5%93%B2%E4%BC%A6_1.png,莱茵生命,方舟干员,6,RL06,辅助,召唤师,莱茵生命,哥伦比亚,2019-10-15,,
麦哲伦,Magallan,女性,2,立绘_麦哲伦_2.png,https://media.prts.wiki/c/cf/%E7%AB%8B%E7%BB%98_%E9%BA%A6%E5%93%B2%E4%BC%A6_2.png,莱茵生命,方舟干员,6,RL06,辅助,召唤师,莱茵生命,哥伦比亚,2019-10-15,,
黍,Shu,女性,skin1,立绘_黍_skin1.png,https://media.prts.wiki/5/52/%E7%AB%8B%E7%BB%98_%E9%BB%8D_skin1.png,炎-岁,方舟干员,6,NM05,重装,守护者,炎-岁,炎,2024-02-01,0011™制造,春日宴
黑,Schwarz,女性,1,立绘_黑_1.png,https://media.prts.wiki/7/7b/%E7%AB%8B%E7%BB%98_%E9%BB%91_1.png,汐斯塔,方舟干员,6,SS02,狙击,重射手,汐斯塔,雷姆必拓,2019-08-27,,
黑,Schwarz,女性,2,立绘_黑_2.png,https://media.prts.wiki/d/db/%E7%AB%8B%E7%BB%98_%E9%BB%91_2.png,汐斯塔,方舟干员,6,SS02,狙击,重射手,汐斯塔,雷姆必拓,2019-08-27,,
黑,Schwarz,女性,skin1,立绘_黑_skin1.png,https://media.prts.wiki/d/d7/%E7%AB%8B%E7%BB%98_%E9%BB%91_skin1.png,汐斯塔,方舟干员,6,SS02,狙击,重射手,汐斯塔,雷姆必拓,2019-08-27,冰原信使,厚礼
黑,Schwarz,女性,skin2,立绘_黑_skin2.png,https://media.prts.wiki/6/6c/%E7%AB%8B%E7%BB%98_%E9%BB%91_skin2.png,汐斯塔,方舟干员,6,SS02,狙击,重射手,汐斯塔,雷姆必拓,2019-08-27,雷神推进者,天际线
黑角,Noir Corne,男性,1,立绘_黑角_1.png,https://media.prts.wiki/d/dc/%E7%AB%8B%E7%BB%98_%E9%BB%91%E8%A7%92_1.png,行动组A4,方舟干员,2,A43,重装,铁卫,行动组A4,东国,2019-04-30,,
黑键,Ebenholz,男性,1,立绘_黑键_1.png,https://media.prts.wiki/8/88/%E7%AB%8B%E7%BB%98_%E9%BB%91%E9%94%AE_1.png,莱塔尼亚,方舟干员,6,LN05,术师,秘术师,莱塔尼亚,莱塔尼亚,2022-06-09,,
黑键,Ebenholz,男性,2,立绘_黑键_2.png,https://media.prts.wiki/e/ef/%E7%AB%8B%E7%BB%98_%E9%BB%91%E9%94%AE_2.png,莱塔尼亚,方舟干员,6,LN05,术师,秘术师,莱塔尼亚,莱塔尼亚,2022-06-09,,
黑键,Ebenholz,男性,skin1,立绘_黑键_skin1.png,https://media.prts.wiki/2/24/%E7%AB%8B%E7%BB%98_%E9%BB%91%E9%94%AE_skin1.png,莱塔尼亚,方舟干员,6,LN05,术师,秘术师,莱塔尼亚,莱塔尼亚,2022-06-09,斗争血脉,变奏
齐尔查克,Chilchuck,男性,1,立绘_齐尔查克_1.png,https://media.prts.wiki/1/16/%E7%AB%8B%E7%BB%98_%E9%BD%90%E5%B0%94%E6%9F%A5%E5%85%8B_1.png,罗德岛,方舟干员,5,DD03,先锋,情报官,莱欧斯小队,东方大陆（自称）,2024-09-02,,
齐尔查克,Chilchuck,男性,2,立绘_齐尔查克_2.png,https://media.prts.wiki/2/27/%E7%AB%8B%E7%BB%98_%E9%BD%90%E5%B0%94%E6%9F%A5%E5%85%8B_2.png,罗德岛,方舟干员,5,DD03,先锋,情报官,莱欧斯小队,东方大陆（自称）,2024-09-02,,
龙舌兰,Tequila,男性,1,立绘_龙舌兰_1.png,https://media.prts.wiki/4/41/%E7%AB%8B%E7%BB%98_%E9%BE%99%E8%88%8C%E5%85%B0_1.png,玻利瓦尔,方舟干员,5,BV12,近卫,解放者,玻利瓦尔,玻利瓦尔,2021-08-03,,
龙舌兰,Tequila,男性,2,立绘_龙舌兰_2.png,https://media.prts.wiki/8/87/%E7%AB%8B%E7%BB%98_%E9%BE%99%E8%88%8C%E5%85%B0_2.png,玻利瓦尔,方舟干员,5,BV12,近卫,解放者,玻利瓦尔,玻利瓦尔,2021-08-03,,
龙舌兰,Tequila,男性,skin1,立绘_龙舌兰_skin1.png,https://media.prts.wiki/8/89/%E7%AB%8B%E7%BB%98_%E9%BE%99%E8%88%8C%E5%85%B0_skin1.png,玻利瓦尔,方舟干员,5,BV12,近卫,解放者,玻利瓦尔,玻利瓦尔,2021-08-03,音律联觉,开牌制胜
龙舌兰,Tequila,男性,skin2,立绘_龙舌兰_skin2.png,https://media.prts.wiki/b/be/%E7%AB%8B%E7%BB%98_%E9%BE%99%E8%88%8C%E5%85%B0_skin2.png,玻利瓦尔,方舟干员,5,BV12,近卫,解放者,玻利瓦尔,玻利瓦尔,2021-08-03,闪耀阶梯,巅峰现场
维伊,Вий,男性,1,,https://media.prts.wiki/1/1a/%E7%AB%8B%E7%BB%98_%E7%BB%B4%E4%BC%8A_1.png,乌萨斯,方舟干员,6,US53,术师,秘术师,乌萨斯,乌萨斯,2026-05-01,,
维伊,Вий,男性,2,,https://media.prts.wiki/4/4b/%E7%AB%8B%E7%BB%98_%E7%BB%B4%E4%BC%8A_2.png,乌萨斯,方舟干员,6,US53,术师,秘术师,乌萨斯,乌萨斯,2026-05-01,,
可露希尔,Closure,女性,1,,https://media.prts.wiki/7/7e/%E7%AB%8B%E7%BB%98_%E5%8F%AF%E9%9C%B2%E5%B8%8C%E5%B0%94_1.png,罗德岛,方舟干员,6,R00A,先锋,战术家,罗德岛,卡兹戴尔,2026-05-01,,
可露希尔,Closure,女性,2,,https://media.prts.wiki/2/21/%E7%AB%8B%E7%BB%98_%E5%8F%AF%E9%9C%B2%E5%B8%8C%E5%B0%94_2.png,罗德岛,方舟干员,6,R00A,先锋,战术家,罗德岛,卡兹戴尔,2026-05-01,,
凯尔希·思衡托,Kal'tsit·Esperanta,女性,1,,https://media.prts.wiki/d/d9/%E7%AB%8B%E7%BB%98_%E5%87%AF%E5%B0%94%E5%B8%8C%C2%B7%E6%80%9D%E8%A1%A1%E6%89%98_1.png,罗德岛,方舟干员,6,R002,医疗,守望者,罗德岛,罗德岛,2026-05-01,,
凯尔希·思衡托,Kal'tsit·Esperanta,女性,2,,https://media.prts.wiki/5/57/%E7%AB%8B%E7%BB%98_%E5%87%AF%E5%B0%94%E5%B8%8C%C2%B7%E6%80%9D%E8%A1%A1%E6%89%98_2.png,罗德岛,方舟干员,6,R002,医疗,守望者,罗德岛,罗德岛,2026-05-01,,
裂响,Crackborne,女性,1,,https://media.prts.wiki/e/e9/%E7%AB%8B%E7%BB%98_%E8%A3%82%E5%93%8D_1.png,乌萨斯,方舟干员,5,US42,重装,本源铁卫,乌萨斯,乌萨斯,2026-05-01,,
裂响,Crackborne,女性,2,,https://media.prts.wiki/8/81/%E7%AB%8B%E7%BB%98_%E8%A3%82%E5%93%8D_2.png,乌萨斯,方舟干员,5,US42,重装,本源铁卫,乌萨斯,乌萨斯,2026-05-01,,
GALLUS²,GALLUS²,其他,1,,https://media.prts.wiki/1/1f/%E7%AB%8B%E7%BB%98_GALLUS%C2%B2_1.png,罗德岛,方舟干员,1,RCX7,术师,中坚术师,罗德岛,泰拉,2026-05-01,,
Castle-3,Castle-3,男,1,立绘_Castle-3_1.png,https://media.prts.wiki/9/95/%E7%AB%8B%E7%BB%98_Castle-3_1.png,罗德岛,方舟干员,0,RCX3,近卫,无畏者,罗德岛,,2019-04-30,,
Castle-3,Castle-3,男,skin1,立绘_Castle-3_skin1.png,https://media.prts.wiki/e/e4/%E7%AB%8B%E7%BB%98_Castle-3_skin1.png,罗德岛,方舟干员,0,RCX3,近卫,无畏者,罗德岛,,2019-04-30,,
Lancet-2,Lancet-2,女,skin1,立绘_Lancet-2_skin1.png,https://media.prts.wiki/2/25/%E7%AB%8B%E7%BB%98_Lancet-2_skin1.png,罗德岛,方舟干员,0,RCX2,医疗,医师,罗德岛,,2019-04-30,,
Mon3tr,Mon3tr,女,skin1,立绘_Mon3tr_skin1.png,https://media.prts.wiki/3/30/%E7%AB%8B%E7%BB%98_Mon3tr_skin1.png,罗德岛,方舟干员,5,R003,医疗,链愈师,罗德岛,罗德岛,2025-04-07,,
新约能天使,Exusiai the New Covenant,女,skin1,立绘_新约能天使_skin1.png,https://media.prts.wiki/e/ed/%E7%AB%8B%E7%BB%98_%E6%96%B0%E7%BA%A6%E8%83%BD%E5%A4%A9%E4%BD%BF_skin1.png,企鹅物流,方舟干员,5,PL08,特种,怪杰,企鹅物流,拉特兰,2025-05-01,,
聆音,Gracebearer,女,skin1,立绘_聆音_skin1.png,https://media.prts.wiki/3/34/%E7%AB%8B%E7%BB%98_%E8%81%86%E9%9F%B3_skin1.png,玻利瓦尔,方舟干员,4,BV27,近卫,本源近卫,玻利瓦尔,玻利瓦尔,2025-05-01,,
诺威尔,Nowell,男,skin1,立绘_诺威尔_skin1.png,https://media.prts.wiki/e/e8/%E7%AB%8B%E7%BB%98_%E8%AF%BA%E5%A8%81%E5%B0%94_skin1.png,维多利亚,方舟干员,4,VC29,医疗,疗养师,维多利亚,维多利亚,2025-02-14,,
遥,Haruka,女,skin1,立绘_遥_skin1.png,https://media.prts.wiki/d/dd/%E7%AB%8B%E7%BB%98_%E9%81%A5_skin1.png,东,方舟干员,5,HK15,辅助,护佑者,东,东国,2025-08-02,,
阿罗玛,Aroma,女,skin1,立绘_阿罗玛_skin1.png,https://media.prts.wiki/c/c2/%E7%AB%8B%E7%BB%98_%E9%98%BF%E7%BD%97%E7%8E%9B_skin1.png,叙拉古,方舟干员,4,SR39,术师,轰击术师,叙拉古,叙拉古,2024-04-11,,
麦哲伦,Magallan,女,skin1,立绘_麦哲伦_skin1.png,https://media.prts.wiki/4/4f/%E7%AB%8B%E7%BB%98_%E9%BA%A6%E5%93%B2%E4%BC%A6_skin1.png,莱茵生命,方舟干员,5,RL06,辅助,召唤师,莱茵生命,哥伦比亚,2019-10-15,,
黍,Shu,女,1,立绘_黍_1.png,https://media.prts.wiki/7/7e/%E7%AB%8B%E7%BB%98_%E9%BB%8D_1.png,炎-岁,方舟干员,5,NM05,重装,守护者,炎-岁,炎,2024-02-01,,
黍,Shu,女,2,立绘_黍_2.png,https://media.prts.wiki/c/cf/%E7%AB%8B%E7%BB%98_%E9%BB%8D_2.png,炎-岁,方舟干员,5,NM05,重装,守护者,炎-岁,炎,2024-02-01,,
